refAA,consensus,conservation,entropy,-,A,D,E,F,G,H,K,L,M,N,P,Q,R,S,T,V,C,I,W,Y,X,POS
V,-,0.335347432024169,3.23122740869855,0.335347432024169,0.123867069486405,0.0392749244712991,0.0483383685800604,0.00302114803625378,0.054380664652568,0.00604229607250755,0.027190332326284,0.0574018126888218,0.00302114803625378,0.0120845921450151,0.0694864048338369,0.00906344410876133,0.00604229607250755,0.0785498489425982,0.0845921450151058,0.0422960725075529,,,,,,1
V,-,0.244712990936556,3.25512245550951,0.244712990936556,0.0332326283987915,0.0241691842900302,0.0876132930513595,,0.0362537764350453,,0.241691842900302,,0.00906344410876133,0.0755287009063444,0.0392749244712991,0.00604229607250755,0.00906344410876133,0.0604229607250755,0.0664652567975831,0.0392749244712991,0.00302114803625378,0.0211480362537764,0.00302114803625378,,,2
I,K,0.277945619335347,3.40792893767115,0.151057401812689,0.0453172205438067,0.0120845921450151,0.0241691842900302,,0.0392749244712991,0.00302114803625378,0.277945619335347,0.0151057401812689,0.00302114803625378,0.0422960725075529,0.0906344410876133,0.0211480362537764,0.0392749244712991,0.0725075528700906,0.0725075528700906,0.0151057401812689,0.00302114803625378,0.0725075528700906,,,,3
T,S,0.29607250755287,3.25255545869903,0.123867069486405,0.0422960725075529,0.00604229607250755,0.0181268882175227,0.00302114803625378,0.0332326283987915,,0.027190332326284,0.138972809667674,0.00604229607250755,0.0120845921450151,0.0906344410876133,0.00906344410876133,0.027190332326284,0.29607250755287,0.114803625377644,0.0332326283987915,0.00604229607250755,0.00906344410876133,,0.00302114803625378,,4
Y,Y,0.513595166163142,2.83387832868023,0.0634441087613293,0.0332326283987915,0.0211480362537764,0.0181268882175227,0.0634441087613293,0.0151057401812689,0.0694864048338369,0.00604229607250755,0.0362537764350453,0.00302114803625378,0.0181268882175227,0.0574018126888218,0.00604229607250755,0.0151057401812689,0.027190332326284,0.00302114803625378,0.00906344410876133,0.0151057401812689,0.00302114803625378,0.00302114803625378,0.513595166163142,,5
G,G,0.664652567975831,2.01973940648529,0.0302114803625378,0.0755287009063444,0.0151057401812689,0.00604229607250755,0.00604229607250755,0.664652567975831,0.0211480362537764,0.0483383685800604,,,,0.0241691842900302,0.0181268882175227,0.0181268882175227,0.054380664652568,0.0151057401812689,0.00302114803625378,,,,,,6
D,E,0.226586102719033,3.28382546136443,0.0302114803625378,0.120845921450151,0.172205438066465,0.226586102719033,,0.0332326283987915,0.0151057401812689,0.0876132930513595,0.00302114803625378,0.00302114803625378,0.0151057401812689,0.0392749244712991,0.120845921450151,0.0241691842900302,0.0876132930513595,0.0120845921450151,0.00604229607250755,,0.00302114803625378,,,,7
E,E,0.637462235649547,2.10269329374425,0.0302114803625378,0.027190332326284,0.129909365558912,0.637462235649547,,0.0332326283987915,0.00906344410876133,0.0151057401812689,0.00906344410876133,,0.00604229607250755,0.0120845921450151,0.00604229607250755,0.0120845921450151,0.0422960725075529,0.0120845921450151,0.0120845921450151,,0.00604229607250755,,,,8
V,V,0.6797583081571,1.85478278492661,0.0302114803625378,0.102719033232628,0.00604229607250755,,0.0453172205438067,0.00604229607250755,,0.0120845921450151,0.054380664652568,0.00604229607250755,,0.00302114803625378,0.00604229607250755,0.00302114803625378,,0.00302114803625378,0.6797583081571,0.00906344410876133,0.0332326283987915,,,,9
V,V,0.758308157099698,1.24901555894174,0.027190332326284,0.00302114803625378,,0.00906344410876133,,,,,0.081570996978852,,,,,,0.00604229607250755,0.00302114803625378,0.758308157099698,,0.11178247734139,,,,10
G,G,0.637462235649547,1.79964584219962,0.0211480362537764,0.00604229607250755,0.114803625377644,0.0694864048338369,,0.637462235649547,,,0.00302114803625378,,0.102719033232628,,,0.0362537764350453,0.00906344410876133,,,,,,,,11
K,K,0.510574018126888,1.62213783597418,0.0211480362537764,,0.00604229607250755,0.00604229607250755,,,,0.510574018126888,0.0120845921450151,0.00604229607250755,,,0.0120845921450151,0.398791540785499,0.00906344410876133,0.00906344410876133,,0.00302114803625378,,0.00604229607250755,,,12
Q,R,0.818731117824773,1.15527337294372,0.0181268882175227,0.0120845921450151,,0.00906344410876133,,0.00906344410876133,,0.0422960725075529,,,,,0.0664652567975831,0.818731117824773,0.00604229607250755,0.00302114803625378,,0.0151057401812689,,,,,13
V,I,0.531722054380665,1.57759911651842,0.0181268882175227,,,,,,,,0.166163141993958,,,,,,,,0.277945619335347,0.00604229607250755,0.531722054380665,,,,14
R,R,0.513595166163142,1.72441982282961,0.0181268882175227,0.0120845921450151,0.00302114803625378,0.027190332326284,,0.00302114803625378,0.00302114803625378,0.368580060422961,,,0.00906344410876133,,0.00906344410876133,0.513595166163142,0.0302114803625378,0.00302114803625378,,,,,,,15
V,V,0.909365558912387,0.509621146540194,0.0211480362537764,,,,,,,,,,,,,,,,0.909365558912387,,0.0694864048338369,,,,16
Y,Y,0.755287009063444,1.17136306507837,0.0181268882175227,,,,0.169184290030212,,0.00906344410876133,,0.0120845921450151,,,,,,,,0.00302114803625378,,,0.0332326283987915,0.755287009063444,,17
W,W,0.969788519637462,0.242912058255598,0.0181268882175227,,,,0.00302114803625378,,,,,,,,,,0.00302114803625378,,,,,0.969788519637462,0.00604229607250755,,18
P,P,0.927492447129909,0.587190668107604,0.00906344410876133,0.0181268882175227,,0.00604229607250755,0.00302114803625378,0.00604229607250755,,0.0151057401812689,,,,0.927492447129909,,0.00604229607250755,0.00302114803625378,,0.00604229607250755,,,,,,19
L,L,0.785498489425982,1.46056342973503,0.00604229607250755,0.0332326283987915,0.0574018126888218,0.00604229607250755,0.00302114803625378,0.00906344410876133,,0.0241691842900302,0.785498489425982,0.0211480362537764,0.00302114803625378,,0.00906344410876133,0.00302114803625378,0.0120845921450151,0.00604229607250755,0.00302114803625378,,0.0181268882175227,,,,20
-,-,0.993957703927492,0.0592689730945456,0.993957703927492,0.00302114803625378,,,,,,,,,,,,,0.00302114803625378,,,,,,,,21
D,D,0.95166163141994,0.327315074094749,,,0.95166163141994,0.0392749244712991,,,0.00302114803625378,,,0.00302114803625378,,,,0.00302114803625378,,,,,,,,,22
K,K,0.634441087613293,1.95086974024348,,0.0151057401812689,0.11178247734139,0.0513595166163142,,0.0302114803625378,0.00302114803625378,0.634441087613293,,,0.0453172205438067,,0.0604229607250755,0.0392749244712991,0.00906344410876133,,,,,,,,23
K,A,0.362537764350453,2.88400222932662,0.00302114803625378,0.362537764350453,0.00604229607250755,0.0422960725075529,,0.00302114803625378,,0.0936555891238671,,0.00302114803625378,0.027190332326284,,0.0151057401812689,0.0241691842900302,0.202416918429003,0.102719033232628,0.0302114803625378,0.0453172205438067,0.0362537764350453,,0.00302114803625378,,24
W,W,0.942598187311178,0.401182584683293,0.00906344410876133,,,,0.00302114803625378,,,,0.00302114803625378,,,,,,0.00302114803625378,,,,,0.942598187311178,0.0392749244712991,,25
Y,Y,0.942598187311178,0.395140288610785,0.00906344410876133,,0.00604229607250755,,0.0392749244712991,,,,,,0.00302114803625378,,,,,,,,,,0.942598187311178,,26
D,E,0.61631419939577,2.13361147992307,0.00906344410876133,0.054380664652568,0.13595166163142,0.61631419939577,0.00604229607250755,0.0181268882175227,0.00906344410876133,0.0332326283987915,,,0.00302114803625378,0.0181268882175227,0.0302114803625378,0.00302114803625378,0.0120845921450151,0.0422960725075529,0.00604229607250755,,,0.00302114803625378,,,27
G,G,0.957703927492447,0.329244382622235,0.00906344410876133,0.0151057401812689,0.00302114803625378,,,0.957703927492447,,,,,,,,,,,,0.0151057401812689,,,,,28
S,C,0.250755287009063,3.44091234170913,0.00604229607250755,0.00604229607250755,0.0151057401812689,0.00906344410876133,0.0362537764350453,0.00302114803625378,0.0241691842900302,0.0392749244712991,0.0513595166163142,0.0120845921450151,0.00906344410876133,,0.027190332326284,0.129909365558912,0.16012084592145,0.0755287009063444,0.0845921450151058,0.250755287009063,0.00906344410876133,0.00302114803625378,0.0483383685800604,,29
V,V,0.88821752265861,0.57863702819477,0.00604229607250755,,,,,,,,0.00302114803625378,0.00302114803625378,,,,,,,0.88821752265861,,0.0996978851963746,,,,30
T,K,0.595166163141994,2.273221551625,0.00604229607250755,0.0513595166163142,0.0302114803625378,0.0483383685800604,,0.0181268882175227,,0.595166163141994,,0.00906344410876133,0.00604229607250755,,0.0120845921450151,0.0392749244712991,0.0241691842900302,0.117824773413897,0.0181268882175227,,0.0241691842900302,,,,31
F,S,0.658610271903323,2.04554226321474,0.00302114803625378,0.11178247734139,0.0211480362537764,0.027190332326284,0.0332326283987915,0.0302114803625378,0.00604229607250755,0.0181268882175227,0.027190332326284,0.0181268882175227,0.00302114803625378,,0.0211480362537764,0.00906344410876133,0.658610271903323,,0.00302114803625378,0.00604229607250755,,,0.00302114803625378,,32
-,-,0.996978851963746,0.029641090489637,0.996978851963746,,,,,,,,,,,,,,,0.00302114803625378,,,,,,,33
-,-,0.996978851963746,0.029641090489637,0.996978851963746,,,,,,,,,,,,,,0.00302114803625378,,,,,,,,34
-,-,0.996978851963746,0.029641090489637,0.996978851963746,,,,,,,,0.00302114803625378,,,,,,,,,,,,,,35
-,-,0.996978851963746,0.029641090489637,0.996978851963746,,,,,,,,,,,,0.00302114803625378,,,,,,,,,,36
-,-,0.996978851963746,0.029641090489637,0.996978851963746,,,,,,,,,,,,,0.00302114803625378,,,,,,,,,37
-,-,0.996978851963746,0.029641090489637,0.996978851963746,,,,,,,,,,,,0.00302114803625378,,,,,,,,,,38
-,-,0.996978851963746,0.029641090489637,0.996978851963746,,,,,,,,,,,0.00302114803625378,,,,,,,,,,,39
-,-,0.996978851963746,0.029641090489637,0.996978851963746,,,,,,,,,,,,,,,,,0.00302114803625378,,,,,40
-,-,0.996978851963746,0.029641090489637,0.996978851963746,0.00302114803625378,,,,,,,,,,,,,,,,,,,,,41
-,-,0.996978851963746,0.029641090489637,0.996978851963746,,,,,,,,,,,,0.00302114803625378,,,,,,,,,,42
-,-,0.996978851963746,0.029641090489637,0.996978851963746,,,,,,,,,,,0.00302114803625378,,,,,,,,,,,43
-,-,0.996978851963746,0.029641090489637,0.996978851963746,,,,,,,,,,,,,,,,,0.00302114803625378,,,,,44
-,-,0.996978851963746,0.029641090489637,0.996978851963746,0.00302114803625378,,,,,,,,,,,,,,,,,,,,,45
-,-,0.996978851963746,0.029641090489637,0.996978851963746,,,0.00302114803625378,,,,,,,,,,,,,,,,,,,46
-,-,0.996978851963746,0.029641090489637,0.996978851963746,0.00302114803625378,,,,,,,,,,,,,,,,,,,,,47
-,-,0.996978851963746,0.029641090489637,0.996978851963746,,,,,0.00302114803625378,,,,,,,,,,,,,,,,,48
-,-,0.996978851963746,0.029641090489637,0.996978851963746,,,,,,,,,,,,0.00302114803625378,,,,,,,,,,49
-,-,0.996978851963746,0.029641090489637,0.996978851963746,,,,,,,,,,,,0.00302114803625378,,,,,,,,,,50
-,-,0.996978851963746,0.029641090489637,0.996978851963746,0.00302114803625378,,,,,,,,,,,,,,,,,,,,,51
-,-,0.996978851963746,0.029641090489637,0.996978851963746,,,,,,,,,,,,,,,,,,,0.00302114803625378,,,52
-,-,0.996978851963746,0.029641090489637,0.996978851963746,,,,,,,,,,,,,,0.00302114803625378,,,,,,,,53
-,-,0.996978851963746,0.029641090489637,0.996978851963746,,,,,0.00302114803625378,,,,,,,,,,,,,,,,,54
-,-,0.996978851963746,0.029641090489637,0.996978851963746,0.00302114803625378,,,,,,,,,,,,,,,,,,,,,55
-,-,0.996978851963746,0.029641090489637,0.996978851963746,,,,,,,,,,,,,,0.00302114803625378,,,,,,,,56
-,-,0.996978851963746,0.029641090489637,0.996978851963746,,,,,0.00302114803625378,,,,,,,,,,,,,,,,,57
-,-,0.996978851963746,0.029641090489637,0.996978851963746,,,,,,,,,,,,,0.00302114803625378,,,,,,,,,58
-,-,0.993957703927492,0.0592689730945456,0.993957703927492,,,,,,,,,,,,0.00302114803625378,0.00302114803625378,,,,,,,,,59
-,-,0.993957703927492,0.0592689730945456,0.993957703927492,0.00302114803625378,,,,0.00302114803625378,,,,,,,,,,,,,,,,,60
-,-,0.993957703927492,0.0592689730945456,0.993957703927492,,,,,,,,,,,0.00302114803625378,,0.00302114803625378,,,,,,,,,61
-,-,0.990936555891239,0.0888836076690563,0.990936555891239,,,,,,,0.00302114803625378,,,,,,0.00302114803625378,0.00302114803625378,,,,,,,,62
-,-,0.987915407854985,0.118484953822707,0.987915407854985,,0.00302114803625378,,,,,0.00302114803625378,,,,,,,,,,0.00302114803625378,,,0.00302114803625378,,63
Y,F,0.589123867069486,1.52028294962606,0.00906344410876133,0.00906344410876133,,0.00302114803625378,0.589123867069486,,0.00906344410876133,0.00302114803625378,0.0151057401812689,,,,0.00302114803625378,0.00302114803625378,0.00302114803625378,,0.00604229607250755,0.00302114803625378,0.00604229607250755,0.00302114803625378,0.335347432024169,,64
D,D,0.773413897280967,1.43523946611449,0.0211480362537764,,0.773413897280967,0.0302114803625378,,,0.0211480362537764,0.00906344410876133,0.00302114803625378,,0.081570996978852,,0.00906344410876133,0.00604229607250755,0.0302114803625378,0.00604229607250755,,0.00302114803625378,0.00302114803625378,,0.00302114803625378,,65
-,-,0.981873111782477,0.142573175547165,0.981873111782477,,,0.00302114803625378,,0.0151057401812689,,,,,,,,,,,,,,,,,66
K,K,0.444108761329305,2.64329883496968,0.0332326283987915,0.120845921450151,0.054380664652568,0.154078549848943,,0.027190332326284,,0.444108761329305,,0.00604229607250755,0.0151057401812689,0.0151057401812689,,0.0241691842900302,0.081570996978852,0.0120845921450151,0.0120845921450151,,,,,,67
-,-,0.996978851963746,0.029641090489637,0.996978851963746,,,,,,,0.00302114803625378,,,,,,,,,,,,,,,68
-,-,0.996978851963746,0.029641090489637,0.996978851963746,,,,,,,,,,,,,,,,,,,,0.00302114803625378,,69
-,-,0.996978851963746,0.029641090489637,0.996978851963746,,,,,,,,,,0.00302114803625378,,,,,,,,,,,,70
-,-,0.996978851963746,0.029641090489637,0.996978851963746,,,,,0.00302114803625378,,,,,,,,,,,,,,,,,71
G,G,0.148036253776435,3.61260243430297,0.0302114803625378,0.102719033232628,0.0664652567975831,0.120845921450151,,0.148036253776435,0.0120845921450151,0.0483383685800604,0.0876132930513595,,0.0211480362537764,0.00302114803625378,0.0181268882175227,0.0151057401812689,0.108761329305136,0.027190332326284,0.108761329305136,0.00302114803625378,0.0785498489425982,,,,72
E,S,0.513595166163142,2.56528301493138,0.027190332326284,0.0392749244712991,0.0211480362537764,0.0845921450151058,,0.027190332326284,0.00302114803625378,0.0181268882175227,0.0181268882175227,,0.027190332326284,,0.0151057401812689,0.0120845921450151,0.513595166163142,0.151057401812689,0.0120845921450151,0.0302114803625378,,,,,73
G,G,0.65558912386707,1.97068279323649,0.00906344410876133,0.00906344410876133,0.00604229607250755,0.00604229607250755,,0.65558912386707,0.00906344410876133,0.0362537764350453,,,0.0694864048338369,0.00604229607250755,0.00604229607250755,0.0634441087613293,0.0845921450151058,0.00906344410876133,,0.0302114803625378,,,,,74
K,K,0.788519637462236,1.29621174991379,0.00604229607250755,0.00302114803625378,0.00302114803625378,0.0483383685800604,,,,0.788519637462236,0.00604229607250755,0.00302114803625378,0.00906344410876133,,0.00302114803625378,0.0906344410876133,0.00906344410876133,0.0211480362537764,0.00604229607250755,,0.00302114803625378,,,,75
H,H,0.933534743202417,0.557555267444855,0.0120845921450151,,,,0.00906344410876133,,0.933534743202417,,,,0.00302114803625378,,,0.00604229607250755,,0.00906344410876133,0.00604229607250755,0.00604229607250755,,0.00604229607250755,0.00906344410876133,,76
V,L,0.586102719033233,2.2828503415972,0.00604229607250755,0.0120845921450151,,0.0211480362537764,0.00604229607250755,0.00604229607250755,0.0151057401812689,0.0120845921450151,0.586102719033233,0.0392749244712991,,,0.00604229607250755,0.0966767371601208,0.0302114803625378,0.0302114803625378,0.117824773413897,0.00906344410876133,0.00302114803625378,0.00302114803625378,,,77
-,-,0.984894259818731,0.135988378772984,0.984894259818731,0.00604229607250755,,,,,,,,,,,,,,,0.00604229607250755,,,,0.00302114803625378,,78
-,-,0.981873111782477,0.171605321995615,0.981873111782477,,,0.00302114803625378,,,,,,,,,0.00302114803625378,0.00302114803625378,,0.00302114803625378,,,,,0.00604229607250755,,79
V,V,0.700906344410876,0.981147133606438,0.00906344410876133,,,,,,,,0.00604229607250755,,,,,,,,0.700906344410876,,0.283987915407855,,,,80
E,Q,0.441087613293051,2.59921222978893,0.00906344410876133,0.0302114803625378,0.00604229607250755,0.138972809667674,,,0.0302114803625378,0.102719033232628,0.11178247734139,,,,0.441087613293051,0.081570996978852,,0.0120845921450151,0.0211480362537764,0.0151057401812689,,,,,81
Y,Y,0.987915407854985,0.104119734782938,0.00906344410876133,,,,0.00302114803625378,,,,,,,,,,,,,,,,0.987915407854985,,82
-,-,0.996978851963746,0.029641090489637,0.996978851963746,,,,0.00302114803625378,,,,,,,,,,,,,,,,,,83
E,D,0.830815709969789,0.884288028342001,0.00906344410876133,0.00906344410876133,0.830815709969789,0.129909365558912,,0.00302114803625378,,,0.00906344410876133,,,0.00604229607250755,0.00302114803625378,,,,,,,,,,84
D,D,0.984894259818731,0.127665455805723,0.00906344410876133,,0.984894259818731,,,0.00604229607250755,,,,,,,,,,,,,,,,,85
G,G,0.468277945619335,2.09214307279513,0.00604229607250755,0.290030211480363,0.102719033232628,0.0181268882175227,0.0211480362537764,0.468277945619335,,,0.00302114803625378,,0.00302114803625378,,,0.00302114803625378,0.0664652567975831,,,0.0120845921450151,,,0.00604229607250755,,86
E,E,0.72809667673716,1.08005182336513,0.00604229607250755,,0.232628398791541,0.72809667673716,,,,,,,0.00302114803625378,,0.0211480362537764,,0.00302114803625378,0.00604229607250755,,,,,,,87
E,E,0.848942598187311,1.05950529774627,0.00604229607250755,0.00302114803625378,0.0332326283987915,0.848942598187311,,,,0.0211480362537764,,,0.00302114803625378,,0.00302114803625378,0.00604229607250755,0.0211480362537764,0.0211480362537764,0.0302114803625378,,,,0.00302114803625378,,88
E,E,0.972809667673716,0.225174188597721,0.0151057401812689,,0.00302114803625378,0.972809667673716,,0.00302114803625378,,,,,,,0.00604229607250755,,,,,,,,,,89
S,L,0.199395770392749,3.50412221421471,0.0181268882175227,0.0604229607250755,0.0151057401812689,0.11178247734139,0.0241691842900302,0.00302114803625378,0.00604229607250755,0.0120845921450151,0.199395770392749,0.117824773413897,0.00906344410876133,,0.0241691842900302,0.0211480362537764,0.178247734138973,0.0332326283987915,0.0664652567975831,0.00302114803625378,0.0151057401812689,0.0785498489425982,,0.00302114803625378,90
L,L,0.673716012084592,1.33805848017886,0.0181268882175227,,,,,,,,0.673716012084592,,,,,,,0.00302114803625378,0.172205438066465,,0.132930513595166,,,,91
D,D,0.731117824773414,1.66768954022381,0.027190332326284,0.00604229607250755,0.731117824773414,0.0453172205438067,,,,0.00302114803625378,0.00604229607250755,,0.081570996978852,,0.00302114803625378,0.0120845921450151,0.00604229607250755,0.0120845921450151,0.0422960725075529,0.00604229607250755,0.00906344410876133,,0.00906344410876133,,92
L,L,0.906344410876133,0.650269427768252,0.0241691842900302,,,,0.00906344410876133,,,,0.906344410876133,0.00302114803625378,,,,,,0.00302114803625378,0.00906344410876133,0.00302114803625378,0.0422960725075529,,,,93
G,G,0.308157099697885,2.78342025015764,0.0241691842900302,0.18429003021148,0.00906344410876133,0.0996978851963746,,0.308157099697885,,0.0302114803625378,0.0181268882175227,,0.00906344410876133,0.00302114803625378,0.00906344410876133,0.0211480362537764,0.235649546827795,0.0211480362537764,0.0241691842900302,,0.00302114803625378,,,,94
K,K,0.552870090634441,2.49356048015309,0.0241691842900302,0.027190332326284,0.027190332326284,0.0966767371601208,,0.0120845921450151,,0.552870090634441,0.00302114803625378,0.00604229607250755,0.0845921450151058,,0.0332326283987915,0.0422960725075529,0.0302114803625378,0.0392749244712991,0.0151057401812689,,0.00302114803625378,,,0.00302114803625378,95
E,E,0.936555891238671,0.508592382223601,0.0241691842900302,0.00604229607250755,0.00906344410876133,0.936555891238671,,,0.00302114803625378,0.00604229607250755,,,,,0.00604229607250755,0.00302114803625378,,0.00604229607250755,,,,,,,96
K,K,0.809667673716012,1.04948473976378,0.0302114803625378,,0.00906344410876133,0.00604229607250755,,,,0.809667673716012,,,0.00604229607250755,,0.00302114803625378,0.120845921450151,0.00604229607250755,0.00906344410876133,,,,,,,97
T,I,0.601208459214502,1.89483887830084,0.0392749244712991,0.00302114803625378,,,0.175226586102719,,0.0181268882175227,,0.0120845921450151,,,,,,,0.00906344410876133,0.0996978851963746,,0.601208459214502,0.0120845921450151,0.0302114803625378,,98
E,E,0.821752265861027,1.18121138177195,0.0362537764350453,0.00604229607250755,0.00906344410876133,0.821752265861027,,,0.00302114803625378,0.027190332326284,0.00302114803625378,0.00302114803625378,,,0.0362537764350453,0.0453172205438067,,0.00302114803625378,0.00302114803625378,,0.00302114803625378,,,,99
W,W,0.794561933534743,1.17626369943704,0.0392749244712991,,,,0.027190332326284,,,,0.102719033232628,0.00302114803625378,,,,0.00302114803625378,0.00302114803625378,0.00302114803625378,0.0181268882175227,,0.00604229607250755,0.794561933534743,,,100
V,V,0.468277945619335,2.38463050432167,0.0574018126888218,0.0755287009063444,0.00906344410876133,0.00302114803625378,0.00302114803625378,0.00906344410876133,,0.00604229607250755,0.178247734138973,0.00604229607250755,,0.0120845921450151,,0.00604229607250755,0.00604229607250755,0.00302114803625378,0.468277945619335,0.00604229607250755,0.151057401812689,,,,101
-,-,0.996978851963746,0.029641090489637,0.996978851963746,,,,,,,,,,,,,,0.00302114803625378,,,,,,,,102
-,-,0.990936555891239,0.0828413115965487,0.990936555891239,,,,,0.00302114803625378,,,,,,,,,,,0.00604229607250755,,,,,,103
-,-,0.95166163141994,0.327315074094749,0.95166163141994,,0.00302114803625378,,0.00302114803625378,,,,,,,,,,,,0.0392749244712991,,0.00302114803625378,,,,104
V,E,0.438066465256798,2.88776699548694,0.0604229607250755,0.0634441087613293,0.0422960725075529,0.438066465256798,,0.0332326283987915,0.0120845921450151,0.0725075528700906,,0.00302114803625378,0.0211480362537764,0.0241691842900302,0.126888217522659,0.0181268882175227,0.0151057401812689,0.00604229607250755,0.0604229607250755,0.00302114803625378,,,,,105
G,E,0.43202416918429,2.77924889105866,0.081570996978852,0.0785498489425982,0.0996978851963746,0.43202416918429,,0.129909365558912,,0.0151057401812689,0.00302114803625378,,0.00604229607250755,0.0453172205438067,0.027190332326284,0.00906344410876133,0.00604229607250755,0.0362537764350453,0.0241691842900302,0.00604229607250755,,,,,106
E,E,0.181268882175227,3.51308230860718,0.0785498489425982,0.0483383685800604,0.0241691842900302,0.181268882175227,,0.0513595166163142,0.00604229607250755,0.0211480362537764,0.00906344410876133,,0.0453172205438067,0.108761329305136,0.0332326283987915,0.00906344410876133,0.181268882175227,0.120845921450151,0.0483383685800604,0.027190332326284,0.00302114803625378,,0.00302114803625378,,107
K,V,0.229607250755287,3.35576058799635,0.129909365558912,0.126888217522659,0.00604229607250755,0.0694864048338369,0.00302114803625378,0.0362537764350453,0.00604229607250755,0.081570996978852,0.027190332326284,,0.00302114803625378,0.0513595166163142,0.0211480362537764,0.0120845921450151,0.102719033232628,0.0906344410876133,0.229607250755287,,0.00302114803625378,,,,108
S,K,0.223564954682779,3.26034322661265,0.193353474320242,0.027190332326284,0.00302114803625378,0.0362537764350453,0.00604229607250755,0.0694864048338369,,0.223564954682779,0.00906344410876133,,0.0120845921450151,0.0694864048338369,0.00906344410876133,0.11178247734139,0.114803625377644,0.0453172205438067,0.0664652567975831,0.00302114803625378,,,,,109
G,-,0.827794561933535,1.11242849540551,0.827794561933535,,0.00604229607250755,,,0.0725075528700906,,0.0151057401812689,,,,0.0120845921450151,0.00302114803625378,0.0241691842900302,0.00906344410876133,0.0151057401812689,0.0151057401812689,,,,,,110
D,-,0.818731117824773,1.25370753661348,0.818731117824773,0.0120845921450151,0.0302114803625378,0.00302114803625378,0.0211480362537764,,,0.0211480362537764,,,0.00906344410876133,0.0362537764350453,0.00302114803625378,0.00604229607250755,0.0181268882175227,,0.0211480362537764,,,,,,111
R,-,0.88821752265861,0.811492245982838,0.88821752265861,0.00906344410876133,0.00302114803625378,,0.00604229607250755,0.00604229607250755,,,0.027190332326284,,,0.00604229607250755,0.00604229607250755,0.0392749244712991,0.00302114803625378,,0.00604229607250755,,,,,,112
