refAA,consensus,conservation,entropy,-,K,D,A,C,E,F,G,H,I,L,M,N,P,Q,R,S,T,V,W,Y,X,POS
,-,0.998724489795918,0.0141026586829572,0.998724489795918,0.00127551020408163,,,,,,,,,,,,,,,,,,,,,1
,-,0.998724489795918,0.0141026586829572,0.998724489795918,,0.00127551020408163,,,,,,,,,,,,,,,,,,,,2
,-,0.593112244897959,2.30910522903739,0.593112244897959,0.0854591836734694,0.0114795918367347,0.116071428571429,0.0127551020408163,0.014030612244898,0.00127551020408163,0.0191326530612245,0.00127551020408163,0.00255102040816327,0.0076530612244898,0.00127551020408163,0.00637755102040816,0.0178571428571429,0.00255102040816327,0.0204081632653061,0.0153061224489796,0.0420918367346939,0.0267857142857143,0.00127551020408163,0.00127551020408163,,3
,-,0.498724489795918,2.77814065176932,0.498724489795918,0.076530612244898,0.0318877551020408,0.0790816326530612,0.00255102040816327,0.0650510204081633,0.00510204081632653,0.0153061224489796,0.0038265306122449,0.00127551020408163,0.0153061224489796,0.00127551020408163,0.014030612244898,0.0433673469387755,0.0267857142857143,0.0076530612244898,0.0191326530612245,0.0229591836734694,0.0688775510204082,0.00127551020408163,,,4
,-,0.442602040816327,2.94206610511877,0.442602040816327,0.0191326530612245,0.0229591836734694,0.038265306122449,0.0127551020408163,0.0561224489795918,0.0038265306122449,0.014030612244898,0.0102040816326531,0.0038265306122449,0.0216836734693878,,0.014030612244898,0.128826530612245,0.0306122448979592,0.0318877551020408,0.116071428571429,0.0165816326530612,0.0102040816326531,0.00255102040816327,0.0038265306122449,,5
,S,0.510204081632653,2.60546222593605,0.177295918367347,0.0178571428571429,0.0280612244897959,0.0548469387755102,0.0127551020408163,0.0267857142857143,,0.0331632653061225,0.00255102040816327,0.00510204081632653,0.0165816326530612,0.00255102040816327,0.0191326530612245,0.0446428571428571,0.0038265306122449,0.0153061224489796,0.510204081632653,0.0165816326530612,0.00892857142857143,0.00127551020408163,0.00255102040816327,,6
,V,0.299744897959184,2.93955184412844,0.154336734693878,0.014030612244898,0.0127551020408163,0.0293367346938776,0.00510204081632653,0.0153061224489796,0.00255102040816327,0.0127551020408163,0.0038265306122449,0.0204081632653061,0.0038265306122449,0.00127551020408163,0.0255102040816327,0.0688775510204082,0.0280612244897959,0.0076530612244898,0.266581632653061,0.0255102040816327,0.299744897959184,,0.00255102040816327,,7
,S,0.54719387755102,2.35523730696591,0.151785714285714,0.0191326530612245,0.0127551020408163,0.0280612244897959,0.0038265306122449,0.00892857142857143,0.0127551020408163,0.0165816326530612,0.00255102040816327,,0.0102040816326531,0.0038265306122449,0.00510204081632653,0.0510204081632653,0.0076530612244898,0.00127551020408163,0.54719387755102,0.107142857142857,0.00892857142857143,,0.00127551020408163,,8
,C,0.6875,1.7662017330384,0.135204081632653,0.0102040816326531,,0.00255102040816327,0.6875,0.0102040816326531,0.024234693877551,0.00637755102040816,0.0038265306122449,0.00510204081632653,0.00892857142857143,,0.0204081632653061,0.00892857142857143,0.00637755102040816,0.00255102040816327,0.0625,0.00255102040816327,0.00127551020408163,,0.00127551020408163,,9
,E,0.298469387755102,3.02517663631427,0.116071428571429,0.0191326530612245,0.237244897959184,0.0178571428571429,,0.298469387755102,,0.0267857142857143,,0.0127551020408163,0.0204081632653061,0.0102040816326531,0.00510204081632653,0.0841836734693878,0.0191326530612245,0.0038265306122449,0.0676020408163265,0.0471938775510204,0.014030612244898,,,,10
,F,0.51530612244898,1.80640987568213,0.0956632653061224,,,,0.0038265306122449,0.00127551020408163,0.51530612244898,0.00127551020408163,0.00510204081632653,0.0165816326530612,0.0280612244897959,,,0.0038265306122449,0.00127551020408163,,0.0038265306122449,,0.0076530612244898,,0.316326530612245,,11
,S,0.641581632653061,2.11425006214431,0.0931122448979592,0.038265306122449,0.00255102040816327,0.024234693877551,0.00127551020408163,0.0267857142857143,,0.0102040816326531,0.0191326530612245,,0.0076530612244898,,0.0535714285714286,0.00255102040816327,0.0204081632653061,0.0076530612244898,0.641581632653061,0.0420918367346939,0.00892857142857143,,,,12
,P,0.544642857142857,1.94502752403328,0.0918367346938776,,,0.25,0.00127551020408163,0.0191326530612245,,0.0076530612244898,,0.00510204081632653,0.0446428571428571,,,0.544642857142857,0.0038265306122449,0.0038265306122449,0.00510204081632653,0.00255102040816327,0.0204081632653061,,,,13
,G,0.841836734693878,0.97442382099351,0.0905612244897959,0.0038265306122449,,,0.014030612244898,,0.00510204081632653,0.841836734693878,0.00637755102040816,,0.00892857142857143,0.0038265306122449,,,,,0.00127551020408163,,,0.0038265306122449,0.0204081632653061,,14
,D,0.654336734693878,1.65367773018727,0.0892857142857143,,0.654336734693878,0.17219387755102,0.00127551020408163,0.0076530612244898,,0.0114795918367347,0.00127551020408163,,,,0.00255102040816327,,0.00127551020408163,,0.0280612244897959,0.0255102040816327,0.00510204081632653,,,,15
,L,0.8125,1.02980532151603,0.0854591836734694,,,,,,,,,0.0408163265306122,0.8125,0.0076530612244898,,0.00255102040816327,,,,,0.0510204081632653,,,,16
,V,0.881377551020408,0.699434902970058,0.0854591836734694,,,0.00637755102040816,,,,,,0.0102040816326531,0.00892857142857143,0.00255102040816327,,,,,,0.00510204081632653,0.881377551020408,,,,17
,W,0.913265306122449,0.435066894776078,0.0854591836734694,,,,,,,,,,0.00127551020408163,,,,,,,,,0.913265306122449,,,18
,A,0.838010204081633,0.933254782062722,0.0854591836734694,,,0.838010204081633,0.00255102040816327,,,0.0204081632653061,,,,,,,,,0.0267857142857143,0.0267857142857143,,,,,19
,K,0.897959183673469,0.54725144451064,0.0854591836734694,0.897959183673469,,,,,,,,,0.00127551020408163,,,,,0.0153061224489796,,,,,,,20
,M,0.623724489795918,1.02156838277419,0.0076530612244898,,,,,,0.00127551020408163,,,,0.36734693877551,0.623724489795918,,,,,,,,,,,21
,E,0.928571428571429,0.538817348157125,0.00637755102040816,,0.0357142857142857,0.0102040816326531,,0.928571428571429,,,0.00127551020408163,,0.00127551020408163,,,0.00637755102040816,0.00255102040816327,,0.00510204081632653,0.00255102040816327,,,,,22
,G,0.987244897959184,0.120047345094323,0.00637755102040816,,,,,,,0.987244897959184,,,,,,0.00127551020408163,,,0.0038265306122449,0.00127551020408163,,,,,23
,Y,0.696428571428571,1.04926247181421,0.00637755102040816,,,,,,0.0204081632653061,,0.275510204081633,,,,,0.00127551020408163,,,,,,,0.696428571428571,,24
,P,0.99234693877551,0.0697724246334555,0.00637755102040816,,,,,,,,,,,,,0.99234693877551,,0.00127551020408163,,,,,,,25
,W,0.978316326530612,0.189345548702466,0.00637755102040816,,,,,,0.00510204081632653,,,,,,,,,,0.00127551020408163,,,0.978316326530612,0.00892857142857143,,26
,W,0.99234693877551,0.0647977632432896,0.0076530612244898,,,,,,,,,,,,,,,,,,,0.99234693877551,,,27
,P,0.989795918367347,0.0904213995469199,0.0076530612244898,,,0.00255102040816327,,,,,,,,,,0.989795918367347,,,,,,,,,28
,C,0.835459183673469,0.856295546307019,0.0076530612244898,,,0.0229591836734694,0.835459183673469,,,0.0165816326530612,,,,,,,,,0.11734693877551,,,,,,29
,L,0.718112244897959,1.0230834210889,0.00637755102040816,,,,,,,,,0.0216836734693878,0.718112244897959,0.252551020408163,,,,,,,0.00127551020408163,,,,30
,V,0.627551020408163,1.02974830515751,0.00637755102040816,,,,,,,,,0.362244897959184,,0.0038265306122449,,,,,,,0.627551020408163,,,,31
,Y,0.623724489795918,1.47568720964436,0.00637755102040816,,,0.00127551020408163,0.116071428571429,,,,,0.0076530612244898,0.00127551020408163,,,,,0.00255102040816327,0.0038265306122449,0.00255102040816327,0.23469387755102,,0.623724489795918,,32
,N,0.639030612244898,1.59954086862489,0.00510204081632653,0.0165816326530612,0.0331632653061225,0.0102040816326531,,0.0127551020408163,,0.00255102040816327,0.00127551020408163,,0.0102040816326531,,0.639030612244898,0.251275510204082,0.00255102040816327,0.00510204081632653,0.0076530612244898,0.00255102040816327,,,,,33
,H,0.723214285714286,1.14064025639836,0.00510204081632653,,0.0114795918367347,0.00127551020408163,,0.00255102040816327,,0.00255102040816327,0.723214285714286,,,,0.00255102040816327,0.00892857142857143,0.233418367346939,,0.00892857142857143,,,,,,34
,P,0.988520408163265,0.112030854192151,0.00637755102040816,0.00127551020408163,,,0.00127551020408163,,,,,,,,,0.988520408163265,0.00127551020408163,,,0.00127551020408163,,,,,35
,T,0.441326530612245,2.33024902163527,0.00637755102040816,0.0267857142857143,0.00510204081632653,,,0.0102040816326531,0.192602040816327,0.0076530612244898,0.00127551020408163,0.0153061224489796,0.221938775510204,0.00127551020408163,0.00510204081632653,,0.0076530612244898,0.00510204081632653,0.0267857142857143,0.441326530612245,0.0255102040816327,,,,36
,E,0.432397959183673,2.33990213255493,0.00510204081632653,0.0114795918367347,0.20280612244898,0.0102040816326531,,0.432397959183673,,0.0191326530612245,,,0.0127551020408163,0.00127551020408163,0.0076530612244898,,0.0229591836734694,0.00255102040816327,0.0982142857142857,0.173469387755102,,,,,37
,G,0.566326530612245,1.88852740624905,0.00510204081632653,0.0956632653061224,0.014030612244898,0.014030612244898,0.00127551020408163,0.0114795918367347,0.00127551020408163,0.566326530612245,0.0038265306122449,,0.00255102040816327,0.00127551020408163,0.024234693877551,,0.00127551020408163,0.243622448979592,0.014030612244898,,,,,,38
,T,0.607142857142857,1.87982865904228,0.00510204081632653,0.0280612244897959,0.0038265306122449,0.00892857142857143,0.00127551020408163,0.0280612244897959,,0.00127551020408163,,0.0153061224489796,0.00510204081632653,0.00255102040816327,0.00255102040816327,,0.230867346938776,0.00510204081632653,0.0229591836734694,0.607142857142857,0.0293367346938776,,0.00255102040816327,,39
,I,0.338010204081633,2.47273245412323,0.0038265306122449,0.00127551020408163,,0.00127551020408163,0.014030612244898,0.0153061224489796,0.238520408163265,,0.0688775510204082,0.338010204081633,0.0446428571428571,0.00127551020408163,,,0.232142857142857,,0.00127551020408163,0.0038265306122449,0.014030612244898,,0.0216836734693878,,40
,-,0.998724489795918,0.0141026586829572,0.998724489795918,,,,0.00127551020408163,,,,,,,,,,,,,,,,,,41
,-,0.994897959183674,0.0538455013541159,0.994897959183674,0.00127551020408163,,,,,,,,,,,,,0.00255102040816327,,,,,,0.00127551020408163,,42
,V,0.311224489795918,2.49261827136982,0.0153061224489796,0.00892857142857143,,,0.00127551020408163,0.0076530612244898,0.0369897959183673,,0.00255102040816327,0.255102040816327,0.0841836734693878,0.24234693877551,0.00127551020408163,,0.00510204081632653,0.0038265306122449,0.00255102040816327,0.0127551020408163,0.311224489795918,0.00255102040816327,0.00637755102040816,,43
,R,0.892857142857143,0.655332189922674,0.0076530612244898,0.0778061224489796,0.00127551020408163,,0.00127551020408163,0.0076530612244898,,0.00127551020408163,,,0.00127551020408163,,0.00127551020408163,,0.0076530612244898,0.892857142857143,,,,,,,44
,G,0.701530612244898,1.53921300026049,0.0127551020408163,0.0586734693877551,0.00510204081632653,0.0127551020408163,0.00127551020408163,0.167091836734694,0.00127551020408163,0.701530612244898,,0.00127551020408163,,0.00127551020408163,0.00255102040816327,0.00510204081632653,0.0127551020408163,0.00892857142857143,0.00637755102040816,,0.00127551020408163,,,,45
,K,0.60969387755102,1.79706131370504,0.048469387755102,0.60969387755102,0.00892857142857143,0.0076530612244898,0.00127551020408163,0.014030612244898,,0.0114795918367347,0.0114795918367347,,0.00127551020408163,0.00127551020408163,0.0267857142857143,0.00127551020408163,0.0127551020408163,0.238520408163265,0.00510204081632653,,,,,,46
,-,0.997448979591837,0.0282029672091502,0.997448979591837,0.00127551020408163,,,,,,,,,0.00127551020408163,,,,,,,,,,,,47
,G,0.920918367346939,0.642357343599034,0.0229591836734694,0.00255102040816327,0.0114795918367347,0.00637755102040816,0.00127551020408163,0.00510204081632653,,0.920918367346939,,,0.00127551020408163,,0.00255102040816327,,0.0102040816326531,0.00637755102040816,0.0076530612244898,,,,0.00127551020408163,,48
,-,0.994897959183674,0.0503316142340094,0.994897959183674,0.0038265306122449,,,,,,,,,,,,,,0.00127551020408163,,,,,,,49
,-,0.993622448979592,0.0644248542271932,0.993622448979592,0.0038265306122449,,,,,,,,,,,,0.00127551020408163,,0.00127551020408163,,,,,,,50
,-,0.993622448979592,0.0602856801228099,0.993622448979592,,0.00127551020408163,,,,,,,,,,,,,,0.00510204081632653,,,,,,51
,K,0.663265306122449,1.48282790678792,0.0459183673469388,0.663265306122449,0.00127551020408163,0.00510204081632653,,,,0.00255102040816327,,,0.00127551020408163,,0.00255102040816327,0.00127551020408163,0.0344387755102041,0.223214285714286,0.0178571428571429,0.00127551020408163,,,,,52
,S,0.57780612244898,2.24188853036305,0.0548469387755102,0.0204081632653061,0.145408163265306,0.0841836734693878,0.00892857142857143,0.0178571428571429,0.00127551020408163,0.00255102040816327,0.00255102040816327,0.00255102040816327,0.0038265306122449,,0.0216836734693878,0.0038265306122449,0.0076530612244898,0.00510204081632653,0.57780612244898,0.0280612244897959,0.0114795918367347,,,,53
,T,0.285714285714286,2.79793407905133,0.0535714285714286,0.00892857142857143,0.00255102040816327,0.136479591836735,,,0.00892857142857143,0.0038265306122449,,0.0076530612244898,0.0267857142857143,0.0038265306122449,0.00127551020408163,0.0369897959183673,0.260204081632653,0.00255102040816327,0.0369897959183673,0.285714285714286,0.123724489795918,,,,54
,R,0.852040816326531,1.03152260560792,0.048469387755102,0.0076530612244898,0.00127551020408163,,0.00127551020408163,0.0191326530612245,0.0038265306122449,,0.00637755102040816,,0.0076530612244898,0.0038265306122449,0.00127551020408163,,0.0331632653061225,0.852040816326531,0.0114795918367347,,,0.00127551020408163,0.00127551020408163,,55
,-,0.998724489795918,0.0141026586829572,0.998724489795918,0.00127551020408163,,,,,,,,,,,,,,,,,,,,,56
,-,0.998724489795918,0.0141026586829572,0.998724489795918,,,,,,,,,,0.00127551020408163,,,,,,,,,,,,57
,-,0.998724489795918,0.0141026586829572,0.998724489795918,,,,,,,,,0.00127551020408163,,,,,,,,,,,,,58
,-,0.998724489795918,0.0141026586829572,0.998724489795918,,0.00127551020408163,,,,,,,,,,,,,,,,,,,,59
,-,0.998724489795918,0.0141026586829572,0.998724489795918,,,,,,,,,,,,,,,,,,,,0.00127551020408163,,60
,V,0.519132653061225,1.59475665707575,0.00255102040816327,,,0.00127551020408163,0.00892857142857143,,0.00510204081632653,,,0.35969387755102,0.0854591836734694,0.00637755102040816,,,,,0.00127551020408163,0.0038265306122449,0.519132653061225,,0.00637755102040816,,61
,H,0.998724489795918,0.0141026586829572,0.00127551020408163,,,,,,,,0.998724489795918,,,,,,,,,,,,,,62
,V,0.993622448979592,0.0653877209391364,0.00127551020408163,,,,,,,,,,0.00255102040816327,0.00255102040816327,,,,,,,0.993622448979592,,,,63
,Q,0.744897959183674,0.874547913544922,,0.00127551020408163,,,0.00255102040816327,,,,0.248724489795918,,,,0.00127551020408163,,0.744897959183674,0.00127551020408163,,,,,,,64
,F,0.989795918367347,0.0821430513381533,,,,,,,0.989795918367347,,,,,,,,,,,,,,0.0102040816326531,,65
,F,0.991071428571429,0.0859140499917506,,,,,,,0.991071428571429,,,0.00510204081632653,0.00255102040816327,,,,,,,,0.00127551020408163,,,,66
,D,0.975765306122449,0.192890944546724,,,0.975765306122449,,,0.0076530612244898,,0.0153061224489796,,,,,0.00127551020408163,,,,,,,,,,67
,D,0.644132653061225,1.39917981218803,,0.00510204081632653,0.644132653061225,,,0.276785714285714,,,,,,,0.0306122448979592,,0.0038265306122449,0.00255102040816327,0.00892857142857143,0.0102040816326531,0.0178571428571429,,,,68
,S,0.539540816326531,1.42380346947843,,0.00127551020408163,0.0153061224489796,,0.0038265306122449,0.00127551020408163,,,,,,,0.0216836734693878,0.394132653061225,,0.0038265306122449,0.539540816326531,0.0178571428571429,,,0.00127551020408163,,69
,P,0.926020408163265,0.56268718089776,,0.00255102040816327,,0.0293367346938776,,,,,0.00255102040816327,0.00892857142857143,0.00127551020408163,,,0.926020408163265,,,0.00892857142857143,0.00637755102040816,0.014030612244898,,,,70
,T,0.863520408163265,0.772461829441149,,0.00127551020408163,,0.00510204081632653,0.00127551020408163,,,,,,0.00127551020408163,0.0127551020408163,0.00255102040816327,,0.00255102040816327,,0.102040816326531,0.863520408163265,0.0076530612244898,,,,71
,R,0.991071428571429,0.0788862757515377,,0.00127551020408163,,,,,,,0.0076530612244898,,,,,,,0.991071428571429,,,,,,,72
,G,0.889030612244898,0.623648300555338,,0.00127551020408163,0.00127551020408163,0.0778061224489796,,0.00127551020408163,,0.889030612244898,,,,,,,,,0.0293367346938776,,,,,,73
,W,0.994897959183674,0.0538455013541159,0.00127551020408163,0.00127551020408163,,,,,,,,,,,,,,,,,,0.994897959183674,0.00255102040816327,,74
,V,0.785714285714286,0.806806515626218,,,,,,,,0.00127551020408163,,0.206632653061225,0.00510204081632653,,,,,,,0.00127551020408163,0.785714285714286,,,,75
,S,0.756377551020408,1.4095689819729,,0.076530612244898,,0.00255102040816327,,0.00255102040816327,,0.0229591836734694,0.0114795918367347,0.0038265306122449,0.00127551020408163,,0.0650510204081633,0.00510204081632653,0.00127551020408163,0.0497448979591837,0.756377551020408,0.00127551020408163,,,,,76
,I,0.260204081632653,2.92489740117541,,0.128826530612245,0.0038265306122449,0.038265306122449,,0.0293367346938776,,,0.00127551020408163,0.260204081632653,0.0153061224489796,0.038265306122449,0.00127551020408163,,0.00255102040816327,0.0982142857142857,0.0216836734693878,0.183673469387755,0.174744897959184,,0.00255102040816327,,77
,K,0.6875,1.25795550042863,,0.6875,0.00255102040816327,0.0076530612244898,,0.00127551020408163,,0.0038265306122449,,,,0.00255102040816327,0.0204081632653061,,0.00510204081632653,0.25765306122449,0.0076530612244898,0.00255102040816327,0.00127551020408163,,,,78
,Y,0.650510204081633,1.74795048127951,0.00127551020408163,0.0038265306122449,0.0153061224489796,,0.0038265306122449,,0.0497448979591837,,0.0038265306122449,,0.17984693877551,0.0344387755102041,0.0344387755102041,,0.0076530612244898,0.014030612244898,0.00127551020408163,,,,0.650510204081633,,79
,L,0.559948979591837,1.66167587953681,0.00127551020408163,,,0.0127551020408163,0.0038265306122449,,,,,0.210459183673469,0.559948979591837,0.0114795918367347,,,,,,0.0102040816326531,0.190051020408163,,,,80
,K,0.496173469387755,1.3560643933452,0.00255102040816327,0.496173469387755,0.00255102040816327,,,0.0216836734693878,,,0.00637755102040816,0.00510204081632653,,,,,0.0076530612244898,0.454081632653061,0.00127551020408163,,0.00255102040816327,,,,81
,P,0.660714285714286,1.66762012970342,0.0038265306122449,0.014030612244898,0.0216836734693878,0.0293367346938776,,0.214285714285714,,0.00255102040816327,0.00255102040816327,0.0038265306122449,0.00892857142857143,0.0038265306122449,0.00510204081632653,0.660714285714286,0.0114795918367347,0.00637755102040816,0.0076530612244898,0.0038265306122449,,,,,82
,Y,0.915816326530612,0.453939280497495,0.00510204081632653,0.00127551020408163,,,,,0.0778061224489796,,,,,,,,,,,,,,0.915816326530612,,83
,K,0.413265306122449,2.39393735804965,0.00892857142857143,0.413265306122449,0.00255102040816327,0.0114795918367347,0.0102040816326531,0.014030612244898,,0.0038265306122449,0.0114795918367347,0.0102040816326531,0.0191326530612245,,0.0102040816326531,0.00127551020408163,0.193877551020408,0.0191326530612245,0.0153061224489796,0.251275510204082,0.00255102040816327,,0.00127551020408163,,84
,-,0.998724489795918,0.0141026586829572,0.998724489795918,,,,,,,0.00127551020408163,,,,,,,,,,,,,,,85
,-,0.998724489795918,0.0141026586829572,0.998724489795918,,,,,,,,,,,,,,,,,,,,0.00127551020408163,,86
,-,0.998724489795918,0.0141026586829572,0.998724489795918,,,,,,,,,,,,,,,,0.00127551020408163,,,,,,87
,-,0.998724489795918,0.0141026586829572,0.998724489795918,,,,,,,,,,,,,0.00127551020408163,,,,,,,,,88
,-,0.998724489795918,0.0141026586829572,0.998724489795918,,,,,,,,,,,,,,,0.00127551020408163,,,,,,,89
,-,0.998724489795918,0.0141026586829572,0.998724489795918,,,,,,,,,,,,,,,,0.00127551020408163,,,,,,90
,-,0.998724489795918,0.0141026586829572,0.998724489795918,,,,,,,,,,0.00127551020408163,,,,,,,,,,,,91
,-,0.998724489795918,0.0141026586829572,0.998724489795918,,,,,0.00127551020408163,,,,,,,,,,,,,,,,,92
,-,0.998724489795918,0.0141026586829572,0.998724489795918,,,,,0.00127551020408163,,,,,,,,,,,,,,,,,93
,-,0.998724489795918,0.0141026586829572,0.998724489795918,,,,,,,,,,,,,,,,,0.00127551020408163,,,,,94
,-,0.998724489795918,0.0141026586829572,0.998724489795918,,,,,,,,,,,,,,,,,0.00127551020408163,,,,,95
,-,0.998724489795918,0.0141026586829572,0.998724489795918,,,,,,,,,,,,,,,,,,,0.00127551020408163,,,96
,-,0.998724489795918,0.0141026586829572,0.998724489795918,,,,,,,,,,,,,,,,0.00127551020408163,,,,,,97
,-,0.998724489795918,0.0141026586829572,0.998724489795918,,,,,,,,,,,,,,,,,,,0.00127551020408163,,,98
,-,0.998724489795918,0.0141026586829572,0.998724489795918,,,,,,,,,,,0.00127551020408163,,,,,,,,,,,99
,-,0.998724489795918,0.0141026586829572,0.998724489795918,,,,,,,,,0.00127551020408163,,,,,,,,,,,,,100
,-,0.998724489795918,0.0141026586829572,0.998724489795918,,,,,,,,,,,,,,0.00127551020408163,,,,,,,,101
,-,0.998724489795918,0.0141026586829572,0.998724489795918,,,,,,,,,,,,,,,,,,0.00127551020408163,,,,102
,-,0.998724489795918,0.0141026586829572,0.998724489795918,,,,,,,,,,,,,,0.00127551020408163,,,,,,,,103
,-,0.998724489795918,0.0141026586829572,0.998724489795918,,,,,,,0.00127551020408163,,,,,,,,,,,,,,,104
,-,0.998724489795918,0.0141026586829572,0.998724489795918,,,,,,,,,,,,,,,,0.00127551020408163,,,,,,105
,-,0.997448979591837,0.0282029672091502,0.997448979591837,0.00127551020408163,0.00127551020408163,,,,,,,,,,,,,,,,,,,,106
,-,0.997448979591837,0.0282029672091502,0.997448979591837,,,,,,,,,0.00127551020408163,,,,,,,,,0.00127551020408163,,,,107
,G,0.946428571428571,0.396100267910252,0.0357142857142857,,0.00255102040816327,,,0.00255102040816327,,0.946428571428571,,,0.00127551020408163,,0.00255102040816327,0.00637755102040816,,,0.00127551020408163,,,,,0.00127551020408163,108
,-,0.998724489795918,0.0141026586829572,0.998724489795918,0.00127551020408163,,,,,,,,,,,,,,,,,,,,,109
,-,0.998724489795918,0.0141026586829572,0.998724489795918,,,,,,,0.00127551020408163,,,,,,,,,,,,,,,110
,-,0.998724489795918,0.0141026586829572,0.998724489795918,,,,,,,,,,,,,,,,,,0.00127551020408163,,,,111
,-,0.998724489795918,0.0141026586829572,0.998724489795918,,,,,,,,0.00127551020408163,,,,,,,,,,,,,,112
,-,0.998724489795918,0.0141026586829572,0.998724489795918,,,,,,,,,,,,,,,,0.00127551020408163,,,,,,113
,-,0.998724489795918,0.0141026586829572,0.998724489795918,,,0.00127551020408163,,,,,,,,,,,,,,,,,,,114
,-,0.997448979591837,0.0282029672091502,0.997448979591837,0.00127551020408163,,,,0.00127551020408163,,,,,,,,,,,,,,,,,115
,-,0.996173469387755,0.042300922573262,0.996173469387755,,,,0.00127551020408163,,,,,,,,,,,0.00127551020408163,0.00127551020408163,,,,,,116
,S,0.905612244897959,0.69910421396866,0.0420918367346939,0.00892857142857143,,0.0127551020408163,0.00127551020408163,0.00127551020408163,,0.00127551020408163,,0.00127551020408163,0.00637755102040816,,0.00127551020408163,0.00510204081632653,,,0.905612244897959,0.0102040816326531,0.00255102040816327,,,,117
,S,0.377551020408163,2.53538454823006,0.0408163265306122,0.182397959183673,0.251275510204082,0.0229591836734694,0.00127551020408163,0.0114795918367347,,0.0165816326530612,0.0102040816326531,,0.00127551020408163,,0.0293367346938776,0.0038265306122449,0.0178571428571429,0.0038265306122449,0.377551020408163,0.0267857142857143,0.00127551020408163,,0.00127551020408163,,118
,-,0.997448979591837,0.0282029672091502,0.997448979591837,,,,,,,,0.00127551020408163,0.00127551020408163,,,,,,,,,,,,,119
,-,0.997448979591837,0.0282029672091502,0.997448979591837,,,,,,,,,,,0.00127551020408163,,,,,,0.00127551020408163,,,,,120
,S,0.418367346938776,2.10414852584316,0.0459183673469388,0.00127551020408163,0.387755102040816,0.0395408163265306,0.0229591836734694,0.0038265306122449,,0.0229591836734694,0.0191326530612245,,0.0038265306122449,,0.0102040816326531,0.00892857142857143,,,0.418367346938776,0.00127551020408163,0.014030612244898,,,,121
,K,0.262755102040816,2.86540876068144,0.0459183673469388,0.262755102040816,,0.0663265306122449,0.00255102040816327,0.0293367346938776,0.0076530612244898,0.258928571428571,0.00127551020408163,0.00127551020408163,0.00255102040816327,0.00127551020408163,0.00127551020408163,0.00892857142857143,0.0076530612244898,0.0778061224489796,0.178571428571429,0.0267857142857143,0.0191326530612245,,,,122
,E,0.594387755102041,1.65063500933052,0.0408163265306122,0.0127551020408163,0.293367346938776,0.0038265306122449,,0.594387755102041,,0.0076530612244898,0.00637755102040816,,,0.00127551020408163,0.00510204081632653,0.0076530612244898,0.0038265306122449,0.00127551020408163,0.0178571428571429,0.00127551020408163,0.00255102040816327,,,,123
,A,0.487244897959184,2.0218668929959,0.0497448979591837,0.0038265306122449,0.00127551020408163,0.487244897959184,0.0114795918367347,,0.0267857142857143,,,0.00127551020408163,0.00255102040816327,0.0038265306122449,0.00127551020408163,0.00255102040816327,0.00255102040816327,0.00127551020408163,0.0102040816326531,0.32015306122449,0.0650510204081633,,0.00892857142857143,,124
,Q,0.302295918367347,2.50235365714557,0.0395408163265306,0.261479591836735,,,,0.0038265306122449,0.0038265306122449,0.00637755102040816,,0.00255102040816327,0.201530612244898,0.126275510204082,0.00127551020408163,0.0076530612244898,0.302295918367347,0.0306122448979592,0.00510204081632653,0.00127551020408163,0.00637755102040816,,,,125
,K,0.590561224489796,2.22322493330648,0.038265306122449,0.590561224489796,0.0038265306122449,0.00892857142857143,,0.00127551020408163,0.00255102040816327,0.0076530612244898,0.00255102040816327,0.0178571428571429,,0.00637755102040816,0.00892857142857143,0.0586734693877551,,0.0612244897959184,0.0586734693877551,0.11734693877551,0.0153061224489796,,,,126
,G,0.926020408163265,0.540249230064747,0.0395408163265306,0.00255102040816327,0.00255102040816327,0.00127551020408163,,,,0.926020408163265,,,,,0.0153061224489796,,,0.00255102040816327,0.00255102040816327,0.00255102040816327,0.00510204081632653,,,,127
,G,0.934948979591837,0.515624838780506,0.0331632653061225,,0.0038265306122449,0.00255102040816327,0.00255102040816327,,,0.934948979591837,0.00255102040816327,0.0038265306122449,,,0.00510204081632653,0.00255102040816327,0.0038265306122449,0.0038265306122449,,,0.00127551020408163,,,,128
,M,0.36734693877551,2.63952721308703,0.0331632653061225,0.0216836734693878,0.00127551020408163,0.014030612244898,,0.00127551020408163,0.00127551020408163,,0.186224489795918,0.0191326530612245,0.0573979591836735,0.36734693877551,0.00127551020408163,0.0178571428571429,0.0204081632653061,0.00510204081632653,0.00127551020408163,0.0267857142857143,0.224489795918367,,,,129
,-,0.996173469387755,0.042300922573262,0.996173469387755,,,0.00127551020408163,,,,,,,,,,0.00127551020408163,,,0.00127551020408163,,,,,,130
,-,0.996173469387755,0.042300922573262,0.996173469387755,0.00127551020408163,,,,,,,,,,,,,,0.00127551020408163,,0.00127551020408163,,,,,131
,F,0.876275510204082,0.799787500611863,0.0650510204081633,,,,0.0076530612244898,,0.876275510204082,0.00255102040816327,0.00127551020408163,,0.00892857142857143,,,0.00255102040816327,,,,0.00255102040816327,0.00127551020408163,0.00255102040816327,0.0293367346938776,,132
,Y,0.591836734693878,1.49423016516734,0.0637755102040816,0.00255102040816327,,,0.00127551020408163,,0.303571428571429,,0.0255102040816327,0.00127551020408163,,,,0.00127551020408163,,,0.00255102040816327,0.0038265306122449,0.00127551020408163,0.00127551020408163,0.591836734693878,,133
,S,0.854591836734694,0.937271191534398,0.0599489795918367,0.00127551020408163,0.00127551020408163,0.00127551020408163,0.0204081632653061,,,,,0.00255102040816327,,0.00255102040816327,0.00637755102040816,0.00255102040816327,,,0.854591836734694,0.0420918367346939,0.00255102040816327,,0.00255102040816327,,134
,T,0.330357142857143,2.65923705602152,0.0459183673469388,0.00637755102040816,,0.105867346938776,0.0076530612244898,0.00255102040816327,,0.235969387755102,0.00637755102040816,0.0038265306122449,0.0165816326530612,0.0165816326530612,0.00255102040816327,0.0102040816326531,0.00637755102040816,0.00127551020408163,0.1875,0.330357142857143,0.0114795918367347,,0.00255102040816327,,135
,K,0.839285714285714,1.02958596690417,0.0420918367346939,0.839285714285714,0.0420918367346939,0.00127551020408163,,0.00127551020408163,,,,,0.00127551020408163,,0.0318877551020408,,0.00255102040816327,0.0293367346938776,0.0076530612244898,,0.00127551020408163,,,,136
,P,0.855867346938776,0.982156055241194,0.0420918367346939,0.0038265306122449,,0.0127551020408163,,,,,,,0.00637755102040816,0.0038265306122449,0.00637755102040816,0.855867346938776,0.0038265306122449,,0.048469387755102,0.0114795918367347,0.00255102040816327,0.00127551020408163,0.00127551020408163,,137
,E,0.63265306122449,1.79385854542214,0.0420918367346939,0.0255102040816327,0.0178571428571429,0.00892857142857143,,0.63265306122449,,0.00127551020408163,0.00127551020408163,0.00510204081632653,0.0038265306122449,0.00510204081632653,0.0038265306122449,0.0038265306122449,0.0076530612244898,0.00255102040816327,0.00892857142857143,0.0114795918367347,0.218112244897959,,,,138
,I,0.860969387755102,0.939242895568302,0.0433673469387755,0.00255102040816327,,0.00255102040816327,0.00892857142857143,0.00127551020408163,0.0038265306122449,,0.00127551020408163,0.860969387755102,0.0076530612244898,,,,0.0038265306122449,,,0.00127551020408163,0.0471938775510204,0.0153061224489796,,,139
,-,0.997448979591837,0.0256519468009869,0.997448979591837,,,,,,0.00255102040816327,,,,,,,,,,,,,,,,140
,K,0.408163265306122,2.2716825353969,0.0395408163265306,0.408163265306122,0.00127551020408163,0.00255102040816327,,0.00255102040816327,,0.00255102040816327,0.0178571428571429,0.0102040816326531,0.188775510204082,0.00127551020408163,0.0038265306122449,0.00127551020408163,0.0369897959183673,0.267857142857143,0.00127551020408163,0.00127551020408163,0.00892857142857143,,0.0038265306122449,,141
,R,0.715561224489796,1.52228426590654,0.0395408163265306,0.137755102040816,0.00255102040816327,0.00127551020408163,,0.0076530612244898,,0.00127551020408163,0.0459183673469388,,,,0.0204081632653061,0.00255102040816327,0.0204081632653061,0.715561224489796,0.0038265306122449,,0.00127551020408163,,,,142
,A,0.891581632653061,0.737355369786907,0.038265306122449,0.00255102040816327,0.00255102040816327,0.891581632653061,,,0.00127551020408163,0.0420918367346939,,0.00127551020408163,0.00255102040816327,,,,,,0.0127551020408163,0.00127551020408163,0.00255102040816327,0.00127551020408163,,,143
,M,0.839285714285714,1.08021218223104,0.0369897959183673,0.00255102040816327,,0.0306122448979592,0.00637755102040816,0.00127551020408163,,0.00127551020408163,,0.00637755102040816,0.0216836734693878,0.839285714285714,,,,,0.00127551020408163,0.014030612244898,0.038265306122449,,,,144
,E,0.302295918367347,2.54735144004052,0.038265306122449,0.0586734693877551,0.0191326530612245,0.0229591836734694,0.0038265306122449,0.302295918367347,,0.0076530612244898,,0.0076530612244898,0.00637755102040816,0.00892857142857143,0.00255102040816327,0.00637755102040816,0.207908163265306,0.00255102040816327,0.0038265306122449,0.00127551020408163,0.299744897959184,,,,145
,L,0.641581632653061,1.82757955244863,0.038265306122449,0.00637755102040816,0.00510204081632653,0.00255102040816327,,0.0446428571428571,,0.00127551020408163,0.00510204081632653,0.00127551020408163,0.641581632653061,0.038265306122449,0.0038265306122449,0.00127551020408163,0.0204081632653061,0.17984693877551,0.00510204081632653,0.00255102040816327,,,0.00255102040816327,,146
,A,0.938775510204082,0.44768020108919,0.0408163265306122,0.00255102040816327,,0.938775510204082,0.00127551020408163,0.00255102040816327,0.00127551020408163,0.00637755102040816,,,0.00127551020408163,,0.00127551020408163,,,,0.00255102040816327,0.00127551020408163,,,,,147
,D,0.918367346938776,0.57445804901326,0.0408163265306122,0.00637755102040816,0.918367346938776,0.00127551020408163,,0.0229591836734694,,,,,,,0.0038265306122449,,,,0.00255102040816327,0.00127551020408163,0.00127551020408163,,0.00127551020408163,,148
,D,0.364795918367347,2.84034327625067,0.0433673469387755,0.0829081632653061,0.364795918367347,0.0586734693877551,0.00255102040816327,0.233418367346939,,0.0727040816326531,0.0038265306122449,0.0038265306122449,0.00510204081632653,,0.024234693877551,,0.0127551020408163,0.0318877551020408,0.0369897959183673,0.00255102040816327,0.0191326530612245,,0.00127551020408163,,149
,A,0.75765306122449,1.26878282801296,0.0471938775510204,0.00255102040816327,,0.75765306122449,0.00127551020408163,,0.0038265306122449,0.00892857142857143,,0.00637755102040816,0.00637755102040816,,,,0.00127551020408163,,0.0102040816326531,0.00510204081632653,0.147959183673469,0.00127551020408163,,,150
,M,0.538265306122449,1.65946414765362,0.0522959183673469,,,,,0.00127551020408163,0.0114795918367347,,0.00255102040816327,0.0318877551020408,0.336734693877551,0.538265306122449,,,,0.00510204081632653,0.00127551020408163,,0.0191326530612245,,,,151
,S,0.371173469387755,2.88402792359356,0.0522959183673469,0.0982142857142857,,0.0229591836734694,0.00510204081632653,0.00637755102040816,0.136479591836735,0.0204081632653061,0.00510204081632653,,0.0114795918367347,,0.170918367346939,0.024234693877551,0.0293367346938776,0.024234693877551,0.371173469387755,0.0204081632653061,0.00127551020408163,,,,152
,K,0.599489795918367,1.86474569700161,0.0522959183673469,0.599489795918367,0.221938775510204,0.00127551020408163,,0.0178571428571429,,,0.00127551020408163,0.0153061224489796,0.038265306122449,0.0318877551020408,0.00255102040816327,0.00127551020408163,0.00892857142857143,,0.00127551020408163,0.00510204081632653,0.00127551020408163,,,,153
,D,0.586734693877551,1.93997372241931,0.0994897959183673,0.0102040816326531,0.586734693877551,0.0102040816326531,0.00127551020408163,0.0293367346938776,,0.0127551020408163,0.00127551020408163,0.00127551020408163,,,0.0127551020408163,0.00637755102040816,,0.0038265306122449,0.198979591836735,0.0255102040816327,,,,,154
,K,0.568877551020408,2.14503694017754,0.102040816326531,0.568877551020408,0.00510204081632653,0.0191326530612245,0.00127551020408163,0.0038265306122449,,,0.00127551020408163,,0.0178571428571429,0.00127551020408163,0.00510204081632653,0.170918367346939,0.0076530612244898,0.0318877551020408,0.00637755102040816,0.0318877551020408,0.0255102040816327,,,,155
,T,0.336734693877551,2.74116537504587,0.104591836734694,0.0076530612244898,0.0280612244897959,0.0318877551020408,0.00255102040816327,0.248724489795918,,0.00127551020408163,,0.130102040816327,0.00255102040816327,0.00892857142857143,0.00892857142857143,0.00637755102040816,0.00637755102040816,0.00127551020408163,0.0446428571428571,0.336734693877551,0.0293367346938776,,,,156
,K,0.528061224489796,1.82579205747197,0.288265306122449,0.528061224489796,0.0153061224489796,0.00127551020408163,,0.0880102040816327,,0.00255102040816327,,,0.00255102040816327,,0.0038265306122449,,0.0573979591836735,0.00892857142857143,0.00127551020408163,0.00127551020408163,0.00127551020408163,,,,157
,R,0.636479591836735,1.0137979146973,0.355867346938776,0.00255102040816327,,0.00127551020408163,,,,,,,,0.00127551020408163,,0.00255102040816327,,0.636479591836735,,,,,,,158
,L,0.598214285714286,1.07144996702594,0.39030612244898,,,0.00127551020408163,,,0.00127551020408163,,,0.00127551020408163,0.598214285714286,0.0038265306122449,,,,,,,0.0038265306122449,,,,159
