POS,refAA,consensus,conservation,entropy,-,K,D,A,C,E,F,G,H,I,L,M,N,P,Q,R,S,T,V,W,Y,X,chi.p,Property,Property_cons,Property_oe
1,,S,0.510204081632653,2.60546222593605,0.177295918367347,0.0178571428571429,0.0280612244897959,0.0548469387755102,0.0127551020408163,0.0267857142857143,,0.0331632653061225,0.00255102040816327,0.00510204081632653,0.0165816326530612,0.00255102040816327,0.0191326530612245,0.0446428571428571,0.0038265306122449,0.0153061224489796,0.510204081632653,0.0165816326530612,0.00892857142857143,0.00127551020408163,0.00255102040816327,,1.25081004699773e-17,"Polar
uncharged",0.682926829268293,2.73170731707317
2,,V,0.299744897959184,2.93955184412844,0.154336734693878,0.014030612244898,0.0127551020408163,0.0293367346938776,0.00510204081632653,0.0153061224489796,0.00255102040816327,0.0127551020408163,0.0038265306122449,0.0204081632653061,0.0038265306122449,0.00127551020408163,0.0255102040816327,0.0688775510204082,0.0280612244897959,0.0076530612244898,0.266581632653061,0.0255102040816327,0.299744897959184,,0.00255102040816327,,1.7037339116265e-07,"Non-polar
aliphatic",0.511627906976744,1.46179401993355
3,,S,0.54719387755102,2.35523730696591,0.151785714285714,0.0191326530612245,0.0127551020408163,0.0280612244897959,0.0038265306122449,0.00892857142857143,0.0127551020408163,0.0165816326530612,0.00255102040816327,,0.0102040816326531,0.0038265306122449,0.00510204081632653,0.0510204081632653,0.0076530612244898,0.00127551020408163,0.54719387755102,0.107142857142857,0.00892857142857143,,0.00127551020408163,,2.55144158899637e-28,"Polar
uncharged",0.797619047619048,3.19047619047619
4,,C,0.6875,1.7662017330384,0.135204081632653,0.0102040816326531,,0.00255102040816327,0.6875,0.0102040816326531,0.024234693877551,0.00637755102040816,0.0038265306122449,0.00510204081632653,0.00892857142857143,,0.0204081632653061,0.00892857142857143,0.00637755102040816,0.00255102040816327,0.0625,0.00255102040816327,0.00127551020408163,,0.00127551020408163,,6.86348769396625e-41,"Polar
uncharged",0.896551724137931,3.58620689655172
5,,E,0.298469387755102,3.02517663631427,0.116071428571429,0.0191326530612245,0.237244897959184,0.0178571428571429,,0.298469387755102,,0.0267857142857143,,0.0127551020408163,0.0204081632653061,0.0102040816326531,0.00510204081632653,0.0841836734693878,0.0191326530612245,0.0038265306122449,0.0676020408163265,0.0471938775510204,0.014030612244898,,,,6.33299786628828e-55,Neg,0.606741573033708,6.06741573033708
6,,F,0.51530612244898,1.80640987568213,0.0956632653061224,,,,0.0038265306122449,0.00127551020408163,0.51530612244898,0.00127551020408163,0.00510204081632653,0.0165816326530612,0.0280612244897959,,,0.0038265306122449,0.00127551020408163,,0.0038265306122449,,0.0076530612244898,,0.316326530612245,,1.64739388853241e-88,"Aro-
matic",0.912087912087912,6.08058608058608
7,,S,0.641581632653061,2.11425006214431,0.0931122448979592,0.038265306122449,0.00255102040816327,0.024234693877551,0.00127551020408163,0.0267857142857143,,0.0102040816326531,0.0191326530612245,,0.0076530612244898,,0.0535714285714286,0.00255102040816327,0.0204081632653061,0.0076530612244898,0.641581632653061,0.0420918367346939,0.00892857142857143,,,,2.47867561233778e-35,"Polar
uncharged",0.835164835164835,3.34065934065934
8,,P,0.544642857142857,1.94502752403328,0.0918367346938776,,,0.25,0.00127551020408163,0.0191326530612245,,0.0076530612244898,,0.00510204081632653,0.0446428571428571,,,0.544642857142857,0.0038265306122449,0.0038265306122449,0.00510204081632653,0.00255102040816327,0.0204081632653061,,,,1.38909543384196e-31,"Non-polar
aliphatic",0.966666666666667,2.76190476190476
9,,G,0.841836734693878,0.97442382099351,0.0905612244897959,0.0038265306122449,,,0.014030612244898,,0.00510204081632653,0.841836734693878,0.00637755102040816,,0.00892857142857143,0.0038265306122449,,,,,0.00127551020408163,,,0.0038265306122449,0.0204081632653061,,1.39853661294048e-28,"Non-polar
aliphatic",0.934065934065934,2.66875981161695
10,,D,0.654336734693878,1.65367773018727,0.0892857142857143,,0.654336734693878,0.17219387755102,0.00127551020408163,0.0076530612244898,,0.0114795918367347,0.00127551020408163,,,,0.00255102040816327,,0.00127551020408163,,0.0280612244897959,0.0255102040816327,0.00510204081632653,,,,2.06569446635379e-85,Neg,0.725274725274725,7.25274725274725
11,,L,0.8125,1.02980532151603,0.0854591836734694,,,,,,,,,0.0408163265306122,0.8125,0.0076530612244898,,0.00255102040816327,,,,,0.0510204081632653,,,,1.71428250857719e-35,"Non-polar
aliphatic",1,2.85714285714286
12,,V,0.881377551020408,0.699434902970058,0.0854591836734694,,,0.00637755102040816,,,,,,0.0102040816326531,0.00892857142857143,0.00255102040816327,,,,,,0.00510204081632653,0.881377551020408,,,,1.11109391527242e-34,"Non-polar
aliphatic",0.989130434782609,2.82608695652174
13,,W,0.913265306122449,0.435066894776078,0.0854591836734694,,,,,,,,,,0.00127551020408163,,,,,,,,,0.913265306122449,,,2.73795488652661e-110,"Aro-
matic",1,6.66666666666667
14,,A,0.838010204081633,0.933254782062722,0.0854591836734694,,,0.838010204081633,0.00255102040816327,,,0.0204081632653061,,,,,,,,,0.0267857142857143,0.0267857142857143,,,,,4.07575364406189e-29,"Non-polar
aliphatic",0.934782608695652,2.67080745341615
15,,K,0.897959183673469,0.54725144451064,0.0854591836734694,0.897959183673469,,,,,,,,,0.00127551020408163,,,,,0.0153061224489796,,,,,,,2.73795488652661e-110,Pos,1,6.66666666666667
16,,M,0.623724489795918,1.02156838277419,0.0076530612244898,,,,,,0.00127551020408163,,,,0.36734693877551,0.623724489795918,,,,,,,,,,,1.10682245185268e-38,"Non-polar
aliphatic",1,2.85714285714286
17,,E,0.928571428571429,0.538817348157125,0.00637755102040816,,0.0357142857142857,0.0102040816326531,,0.928571428571429,,,0.00127551020408163,,0.00127551020408163,,,0.00637755102040816,0.00255102040816327,,0.00510204081632653,0.00255102040816327,,,,,8.70091499548052e-179,Neg,0.96969696969697,9.6969696969697
18,,G,0.987244897959184,0.120047345094323,0.00637755102040816,,,,,,,0.987244897959184,,,,,,0.00127551020408163,,,0.0038265306122449,0.00127551020408163,,,,,7.20794594619526e-38,"Non-polar
aliphatic",0.99,2.82857142857143
19,,Y,0.696428571428571,1.04926247181421,0.00637755102040816,,,,,,0.0204081632653061,,0.275510204081633,,,,,0.00127551020408163,,,,,,,0.696428571428571,,3.12588760403156e-63,"Aro-
matic",0.72,4.8
20,,P,0.99234693877551,0.0697724246334555,0.00637755102040816,,,,,,,,,,,,,0.99234693877551,,0.00127551020408163,,,,,,,1.10682245185268e-38,"Non-polar
aliphatic",1,2.85714285714286
21,,W,0.978316326530612,0.189345548702466,0.00637755102040816,,,,,,0.00510204081632653,,,,,,,,,,0.00127551020408163,,,0.978316326530612,0.00892857142857143,,4.26457960227582e-120,"Aro-
matic",1,6.66666666666667
22,,W,0.99234693877551,0.0647977632432896,0.0076530612244898,,,,,,,,,,,,,,,,,,,0.99234693877551,,,4.26457960227582e-120,"Aro-
matic",1,6.66666666666667
23,,P,0.989795918367347,0.0904213995469199,0.0076530612244898,,,0.00255102040816327,,,,,,,,,,0.989795918367347,,,,,,,,,1.10682245185268e-38,"Non-polar
aliphatic",1,2.85714285714286
24,,C,0.835459183673469,0.856295546307019,0.0076530612244898,,,0.0229591836734694,0.835459183673469,,,0.0165816326530612,,,,,,,,,0.11734693877551,,,,,,2.20096565250947e-56,"Polar
uncharged",0.95959595959596,3.83838383838384
25,,L,0.718112244897959,1.0230834210889,0.00637755102040816,,,,,,,,,0.0216836734693878,0.718112244897959,0.252551020408163,,,,,,,0.00127551020408163,,,,1.10682245185268e-38,"Non-polar
aliphatic",1,2.85714285714286
26,,V,0.627551020408163,1.02974830515751,0.00637755102040816,,,,,,,,,0.362244897959184,,0.0038265306122449,,,,,,,0.627551020408163,,,,1.10682245185268e-38,"Non-polar
aliphatic",1,2.85714285714286
27,,Y,0.623724489795918,1.47568720964436,0.00637755102040816,,,0.00127551020408163,0.116071428571429,,,,,0.0076530612244898,0.00127551020408163,,,,,0.00255102040816327,0.0038265306122449,0.00255102040816327,0.23469387755102,,0.623724489795918,,3.53045174483834e-39,"Aro-
matic",0.63265306122449,4.21768707482993
28,,N,0.639030612244898,1.59954086862489,0.00510204081632653,0.0165816326530612,0.0331632653061225,0.0102040816326531,,0.0127551020408163,,0.00255102040816327,0.00127551020408163,,0.0102040816326531,,0.639030612244898,0.251275510204082,0.00255102040816327,0.00510204081632653,0.0076530612244898,0.00255102040816327,,,,,8.74517016842893e-20,"Polar
uncharged",0.656565656565657,2.62626262626263
29,,H,0.723214285714286,1.14064025639836,0.00510204081632653,,0.0114795918367347,0.00127551020408163,,0.00255102040816327,,0.00255102040816327,0.723214285714286,,,,0.00255102040816327,0.00892857142857143,0.233418367346939,,0.00892857142857143,,,,,,5.19649147290621e-59,Pos,0.73469387755102,4.89795918367347
30,,P,0.988520408163265,0.112030854192151,0.00637755102040816,0.00127551020408163,,,0.00127551020408163,,,,,,,,,0.988520408163265,0.00127551020408163,,,0.00127551020408163,,,,,1.10682245185268e-38,"Non-polar
aliphatic",1,2.85714285714286
31,,T,0.441326530612245,2.33024902163527,0.00637755102040816,0.0267857142857143,0.00510204081632653,,,0.0102040816326531,0.192602040816327,0.0076530612244898,0.00127551020408163,0.0153061224489796,0.221938775510204,0.00127551020408163,0.00510204081632653,,0.0076530612244898,0.00510204081632653,0.0267857142857143,0.441326530612245,0.0255102040816327,,,,3.493787946864e-08,"Polar
uncharged",0.484848484848485,1.93939393939394
32,,E,0.432397959183673,2.33990213255493,0.00510204081632653,0.0114795918367347,0.20280612244898,0.0102040816326531,,0.432397959183673,,0.0191326530612245,,,0.0127551020408163,0.00127551020408163,0.0076530612244898,,0.0229591836734694,0.00255102040816327,0.0982142857142857,0.173469387755102,,,,,7.79849651456551e-75,Neg,0.646464646464647,6.46464646464647
33,,G,0.566326530612245,1.88852740624905,0.00510204081632653,0.0956632653061224,0.014030612244898,0.014030612244898,0.00127551020408163,0.0114795918367347,0.00127551020408163,0.566326530612245,0.0038265306122449,,0.00255102040816327,0.00127551020408163,0.024234693877551,,0.00127551020408163,0.243622448979592,0.014030612244898,,,,,,5.93512201092315e-16,"Non-polar
aliphatic",0.585858585858586,1.67388167388167
34,,T,0.607142857142857,1.87982865904228,0.00510204081632653,0.0280612244897959,0.0038265306122449,0.00892857142857143,0.00127551020408163,0.0280612244897959,,0.00127551020408163,,0.0153061224489796,0.00510204081632653,0.00255102040816327,0.00255102040816327,,0.230867346938776,0.00510204081632653,0.0229591836734694,0.607142857142857,0.0293367346938776,,0.00255102040816327,,1.53554460839196e-43,"Polar
uncharged",0.877551020408163,3.51020408163265
35,,I,0.338010204081633,2.47273245412323,0.0038265306122449,0.00127551020408163,,0.00127551020408163,0.014030612244898,0.0153061224489796,0.238520408163265,,0.0688775510204082,0.338010204081633,0.0446428571428571,0.00127551020408163,,,0.232142857142857,,0.00127551020408163,0.0038265306122449,0.014030612244898,,0.0216836734693878,,0.000641729896177746,"Non-polar
aliphatic",0.4,1.14285714285714
36,,V,0.311224489795918,2.49261827136982,0.0153061224489796,0.00892857142857143,,,0.00127551020408163,0.0076530612244898,0.0369897959183673,,0.00255102040816327,0.255102040816327,0.0841836734693878,0.24234693877551,0.00127551020408163,,0.00510204081632653,0.0038265306122449,0.00255102040816327,0.0127551020408163,0.311224489795918,0.00255102040816327,0.00637755102040816,,1.59237398742069e-27,"Non-polar
aliphatic",0.898989898989899,2.56854256854257
37,,R,0.892857142857143,0.655332189922674,0.0076530612244898,0.0778061224489796,0.00127551020408163,,0.00127551020408163,0.0076530612244898,,0.00127551020408163,,,0.00127551020408163,,0.00127551020408163,,0.0076530612244898,0.892857142857143,,,,,,,2.04422962647603e-114,Pos,0.97979797979798,6.53198653198653
38,,G,0.701530612244898,1.53921300026049,0.0127551020408163,0.0586734693877551,0.00510204081632653,0.0127551020408163,0.00127551020408163,0.167091836734694,0.00127551020408163,0.701530612244898,,0.00127551020408163,,0.00127551020408163,0.00255102040816327,0.00510204081632653,0.0127551020408163,0.00892857142857143,0.00637755102040816,,0.00127551020408163,,,,8.76189701584808e-18,"Non-polar
aliphatic",0.73469387755102,2.09912536443149
39,,K,0.60969387755102,1.79706131370504,0.048469387755102,0.60969387755102,0.00892857142857143,0.0076530612244898,0.00127551020408163,0.014030612244898,,0.0114795918367347,0.0114795918367347,,0.00127551020408163,0.00127551020408163,0.0267857142857143,0.00127551020408163,0.0127551020408163,0.238520408163265,0.00510204081632653,,,,,,8.12176107126531e-91,Pos,0.905263157894737,6.03508771929825
40,,G,0.920918367346939,0.642357343599034,0.0229591836734694,0.00255102040816327,0.0114795918367347,0.00637755102040816,0.00127551020408163,0.00510204081632653,,0.920918367346939,,,0.00127551020408163,,0.00255102040816327,,0.0102040816326531,0.00637755102040816,0.0076530612244898,,,,0.00127551020408163,,1.90805038066926e-32,"Non-polar
aliphatic",0.948979591836735,2.71137026239067
41,,K,0.663265306122449,1.48282790678792,0.0459183673469388,0.663265306122449,0.00127551020408163,0.00510204081632653,,,,0.00255102040816327,,,0.00127551020408163,,0.00255102040816327,0.00127551020408163,0.0344387755102041,0.223214285714286,0.0178571428571429,0.00127551020408163,,,,,2.67512837793197e-97,Pos,0.927083333333333,6.18055555555556
42,,S,0.57780612244898,2.24188853036305,0.0548469387755102,0.0204081632653061,0.145408163265306,0.0841836734693878,0.00892857142857143,0.0178571428571429,0.00127551020408163,0.00255102040816327,0.00255102040816327,0.00255102040816327,0.0038265306122449,,0.0216836734693878,0.0038265306122449,0.0076530612244898,0.00510204081632653,0.57780612244898,0.0280612244897959,0.0114795918367347,,,,2.93633510028469e-23,"Polar
uncharged",0.680851063829787,2.72340425531915
43,,T,0.285714285714286,2.79793407905133,0.0535714285714286,0.00892857142857143,0.00255102040816327,0.136479591836735,,,0.00892857142857143,0.0038265306122449,,0.0076530612244898,0.0267857142857143,0.0038265306122449,0.00127551020408163,0.0369897959183673,0.260204081632653,0.00255102040816327,0.0369897959183673,0.285714285714286,0.123724489795918,,,,2.00636947581395e-17,"Polar
uncharged",0.617021276595745,2.46808510638298
44,,R,0.852040816326531,1.03152260560792,0.048469387755102,0.0076530612244898,0.00127551020408163,,0.00127551020408163,0.0191326530612245,0.0038265306122449,,0.00637755102040816,,0.0076530612244898,0.0038265306122449,0.00127551020408163,,0.0331632653061225,0.852040816326531,0.0114795918367347,,,0.00127551020408163,0.00127551020408163,,5.07623955550783e-92,Pos,0.90625,6.04166666666667
45,,V,0.519132653061225,1.59475665707575,0.00255102040816327,,,0.00127551020408163,0.00892857142857143,,0.00510204081632653,,,0.35969387755102,0.0854591836734694,0.00637755102040816,,,,,0.00127551020408163,0.0038265306122449,0.519132653061225,,0.00637755102040816,,2.8202692664566e-36,"Non-polar
aliphatic",0.97979797979798,2.7994227994228
46,,H,0.998724489795918,0.0141026586829572,0.00127551020408163,,,,,,,,0.998724489795918,,,,,,,,,,,,,,2.53352136214631e-121,Pos,1,6.66666666666667
47,,V,0.993622448979592,0.0653877209391364,0.00127551020408163,,,,,,,,,,0.00255102040816327,0.00255102040816327,,,,,,,0.993622448979592,,,,4.41695100001652e-39,"Non-polar
aliphatic",1,2.85714285714286
48,,Q,0.744897959183674,0.874547913544922,,0.00127551020408163,,,0.00255102040816327,,,,0.248724489795918,,,,0.00127551020408163,,0.744897959183674,0.00127551020408163,,,,,,,5.42990762330085e-35,"Polar
uncharged",0.75,3
49,,F,0.989795918367347,0.0821430513381533,,,,,,,0.989795918367347,,,,,,,,,,,,,,0.0102040816326531,,2.53352136214631e-121,"Aro-
matic",1,6.66666666666667
50,,F,0.991071428571429,0.0859140499917506,,,,,,,0.991071428571429,,,0.00510204081632653,0.00255102040816327,,,,,,,,0.00127551020408163,,,,1.85400487200892e-118,"Aro-
matic",0.99,6.6
51,,D,0.975765306122449,0.192890944546724,,,0.975765306122449,,,0.0076530612244898,,0.0153061224489796,,,,,0.00127551020408163,,,,,,,,,,5.97631333157004e-185,Neg,0.98,9.8
52,,D,0.644132653061225,1.39917981218803,,0.00510204081632653,0.644132653061225,,,0.276785714285714,,,,,,,0.0306122448979592,,0.0038265306122449,0.00255102040816327,0.00892857142857143,0.0102040816326531,0.0178571428571429,,,,1.7323967047645e-160,Neg,0.92,9.2
53,,S,0.539540816326531,1.42380346947843,,0.00127551020408163,0.0153061224489796,,0.0038265306122449,0.00127551020408163,,,,,,,0.0216836734693878,0.394132653061225,,0.0038265306122449,0.539540816326531,0.0178571428571429,,,0.00127551020408163,,3.64868046469116e-16,"Polar
uncharged",0.58,2.32
54,,P,0.926020408163265,0.56268718089776,,0.00255102040816327,,0.0293367346938776,,,,,0.00255102040816327,0.00892857142857143,0.00127551020408163,,,0.926020408163265,,,0.00892857142857143,0.00637755102040816,0.014030612244898,,,,6.67839762322362e-36,"Non-polar
aliphatic",0.97029702970297,2.77227722772277
55,,T,0.863520408163265,0.772461829441149,,0.00127551020408163,,0.00510204081632653,0.00127551020408163,,,,,,0.00127551020408163,0.0127551020408163,0.00255102040816327,,0.00255102040816327,,0.102040816326531,0.863520408163265,0.0076530612244898,,,,1.19489148786494e-58,"Polar
uncharged",0.97,3.88
56,,R,0.991071428571429,0.0788862757515377,,0.00127551020408163,,,,,,,0.0076530612244898,,,,,,,0.991071428571429,,,,,,,2.53352136214631e-121,Pos,1,6.66666666666667
57,,G,0.889030612244898,0.623648300555338,,0.00127551020408163,0.00127551020408163,0.0778061224489796,,0.00127551020408163,,0.889030612244898,,,,,,,,,0.0293367346938776,,,,,,1.56175636939101e-35,"Non-polar
aliphatic",0.97,2.77142857142857
58,,W,0.994897959183674,0.0538455013541159,0.00127551020408163,0.00127551020408163,,,,,,,,,,,,,,,,,,0.994897959183674,0.00255102040816327,,2.53352136214631e-121,"Aro-
matic",1,6.66666666666667
59,,V,0.785714285714286,0.806806515626218,,,,,,,,0.00127551020408163,,0.206632653061225,0.00510204081632653,,,,,,,0.00127551020408163,0.785714285714286,,,,4.41695100001652e-39,"Non-polar
aliphatic",1,2.85714285714286
60,,S,0.756377551020408,1.4095689819729,,0.076530612244898,,0.00255102040816327,,0.00255102040816327,,0.0229591836734694,0.0114795918367347,0.0038265306122449,0.00127551020408163,,0.0650510204081633,0.00510204081632653,0.00127551020408163,0.0497448979591837,0.756377551020408,0.00127551020408163,,,,,2.18309435154512e-38,"Polar
uncharged",0.82,3.28
61,,I,0.260204081632653,2.92489740117541,,0.128826530612245,0.0038265306122449,0.038265306122449,,0.0293367346938776,,,0.00127551020408163,0.260204081632653,0.0153061224489796,0.038265306122449,0.00127551020408163,,0.00255102040816327,0.0982142857142857,0.0216836734693878,0.183673469387755,0.174744897959184,,0.00255102040816327,,7.23068347372425e-07,"Non-polar
aliphatic",0.53,1.51428571428571
62,,K,0.6875,1.25795550042863,,0.6875,0.00255102040816327,0.0076530612244898,,0.00127551020408163,,0.0038265306122449,,,,0.00255102040816327,0.0204081632653061,,0.00510204081632653,0.25765306122449,0.0076530612244898,0.00255102040816327,0.00127551020408163,,,,6.4377964811542e-106,Pos,0.940594059405941,6.27062706270627
63,,Y,0.650510204081633,1.74795048127951,0.00127551020408163,0.0038265306122449,0.0153061224489796,,0.0038265306122449,,0.0497448979591837,,0.0038265306122449,,0.17984693877551,0.0344387755102041,0.0344387755102041,,0.0076530612244898,0.014030612244898,0.00127551020408163,,,,0.650510204081633,,5.84047981020751e-51,"Aro-
matic",0.7,4.66666666666667
64,,L,0.559948979591837,1.66167587953681,0.00127551020408163,,,0.0127551020408163,0.0038265306122449,,,,,0.210459183673469,0.559948979591837,0.0114795918367347,,,,,,0.0102040816326531,0.190051020408163,,,,1.80502648065324e-37,"Non-polar
aliphatic",0.98989898989899,2.82828282828283
65,,K,0.496173469387755,1.3560643933452,0.00255102040816327,0.496173469387755,0.00255102040816327,,,0.0216836734693878,,,0.00637755102040816,0.00510204081632653,,,,,0.0076530612244898,0.454081632653061,0.00127551020408163,,0.00255102040816327,,,,4.07436930452518e-110,Pos,0.96,6.4
66,,P,0.660714285714286,1.66762012970342,0.0038265306122449,0.014030612244898,0.0216836734693878,0.0293367346938776,,0.214285714285714,,0.00255102040816327,0.00255102040816327,0.0038265306122449,0.00892857142857143,0.0038265306122449,0.00510204081632653,0.660714285714286,0.0114795918367347,0.00637755102040816,0.0076530612244898,0.0038265306122449,,,,,3.25555520051667e-21,"Non-polar
aliphatic",0.71,2.02857142857143
67,,Y,0.915816326530612,0.453939280497495,0.00510204081632653,0.00127551020408163,,,,,0.0778061224489796,,,,,,,,,,,,,,0.915816326530612,,4.26457960227582e-120,"Aro-
matic",1,6.66666666666667
68,,K,0.413265306122449,2.39393735804965,0.00892857142857143,0.413265306122449,0.00255102040816327,0.0114795918367347,0.0102040816326531,0.014030612244898,,0.0038265306122449,0.0114795918367347,0.0102040816326531,0.0191326530612245,,0.0102040816326531,0.00127551020408163,0.193877551020408,0.0191326530612245,0.0153061224489796,0.251275510204082,0.00255102040816327,,0.00127551020408163,,3.41935529309791e-26,"Polar
uncharged",0.484848484848485,1.93939393939394
69,,G,0.946428571428571,0.396100267910252,0.0357142857142857,,0.00255102040816327,,,0.00255102040816327,,0.946428571428571,,,0.00127551020408163,,0.00255102040816327,0.00637755102040816,,,0.00127551020408163,,,,,0.00127551020408163,2.74653049587598e-36,"Non-polar
aliphatic",0.989583333333333,2.82738095238095
70,,S,0.905612244897959,0.69910421396866,0.0420918367346939,0.00892857142857143,,0.0127551020408163,0.00127551020408163,0.00127551020408163,,0.00127551020408163,,0.00127551020408163,0.00637755102040816,,0.00127551020408163,0.00510204081632653,,,0.905612244897959,0.0102040816326531,0.00255102040816327,,,,2.01638659891728e-54,"Polar
uncharged",0.958333333333333,3.83333333333333
71,,S,0.377551020408163,2.53538454823006,0.0408163265306122,0.182397959183673,0.251275510204082,0.0229591836734694,0.00127551020408163,0.0114795918367347,,0.0165816326530612,0.0102040816326531,,0.00127551020408163,,0.0293367346938776,0.0038265306122449,0.0178571428571429,0.0038265306122449,0.377551020408163,0.0267857142857143,0.00127551020408163,,0.00127551020408163,,4.89782400070307e-18,"Polar
uncharged",0.46875,1.875
72,,S,0.418367346938776,2.10414852584316,0.0459183673469388,0.00127551020408163,0.387755102040816,0.0395408163265306,0.0229591836734694,0.0038265306122449,,0.0229591836734694,0.0191326530612245,,0.0038265306122449,,0.0102040816326531,0.00892857142857143,,,0.418367346938776,0.00127551020408163,0.014030612244898,,,,4.44128614287065e-32,"Polar
uncharged",0.473684210526316,1.89473684210526
73,,K,0.262755102040816,2.86540876068144,0.0459183673469388,0.262755102040816,,0.0663265306122449,0.00255102040816327,0.0293367346938776,0.0076530612244898,0.258928571428571,0.00127551020408163,0.00127551020408163,0.00255102040816327,0.00127551020408163,0.00127551020408163,0.00892857142857143,0.0076530612244898,0.0778061224489796,0.178571428571429,0.0267857142857143,0.0191326530612245,,,,6.34614302978277e-09,"Non-polar
aliphatic",0.375,1.07142857142857
74,,E,0.594387755102041,1.65063500933052,0.0408163265306122,0.0127551020408163,0.293367346938776,0.0038265306122449,,0.594387755102041,,0.0076530612244898,0.00637755102040816,,,0.00127551020408163,0.00510204081632653,0.0076530612244898,0.0038265306122449,0.00127551020408163,0.0178571428571429,0.00127551020408163,0.00255102040816327,,,,1.1826319072399e-156,Neg,0.927083333333333,9.27083333333333
75,,A,0.487244897959184,2.0218668929959,0.0497448979591837,0.0038265306122449,0.00127551020408163,0.487244897959184,0.0114795918367347,,0.0267857142857143,,,0.00127551020408163,0.00255102040816327,0.0038265306122449,0.00127551020408163,0.00255102040816327,0.00255102040816327,0.00127551020408163,0.0102040816326531,0.32015306122449,0.0650510204081633,,0.00892857142857143,,4.47088308148494e-10,"Non-polar
aliphatic",0.583333333333333,1.66666666666667
76,,Q,0.302295918367347,2.50235365714557,0.0395408163265306,0.261479591836735,,,,0.0038265306122449,0.0038265306122449,0.00637755102040816,,0.00255102040816327,0.201530612244898,0.126275510204082,0.00127551020408163,0.0076530612244898,0.302295918367347,0.0306122448979592,0.00510204081632653,0.00127551020408163,0.00637755102040816,,,,2.30437449744654e-08,"Non-polar
aliphatic",0.368421052631579,1.05263157894737
77,,K,0.590561224489796,2.22322493330648,0.038265306122449,0.590561224489796,0.0038265306122449,0.00892857142857143,,0.00127551020408163,0.00255102040816327,0.0076530612244898,0.00255102040816327,0.0178571428571429,,0.00637755102040816,0.00892857142857143,0.0586734693877551,,0.0612244897959184,0.0586734693877551,0.11734693877551,0.0153061224489796,,,,3.26914704359925e-46,Pos,0.68421052631579,4.56140350877193
78,,G,0.926020408163265,0.540249230064747,0.0395408163265306,0.00255102040816327,0.00255102040816327,0.00127551020408163,,,,0.926020408163265,,,,,0.0153061224489796,,,0.00255102040816327,0.00255102040816327,0.00255102040816327,0.00510204081632653,,,,6.4820958055004e-34,"Non-polar
aliphatic",0.96875,2.76785714285714
79,,G,0.934948979591837,0.515624838780506,0.0331632653061225,,0.0038265306122449,0.00255102040816327,0.00255102040816327,,,0.934948979591837,0.00255102040816327,0.0038265306122449,,,0.00510204081632653,0.00255102040816327,0.0038265306122449,0.0038265306122449,,,0.00127551020408163,,,,1.76406353442912e-35,"Non-polar
aliphatic",0.979381443298969,2.79823269513991
80,,M,0.36734693877551,2.63952721308703,0.0331632653061225,0.0216836734693878,0.00127551020408163,0.014030612244898,,0.00127551020408163,0.00127551020408163,,0.186224489795918,0.0191326530612245,0.0573979591836735,0.36734693877551,0.00127551020408163,0.0178571428571429,0.0204081632653061,0.00510204081632653,0.00127551020408163,0.0267857142857143,0.224489795918367,,,,8.3783083970978e-17,"Non-polar
aliphatic",0.729166666666667,2.08333333333333
81,,F,0.876275510204082,0.799787500611863,0.0650510204081633,,,,0.0076530612244898,,0.876275510204082,0.00255102040816327,0.00127551020408163,,0.00892857142857143,,,0.00255102040816327,,,,0.00255102040816327,0.00127551020408163,0.00255102040816327,0.0293367346938776,,1.73194219021351e-105,"Aro-
matic",0.968085106382979,6.45390070921986
82,,Y,0.591836734693878,1.49423016516734,0.0637755102040816,0.00255102040816327,,,0.00127551020408163,,0.303571428571429,,0.0255102040816327,0.00127551020408163,,,,0.00127551020408163,,,0.00255102040816327,0.0038265306122449,0.00127551020408163,0.00127551020408163,0.591836734693878,,7.99626274218398e-103,"Aro-
matic",0.957446808510638,6.38297872340426
83,,S,0.854591836734694,0.937271191534398,0.0599489795918367,0.00127551020408163,0.00127551020408163,0.00127551020408163,0.0204081632653061,,,,,0.00255102040816327,,0.00255102040816327,0.00637755102040816,0.00255102040816327,,,0.854591836734694,0.0420918367346939,0.00255102040816327,,0.00255102040816327,,1.87213333708113e-57,"Polar
uncharged",0.989247311827957,3.95698924731183
84,,T,0.330357142857143,2.65923705602152,0.0459183673469388,0.00637755102040816,,0.105867346938776,0.0076530612244898,0.00255102040816327,,0.235969387755102,0.00637755102040816,0.0038265306122449,0.0165816326530612,0.0165816326530612,0.00255102040816327,0.0102040816326531,0.00637755102040816,0.00127551020408163,0.1875,0.330357142857143,0.0114795918367347,,0.00255102040816327,,2.89192612082701e-15,"Polar
uncharged",0.563829787234043,2.25531914893617
85,,K,0.839285714285714,1.02958596690417,0.0420918367346939,0.839285714285714,0.0420918367346939,0.00127551020408163,,0.00127551020408163,,,,,0.00127551020408163,,0.0318877551020408,,0.00255102040816327,0.0293367346938776,0.0076530612244898,,0.00127551020408163,,,,1.31958595932075e-93,Pos,0.91578947368421,6.10526315789474
86,,P,0.855867346938776,0.982156055241194,0.0420918367346939,0.0038265306122449,,0.0127551020408163,,,,,,,0.00637755102040816,0.0038265306122449,0.00637755102040816,0.855867346938776,0.0038265306122449,,0.048469387755102,0.0114795918367347,0.00255102040816327,0.00127551020408163,0.00127551020408163,,2.87110568196818e-29,"Non-polar
aliphatic",0.926315789473684,2.64661654135338
87,,E,0.63265306122449,1.79385854542214,0.0420918367346939,0.0255102040816327,0.0178571428571429,0.00892857142857143,,0.63265306122449,,0.00127551020408163,0.00127551020408163,0.00510204081632653,0.0038265306122449,0.00510204081632653,0.0038265306122449,0.0038265306122449,0.0076530612244898,0.00255102040816327,0.00892857142857143,0.0114795918367347,0.218112244897959,,,,1.92524721449952e-77,Neg,0.677083333333333,6.77083333333333
88,,I,0.860969387755102,0.939242895568302,0.0433673469387755,0.00255102040816327,,0.00255102040816327,0.00892857142857143,0.00127551020408163,0.0038265306122449,,0.00127551020408163,0.860969387755102,0.0076530612244898,,,,0.0038265306122449,,,0.00127551020408163,0.0471938775510204,0.0153061224489796,,,1.55179489295611e-33,"Non-polar
aliphatic",0.968421052631579,2.76691729323308
89,,K,0.408163265306122,2.2716825353969,0.0395408163265306,0.408163265306122,0.00127551020408163,0.00255102040816327,,0.00255102040816327,,0.00255102040816327,0.0178571428571429,0.0102040816326531,0.188775510204082,0.00127551020408163,0.0038265306122449,0.00127551020408163,0.0369897959183673,0.267857142857143,0.00127551020408163,0.00127551020408163,0.00892857142857143,,0.0038265306122449,,7.57812017509089e-54,Pos,0.726315789473684,4.8421052631579
90,,R,0.715561224489796,1.52228426590654,0.0395408163265306,0.137755102040816,0.00255102040816327,0.00127551020408163,,0.0076530612244898,,0.00127551020408163,0.0459183673469388,,,,0.0204081632653061,0.00255102040816327,0.0204081632653061,0.715561224489796,0.0038265306122449,,0.00127551020408163,,,,7.89561854412514e-100,Pos,0.9375,6.25
91,,A,0.891581632653061,0.737355369786907,0.038265306122449,0.00255102040816327,0.00255102040816327,0.891581632653061,,,0.00127551020408163,0.0420918367346939,,0.00127551020408163,0.00255102040816327,,,,,,0.0127551020408163,0.00127551020408163,0.00255102040816327,0.00127551020408163,,,7.09038483065569e-36,"Non-polar
aliphatic",0.989473684210526,2.82706766917293
92,,M,0.839285714285714,1.08021218223104,0.0369897959183673,0.00255102040816327,,0.0306122448979592,0.00637755102040816,0.00127551020408163,,0.00127551020408163,,0.00637755102040816,0.0216836734693878,0.839285714285714,,,,,0.00127551020408163,0.014030612244898,0.038265306122449,,,,4.29154225867538e-35,"Non-polar
aliphatic",0.979166666666667,2.79761904761905
93,,E,0.302295918367347,2.54735144004052,0.038265306122449,0.0586734693877551,0.0191326530612245,0.0229591836734694,0.0038265306122449,0.302295918367347,,0.0076530612244898,,0.0076530612244898,0.00637755102040816,0.00892857142857143,0.00255102040816327,0.00637755102040816,0.207908163265306,0.00255102040816327,0.0038265306122449,0.00127551020408163,0.299744897959184,,,,8.98921499606411e-15,"Non-polar
aliphatic",0.375,1.07142857142857
94,,L,0.641581632653061,1.82757955244863,0.038265306122449,0.00637755102040816,0.00510204081632653,0.00255102040816327,,0.0446428571428571,,0.00127551020408163,0.00510204081632653,0.00127551020408163,0.641581632653061,0.038265306122449,0.0038265306122449,0.00127551020408163,0.0204081632653061,0.17984693877551,0.00510204081632653,0.00255102040816327,,,0.00255102040816327,,3.67106691586525e-15,"Non-polar
aliphatic",0.71875,2.05357142857143
95,,A,0.938775510204082,0.44768020108919,0.0408163265306122,0.00255102040816327,,0.938775510204082,0.00127551020408163,0.00255102040816327,0.00127551020408163,0.00637755102040816,,,0.00127551020408163,,0.00127551020408163,,,,0.00255102040816327,0.00127551020408163,,,,,2.83270098481908e-36,"Non-polar
aliphatic",0.989583333333333,2.82738095238095
96,,D,0.918367346938776,0.57445804901326,0.0408163265306122,0.00637755102040816,0.918367346938776,0.00127551020408163,,0.0229591836734694,,,,,,,0.0038265306122449,,,,0.00255102040816327,0.00127551020408163,0.00127551020408163,,0.00127551020408163,,3.73504144952451e-177,Neg,0.979166666666667,9.79166666666667
97,,D,0.364795918367347,2.84034327625067,0.0433673469387755,0.0829081632653061,0.364795918367347,0.0586734693877551,0.00255102040816327,0.233418367346939,,0.0727040816326531,0.0038265306122449,0.0038265306122449,0.00510204081632653,,0.024234693877551,,0.0127551020408163,0.0318877551020408,0.0369897959183673,0.00255102040816327,0.0191326530612245,,0.00127551020408163,,1.54483261802259e-63,Neg,0.625,6.25
98,,A,0.75765306122449,1.26878282801296,0.0471938775510204,0.00255102040816327,,0.75765306122449,0.00127551020408163,,0.0038265306122449,0.00892857142857143,,0.00637755102040816,0.00637755102040816,,,,0.00127551020408163,,0.0102040816326531,0.00510204081632653,0.147959183673469,0.00127551020408163,,,6.48209580550031e-34,"Non-polar
aliphatic",0.96875,2.76785714285714
99,,M,0.538265306122449,1.65946414765362,0.0522959183673469,,,,,0.00127551020408163,0.0114795918367347,,0.00255102040816327,0.0318877551020408,0.336734693877551,0.538265306122449,,,,0.00510204081632653,0.00127551020408163,,0.0191326530612245,,,,1.08760012700546e-34,"Non-polar
aliphatic",0.978947368421053,2.79699248120301
100,,S,0.371173469387755,2.88402792359356,0.0522959183673469,0.0982142857142857,,0.0229591836734694,0.00510204081632653,0.00637755102040816,0.136479591836735,0.0204081632653061,0.00510204081632653,,0.0114795918367347,,0.170918367346939,0.024234693877551,0.0293367346938776,0.024234693877551,0.371173469387755,0.0204081632653061,0.00127551020408163,,,,8.98760498993902e-17,"Polar
uncharged",0.625,2.5
101,,K,0.599489795918367,1.86474569700161,0.0522959183673469,0.599489795918367,0.221938775510204,0.00127551020408163,,0.0178571428571429,,,0.00127551020408163,0.0153061224489796,0.038265306122449,0.0318877551020408,0.00255102040816327,0.00127551020408163,0.00892857142857143,,0.00127551020408163,0.00510204081632653,0.00127551020408163,,,,1.21958506988127e-46,Pos,0.631578947368421,4.21052631578947
102,,D,0.586734693877551,1.93997372241931,0.0994897959183673,0.0102040816326531,0.586734693877551,0.0102040816326531,0.00127551020408163,0.0293367346938776,,0.0127551020408163,0.00127551020408163,0.00127551020408163,,,0.0127551020408163,0.00637755102040816,,0.0038265306122449,0.198979591836735,0.0255102040816327,,,,,4.62543926260382e-76,Neg,0.681318681318681,6.81318681318681
103,,K,0.568877551020408,2.14503694017754,0.102040816326531,0.568877551020408,0.00510204081632653,0.0191326530612245,0.00127551020408163,0.0038265306122449,,,0.00127551020408163,,0.0178571428571429,0.00127551020408163,0.00510204081632653,0.170918367346939,0.0076530612244898,0.0318877551020408,0.00637755102040816,0.0318877551020408,0.0255102040816327,,,,6.53734134714292e-42,Pos,0.674157303370787,4.49438202247191
104,,T,0.336734693877551,2.74116537504587,0.104591836734694,0.0076530612244898,0.0280612244897959,0.0318877551020408,0.00255102040816327,0.248724489795918,,0.00127551020408163,,0.130102040816327,0.00255102040816327,0.00892857142857143,0.00892857142857143,0.00637755102040816,0.00637755102040816,0.00127551020408163,0.0446428571428571,0.336734693877551,0.0293367346938776,,,,5.68021555270317e-17,"Polar
uncharged",0.444444444444444,1.77777777777778
105,,K,0.528061224489796,1.82579205747197,0.288265306122449,0.528061224489796,0.0153061224489796,0.00127551020408163,,0.0880102040816327,,0.00255102040816327,,,0.00255102040816327,,0.0038265306122449,,0.0573979591836735,0.00892857142857143,0.00127551020408163,0.00127551020408163,0.00127551020408163,,,,3.14515218534672e-46,Pos,0.76056338028169,5.07042253521127
106,,R,0.636479591836735,1.0137979146973,0.355867346938776,0.00255102040816327,,0.00127551020408163,,,,,,,,0.00127551020408163,,0.00255102040816327,,0.636479591836735,,,,,,,1.35746751007355e-75,Pos,0.984615384615385,6.56410256410256
107,,L,0.598214285714286,1.07144996702594,0.39030612244898,,,0.00127551020408163,,,0.00127551020408163,,,0.00127551020408163,0.598214285714286,0.0038265306122449,,,,,,,0.0038265306122449,,,,1.44898938078454e-23,"Non-polar
aliphatic",1,2.85714285714286
