POS,refAA,consensus,conservation,entropy,-,A,D,E,F,G,H,K,L,M,N,P,Q,R,S,T,V,C,I,W,Y,X,chi.p,Property,Property_cons,Property_oe
1,I,K,0.277945619335347,3.40792893767115,0.151057401812689,0.0453172205438067,0.0120845921450151,0.0241691842900302,,0.0392749244712991,0.00302114803625378,0.277945619335347,0.0151057401812689,0.00302114803625378,0.0422960725075529,0.0906344410876133,0.0211480362537764,0.0392749244712991,0.0725075528700906,0.0725075528700906,0.0151057401812689,0.00302114803625378,0.0725075528700906,,,,5.55291255048319e-09,Pos,0.376470588235294,2.50980392156863
2,T,S,0.29607250755287,3.25255545869903,0.123867069486405,0.0422960725075529,0.00604229607250755,0.0181268882175227,0.00302114803625378,0.0332326283987915,,0.027190332326284,0.138972809667674,0.00604229607250755,0.0120845921450151,0.0906344410876133,0.00906344410876133,0.027190332326284,0.29607250755287,0.114803625377644,0.0332326283987915,0.00604229607250755,0.00906344410876133,,0.00302114803625378,,4.60425116429774e-09,"Polar
uncharged",0.505747126436782,2.02298850574713
3,Y,Y,0.513595166163142,2.83387832868023,0.0634441087613293,0.0332326283987915,0.0211480362537764,0.0181268882175227,0.0634441087613293,0.0151057401812689,0.0694864048338369,0.00604229607250755,0.0362537764350453,0.00302114803625378,0.0181268882175227,0.0574018126888218,0.00604229607250755,0.0151057401812689,0.027190332326284,0.00302114803625378,0.00906344410876133,0.0151057401812689,0.00302114803625378,0.00302114803625378,0.513595166163142,,5.73538343720896e-34,"Aro-
matic",0.617021276595745,4.11347517730496
4,G,G,0.664652567975831,2.01973940648529,0.0302114803625378,0.0755287009063444,0.0151057401812689,0.00604229607250755,0.00604229607250755,0.664652567975831,0.0211480362537764,0.0483383685800604,,,,0.0241691842900302,0.0181268882175227,0.0181268882175227,0.054380664652568,0.0151057401812689,0.00302114803625378,,,,,,2.29803746625762e-17,"Non-polar
aliphatic",0.785714285714286,2.24489795918367
5,D,E,0.226586102719033,3.28382546136443,0.0302114803625378,0.120845921450151,0.172205438066465,0.226586102719033,,0.0332326283987915,0.0151057401812689,0.0876132930513595,0.00302114803625378,0.00302114803625378,0.0151057401812689,0.0392749244712991,0.120845921450151,0.0241691842900302,0.0876132930513595,0.0120845921450151,0.00604229607250755,,0.00302114803625378,,,,1.5647710713807e-23,Neg,0.408163265306122,4.08163265306122
6,E,E,0.637462235649547,2.10269329374425,0.0302114803625378,0.027190332326284,0.129909365558912,0.637462235649547,,0.0332326283987915,0.00906344410876133,0.0151057401812689,0.00906344410876133,,0.00604229607250755,0.0120845921450151,0.00604229607250755,0.0120845921450151,0.0422960725075529,0.0120845921450151,0.0120845921450151,,0.00604229607250755,,,,1.03133983739807e-109,Neg,0.785714285714286,7.85714285714286
7,V,V,0.6797583081571,1.85478278492661,0.0302114803625378,0.102719033232628,0.00604229607250755,,0.0453172205438067,0.00604229607250755,,0.0120845921450151,0.054380664652568,0.00604229607250755,,0.00302114803625378,0.00604229607250755,0.00302114803625378,,0.00302114803625378,0.6797583081571,0.00906344410876133,0.0332326283987915,,,,1.59237398742069e-27,"Non-polar
aliphatic",0.898989898989899,2.56854256854257
8,V,V,0.758308157099698,1.24901555894174,0.027190332326284,0.00302114803625378,,0.00906344410876133,,,,,0.081570996978852,,,,,,0.00604229607250755,0.00302114803625378,0.758308157099698,,0.11178247734139,,,,1.73436066395512e-35,"Non-polar
aliphatic",0.979381443298969,2.79823269513991
9,G,G,0.637462235649547,1.79964584219962,0.0211480362537764,0.00604229607250755,0.114803625377644,0.0694864048338369,,0.637462235649547,,,0.00302114803625378,,0.102719033232628,,,0.0362537764350453,0.00906344410876133,,,,,,,,3.67297219949225e-13,"Non-polar
aliphatic",0.663265306122449,1.89504373177843
10,K,K,0.510574018126888,1.62213783597418,0.0211480362537764,,0.00604229607250755,0.00604229607250755,,,,0.510574018126888,0.0120845921450151,0.00604229607250755,,,0.0120845921450151,0.398791540785499,0.00906344410876133,0.00906344410876133,,0.00302114803625378,,0.00604229607250755,,,1.51821475138512e-99,Pos,0.928571428571429,6.19047619047619
11,Q,R,0.818731117824773,1.15527337294372,0.0181268882175227,0.0120845921450151,,0.00906344410876133,,0.00906344410876133,,0.0422960725075529,,,,,0.0664652567975831,0.818731117824773,0.00604229607250755,0.00302114803625378,,0.0151057401812689,,,,,3.75275591330672e-87,Pos,0.877551020408163,5.85034013605442
12,V,I,0.531722054380665,1.57759911651842,0.0181268882175227,,,,,,,,0.166163141993958,,,,,,,,0.277945619335347,0.00604229607250755,0.531722054380665,,,,1.80502648065324e-37,"Non-polar
aliphatic",0.98989898989899,2.82828282828283
13,R,R,0.513595166163142,1.72441982282961,0.0181268882175227,0.0120845921450151,0.00302114803625378,0.027190332326284,,0.00302114803625378,0.00302114803625378,0.368580060422961,,,0.00906344410876133,,0.00906344410876133,0.513595166163142,0.0302114803625378,0.00302114803625378,,,,,,,3.71666222844086e-93,Pos,0.898989898989899,5.99326599326599
14,V,V,0.909365558912387,0.509621146540194,0.0211480362537764,,,,,,,,,,,,,,,,0.909365558912387,,0.0694864048338369,,,,2.77325608226015e-38,"Non-polar
aliphatic",1,2.85714285714286
15,Y,Y,0.755287009063444,1.17136306507837,0.0181268882175227,,,,0.169184290030212,,0.00906344410876133,,0.0120845921450151,,,,,,,,0.00302114803625378,,,0.0332326283987915,0.755287009063444,,1.29753508333228e-111,"Aro-
matic",0.96969696969697,6.46464646464647
16,W,W,0.969788519637462,0.242912058255598,0.0181268882175227,,,,0.00302114803625378,,,,,,,,,,0.00302114803625378,,,,,0.969788519637462,0.00604229607250755,,7.17767650427555e-119,"Aro-
matic",1,6.66666666666667
17,P,P,0.927492447129909,0.587190668107604,0.00906344410876133,0.0181268882175227,,0.00604229607250755,0.00302114803625378,0.00604229607250755,,0.0151057401812689,,,,0.927492447129909,,0.00604229607250755,0.00302114803625378,,0.00604229607250755,,,,,,3.8847840300445e-35,"Non-polar
aliphatic",0.96969696969697,2.77056277056277
18,L,L,0.785498489425982,1.46056342973503,0.00604229607250755,0.0332326283987915,0.0574018126888218,0.00604229607250755,0.00302114803625378,0.00906344410876133,,0.0241691842900302,0.785498489425982,0.0211480362537764,0.00302114803625378,,0.00906344410876133,0.00302114803625378,0.0120845921450151,0.00604229607250755,0.00302114803625378,,0.0181268882175227,,,,7.29300360257733e-26,"Non-polar
aliphatic",0.878787878787879,2.51082251082251
19,D,D,0.95166163141994,0.327315074094749,,,0.95166163141994,0.0392749244712991,,,0.00302114803625378,,,0.00302114803625378,,,,0.00302114803625378,,,,,,,,,3.30185048589726e-189,Neg,0.99,9.9
20,K,K,0.634441087613293,1.95086974024348,,0.0151057401812689,0.11178247734139,0.0513595166163142,,0.0302114803625378,0.00302114803625378,0.634441087613293,,,0.0453172205438067,,0.0604229607250755,0.0392749244712991,0.00906344410876133,,,,,,,,1.23636222555105e-50,Pos,0.68,4.53333333333333
21,K,A,0.362537764350453,2.88400222932662,0.00302114803625378,0.362537764350453,0.00604229607250755,0.0422960725075529,,0.00302114803625378,,0.0936555891238671,,0.00302114803625378,0.027190332326284,,0.0151057401812689,0.0241691842900302,0.202416918429003,0.102719033232628,0.0302114803625378,0.0453172205438067,0.0362537764350453,,0.00302114803625378,,1.10768613685978e-05,"Non-polar
aliphatic",0.44,1.25714285714286
22,W,W,0.942598187311178,0.401182584683293,0.00906344410876133,,,,0.00302114803625378,,,,0.00302114803625378,,,,,,0.00302114803625378,,,,,0.942598187311178,0.0392749244712991,,7.17767650427555e-119,"Aro-
matic",1,6.66666666666667
23,Y,Y,0.942598187311178,0.395140288610785,0.00906344410876133,,0.00604229607250755,,0.0392749244712991,,,,,,0.00302114803625378,,,,,,,,,,0.942598187311178,,3.00843059588647e-117,"Aro-
matic",0.98989898989899,6.5993265993266
24,D,E,0.61631419939577,2.13361147992307,0.00906344410876133,0.054380664652568,0.13595166163142,0.61631419939577,0.00604229607250755,0.0181268882175227,0.00906344410876133,0.0332326283987915,,,0.00302114803625378,0.0181268882175227,0.0302114803625378,0.00302114803625378,0.0120845921450151,0.0422960725075529,0.00604229607250755,,,0.00302114803625378,,,1.74683036486152e-100,Neg,0.75,7.5
25,G,G,0.957703927492447,0.329244382622235,0.00906344410876133,0.0151057401812689,0.00302114803625378,,,0.957703927492447,,,,,,,,,,,,0.0151057401812689,,,,,2.74616321947957e-36,"Non-polar
aliphatic",0.97979797979798,2.7994227994228
26,S,C,0.250755287009063,3.44091234170913,0.00604229607250755,0.00604229607250755,0.0151057401812689,0.00906344410876133,0.0362537764350453,0.00302114803625378,0.0241691842900302,0.0392749244712991,0.0513595166163142,0.0120845921450151,0.00906344410876133,,0.027190332326284,0.129909365558912,0.16012084592145,0.0755287009063444,0.0845921450151058,0.250755287009063,0.00906344410876133,0.00302114803625378,0.0483383685800604,,6.5477963636273e-10,"Polar
uncharged",0.525252525252525,2.1010101010101
27,V,V,0.88821752265861,0.57863702819477,0.00604229607250755,,,,,,,,0.00302114803625378,0.00302114803625378,,,,,,,0.88821752265861,,0.0996978851963746,,,,1.10682245185268e-38,"Non-polar
aliphatic",1,2.85714285714286
28,T,K,0.595166163141994,2.273221551625,0.00604229607250755,0.0513595166163142,0.0302114803625378,0.0483383685800604,,0.0181268882175227,,0.595166163141994,,0.00906344410876133,0.00604229607250755,,0.0120845921450151,0.0392749244712991,0.0241691842900302,0.117824773413897,0.0181268882175227,,0.0241691842900302,,,,7.73257634600229e-40,Pos,0.636363636363636,4.24242424242424
29,F,S,0.658610271903323,2.04554226321474,0.00302114803625378,0.11178247734139,0.0211480362537764,0.027190332326284,0.0332326283987915,0.0302114803625378,0.00604229607250755,0.0181268882175227,0.027190332326284,0.0181268882175227,0.00302114803625378,,0.0211480362537764,0.00906344410876133,0.658610271903323,,0.00302114803625378,0.00604229607250755,,,0.00302114803625378,,8.80516493268456e-22,"Polar
uncharged",0.69,2.76
30,Y,F,0.589123867069486,1.52028294962606,0.00906344410876133,0.00906344410876133,,0.00302114803625378,0.589123867069486,,0.00906344410876133,0.00302114803625378,0.0151057401812689,,,,0.00302114803625378,0.00302114803625378,0.00302114803625378,,0.00604229607250755,0.00302114803625378,0.00604229607250755,0.00302114803625378,0.335347432024169,,5.26503277632388e-102,"Aro-
matic",0.93,6.2
31,D,D,0.773413897280967,1.43523946611449,0.0211480362537764,,0.773413897280967,0.0302114803625378,,,0.0211480362537764,0.00906344410876133,0.00302114803625378,,0.081570996978852,,0.00906344410876133,0.00604229607250755,0.0302114803625378,0.00604229607250755,,0.00302114803625378,0.00302114803625378,,0.00302114803625378,,1.51533842942686e-120,Neg,0.816326530612245,8.16326530612245
32,K,K,0.444108761329305,2.64329883496968,0.0332326283987915,0.120845921450151,0.054380664652568,0.154078549848943,,0.027190332326284,,0.444108761329305,,0.00604229607250755,0.0151057401812689,0.0151057401812689,,0.0241691842900302,0.081570996978852,0.0120845921450151,0.0120845921450151,,,,,,6.82324480838471e-24,Pos,0.484536082474227,3.23024054982818
33,G,G,0.148036253776435,3.61260243430297,0.0302114803625378,0.102719033232628,0.0664652567975831,0.120845921450151,,0.148036253776435,0.0120845921450151,0.0483383685800604,0.0876132930513595,,0.0211480362537764,0.00302114803625378,0.0181268882175227,0.0151057401812689,0.108761329305136,0.027190332326284,0.108761329305136,0.00302114803625378,0.0785498489425982,,,,9.67096910880628e-08,"Non-polar
aliphatic",0.540816326530612,1.54518950437318
34,E,S,0.513595166163142,2.56528301493138,0.027190332326284,0.0392749244712991,0.0211480362537764,0.0845921450151058,,0.027190332326284,0.00302114803625378,0.0181268882175227,0.0181268882175227,,0.027190332326284,,0.0151057401812689,0.0120845921450151,0.513595166163142,0.151057401812689,0.0120845921450151,0.0302114803625378,,,,,1.42608495087439e-29,"Polar
uncharged",0.755102040816326,3.02040816326531
35,G,G,0.65558912386707,1.97068279323649,0.00906344410876133,0.00906344410876133,0.00604229607250755,0.00604229607250755,,0.65558912386707,0.00906344410876133,0.0362537764350453,,,0.0694864048338369,0.00604229607250755,0.00604229607250755,0.0634441087613293,0.0845921450151058,0.00906344410876133,,0.0302114803625378,,,,,3.30678556377771e-11,"Non-polar
aliphatic",0.676767676767677,1.93362193362193
36,K,K,0.788519637462236,1.29621174991379,0.00604229607250755,0.00302114803625378,0.00302114803625378,0.0483383685800604,,,,0.788519637462236,0.00604229607250755,0.00302114803625378,0.00906344410876133,,0.00302114803625378,0.0906344410876133,0.00906344410876133,0.0211480362537764,0.00604229607250755,,0.00302114803625378,,,,7.51093067885875e-91,Pos,0.888888888888889,5.92592592592593
37,H,H,0.933534743202417,0.557555267444855,0.0120845921450151,,,,0.00906344410876133,,0.933534743202417,,,,0.00302114803625378,,,0.00604229607250755,,0.00906344410876133,0.00604229607250755,0.00604229607250755,,0.00604229607250755,0.00906344410876133,,3.87324915348874e-106,Pos,0.949494949494949,6.32996632996633
38,V,L,0.586102719033233,2.2828503415972,0.00604229607250755,0.0120845921450151,,0.0211480362537764,0.00604229607250755,0.00604229607250755,0.0151057401812689,0.0120845921450151,0.586102719033233,0.0392749244712991,,,0.00604229607250755,0.0966767371601208,0.0302114803625378,0.0302114803625378,0.117824773413897,0.00906344410876133,0.00302114803625378,0.00302114803625378,,,1.39868907488076e-16,"Non-polar
aliphatic",0.767676767676768,2.19336219336219
39,V,V,0.700906344410876,0.981147133606438,0.00906344410876133,,,,,,,,0.00604229607250755,,,,,,,,0.700906344410876,,0.283987915407855,,,,1.10682245185268e-38,"Non-polar
aliphatic",1,2.85714285714286
40,E,Q,0.441087613293051,2.59921222978893,0.00906344410876133,0.0302114803625378,0.00604229607250755,0.138972809667674,,,0.0302114803625378,0.102719033232628,0.11178247734139,,,,0.441087613293051,0.081570996978852,,0.0120845921450151,0.0211480362537764,0.0151057401812689,,,,,3.4998772893737e-10,"Polar
uncharged",0.474747474747475,1.8989898989899
41,Y,Y,0.987915407854985,0.104119734782938,0.00906344410876133,,,,0.00302114803625378,,,,,,,,,,,,,,,,0.987915407854985,,4.26457960227582e-120,"Aro-
matic",1,6.66666666666667
42,E,D,0.830815709969789,0.884288028342001,0.00906344410876133,0.00906344410876133,0.830815709969789,0.129909365558912,,0.00302114803625378,,,0.00906344410876133,,,0.00604229607250755,0.00302114803625378,,,,,,,,,,8.26148784879224e-179,Neg,0.96969696969697,9.6969696969697
43,D,D,0.984894259818731,0.127665455805723,0.00906344410876133,,0.984894259818731,,,0.00604229607250755,,,,,,,,,,,,,,,,,2.99640864196216e-187,Neg,0.98989898989899,9.8989898989899
44,G,G,0.468277945619335,2.09214307279513,0.00604229607250755,0.290030211480363,0.102719033232628,0.0181268882175227,0.0211480362537764,0.468277945619335,,,0.00302114803625378,,0.00302114803625378,,,0.00302114803625378,0.0664652567975831,,,0.0120845921450151,,,0.00604229607250755,,1.22779617033074e-17,"Non-polar
aliphatic",0.767676767676768,2.19336219336219
45,E,E,0.72809667673716,1.08005182336513,0.00604229607250755,,0.232628398791541,0.72809667673716,,,,,,,0.00302114803625378,,0.0211480362537764,,0.00302114803625378,0.00604229607250755,,,,,,,7.84425321387582e-179,Neg,0.96969696969697,9.6969696969697
46,E,E,0.848942598187311,1.05950529774627,0.00604229607250755,0.00302114803625378,0.0332326283987915,0.848942598187311,,,,0.0211480362537764,,,0.00302114803625378,,0.00302114803625378,0.00604229607250755,0.0211480362537764,0.0211480362537764,0.0302114803625378,,,,0.00302114803625378,,5.87247718427856e-147,Neg,0.888888888888889,8.88888888888889
47,E,E,0.972809667673716,0.225174188597721,0.0151057401812689,,0.00302114803625378,0.972809667673716,,0.00302114803625378,,,,,,,0.00604229607250755,,,,,,,,,,2.97920256108975e-187,Neg,0.98989898989899,9.8989898989899
48,S,L,0.199395770392749,3.50412221421471,0.0181268882175227,0.0604229607250755,0.0151057401812689,0.11178247734139,0.0241691842900302,0.00302114803625378,0.00604229607250755,0.0120845921450151,0.199395770392749,0.117824773413897,0.00906344410876133,,0.0241691842900302,0.0211480362537764,0.178247734138973,0.0332326283987915,0.0664652567975831,0.00302114803625378,0.0151057401812689,0.0785498489425982,,0.00302114803625378,0.00629303693884189,"Non-polar
aliphatic",0.469387755102041,1.34110787172012
49,L,L,0.673716012084592,1.33805848017886,0.0181268882175227,,,,,,,,0.673716012084592,,,,,,,0.00302114803625378,0.172205438066465,,0.132930513595166,,,,2.77325608226015e-38,"Non-polar
aliphatic",1,2.85714285714286
50,D,D,0.731117824773414,1.66768954022381,0.027190332326284,0.00604229607250755,0.731117824773414,0.0453172205438067,,,,0.00302114803625378,0.00604229607250755,,0.081570996978852,,0.00302114803625378,0.0120845921450151,0.00604229607250755,0.0120845921450151,0.0422960725075529,0.00604229607250755,0.00906344410876133,,0.00906344410876133,,3.32544206650908e-113,Neg,0.795918367346939,7.95918367346939
51,L,L,0.906344410876133,0.650269427768252,0.0241691842900302,,,,0.00906344410876133,,,,0.906344410876133,0.00302114803625378,,,,,,0.00302114803625378,0.00906344410876133,0.00302114803625378,0.0422960725075529,,,,7.05395134647654e-36,"Non-polar
aliphatic",0.979591836734694,2.79883381924198
52,G,G,0.308157099697885,2.78342025015764,0.0241691842900302,0.18429003021148,0.00906344410876133,0.0996978851963746,,0.308157099697885,,0.0302114803625378,0.0181268882175227,,0.00906344410876133,0.00302114803625378,0.00906344410876133,0.0211480362537764,0.235649546827795,0.0211480362537764,0.0241691842900302,,0.00302114803625378,,,,1.11538400132791e-06,"Non-polar
aliphatic",0.556701030927835,1.59057437407953
53,K,K,0.552870090634441,2.49356048015309,0.0241691842900302,0.027190332326284,0.027190332326284,0.0966767371601208,,0.0120845921450151,,0.552870090634441,0.00302114803625378,0.00604229607250755,0.0845921450151058,,0.0332326283987915,0.0422960725075529,0.0302114803625378,0.0392749244712991,0.0151057401812689,,0.00302114803625378,,,0.00302114803625378,2.26267019959626e-37,Pos,0.612244897959184,4.08163265306122
54,E,E,0.936555891238671,0.508592382223601,0.0241691842900302,0.00604229607250755,0.00906344410876133,0.936555891238671,,,0.00302114803625378,0.00604229607250755,,,,,0.00604229607250755,0.00302114803625378,,0.00604229607250755,,,,,,,7.78098769670051e-177,Neg,0.969387755102041,9.69387755102041
55,K,K,0.809667673716012,1.04948473976378,0.0302114803625378,,0.00906344410876133,0.00604229607250755,,,,0.809667673716012,,,0.00604229607250755,,0.00302114803625378,0.120845921450151,0.00604229607250755,0.00906344410876133,,,,,,,1.80461406478546e-106,Pos,0.958762886597938,6.39175257731959
56,T,I,0.601208459214502,1.89483887830084,0.0392749244712991,0.00302114803625378,,,0.175226586102719,,0.0181268882175227,,0.0120845921450151,,,,,,,0.00906344410876133,0.0996978851963746,,0.601208459214502,0.0120845921450151,0.0302114803625378,,1.87634038084236e-18,"Non-polar
aliphatic",0.742268041237113,2.12076583210604
57,E,E,0.821752265861027,1.18121138177195,0.0362537764350453,0.00604229607250755,0.00906344410876133,0.821752265861027,,,0.00302114803625378,0.027190332326284,0.00302114803625378,0.00302114803625378,,,0.0362537764350453,0.0453172205438067,,0.00302114803625378,0.00302114803625378,,0.00302114803625378,,,,1.62776617444461e-132,Neg,0.855670103092784,8.55670103092784
58,W,W,0.794561933534743,1.17626369943704,0.0392749244712991,,,,0.027190332326284,,,,0.102719033232628,0.00302114803625378,,,,0.00302114803625378,0.00302114803625378,0.00302114803625378,0.0181268882175227,,0.00604229607250755,0.794561933534743,,,4.22348213330331e-80,"Aro-
matic",0.854166666666667,5.69444444444445
59,V,V,0.468277945619335,2.38463050432167,0.0574018126888218,0.0755287009063444,0.00906344410876133,0.00302114803625378,0.00302114803625378,0.00906344410876133,,0.00604229607250755,0.178247734138973,0.00604229607250755,,0.0120845921450151,,0.00604229607250755,0.00604229607250755,0.00302114803625378,0.468277945619335,0.00604229607250755,0.151057401812689,,,,5.78934129559046e-32,"Non-polar
aliphatic",0.957446808510638,2.7355623100304
60,V,E,0.438066465256798,2.88776699548694,0.0604229607250755,0.0634441087613293,0.0422960725075529,0.438066465256798,,0.0332326283987915,0.0120845921450151,0.0725075528700906,,0.00302114803625378,0.0211480362537764,0.0241691842900302,0.126888217522659,0.0181268882175227,0.0151057401812689,0.00604229607250755,0.0604229607250755,0.00302114803625378,,,,,8.91549116536275e-39,Neg,0.516129032258065,5.16129032258065
61,G,E,0.43202416918429,2.77924889105866,0.081570996978852,0.0785498489425982,0.0996978851963746,0.43202416918429,,0.129909365558912,,0.0151057401812689,0.00302114803625378,,0.00604229607250755,0.0453172205438067,0.027190332326284,0.00906344410876133,0.00604229607250755,0.0362537764350453,0.0241691842900302,0.00604229607250755,,,,,6.36510519103425e-52,Neg,0.582417582417583,5.82417582417583
62,E,E,0.181268882175227,3.51308230860718,0.0785498489425982,0.0483383685800604,0.0241691842900302,0.181268882175227,,0.0513595166163142,0.00604229607250755,0.0211480362537764,0.00906344410876133,,0.0453172205438067,0.108761329305136,0.0332326283987915,0.00906344410876133,0.181268882175227,0.120845921450151,0.0483383685800604,0.027190332326284,0.00302114803625378,,0.00302114803625378,,3.1808781572597e-10,"Polar
uncharged",0.440860215053763,1.76344086021505
63,K,V,0.229607250755287,3.35576058799635,0.129909365558912,0.126888217522659,0.00604229607250755,0.0694864048338369,0.00302114803625378,0.0362537764350453,0.00604229607250755,0.081570996978852,0.027190332326284,,0.00302114803625378,0.0513595166163142,0.0211480362537764,0.0120845921450151,0.102719033232628,0.0906344410876133,0.229607250755287,,0.00302114803625378,,,,0.000137731546869332,"Non-polar
aliphatic",0.540229885057471,1.54351395730706
64,S,K,0.223564954682779,3.26034322661265,0.193353474320242,0.027190332326284,0.00302114803625378,0.0362537764350453,0.00604229607250755,0.0694864048338369,,0.223564954682779,0.00906344410876133,,0.0120845921450151,0.0694864048338369,0.00906344410876133,0.11178247734139,0.114803625377644,0.0453172205438067,0.0664652567975831,0.00302114803625378,,,,,1.07433488869286e-10,Pos,0.419753086419753,2.79835390946502
