species	protein	reader_type	domain	sig_acc	start_aa	end_aa	total_aa
Acropora_millepora	XP_044184150.1	PWWP	MutS_III	PF05192	752	1068	1371
Acropora_millepora	XP_044184150.1	PWWP	MutS_V	PF00488	1145	1339	1371
Acropora_millepora	XP_044184150.1	PWWP	MutS_I	PF01624	420	537	1371
Acropora_millepora	XP_044184150.1	PWWP	PWWP	PF00855	71	146	1371
Acropora_millepora	XP_044184150.1	PWWP	PWWP	SM00293	67	125	1371
Acropora_millepora	XP_044184150.1	PWWP	MutS_IV	PF05190	939	1028	1371
Acropora_millepora	XP_044184150.1	PWWP	MutS_II	PF05188	551	711	1371
Acropora_millepora	XP_044184150.1	PWWP	PWWP	cd05837	67	158	1371
Aedes_aegypti	EAT36110.1	none	MutS_IV	PF05190	716	808	1131
Aedes_aegypti	EAT36110.1	none	MutS_III	PF05192	535	849	1131
Aedes_aegypti	EAT36110.1	none	MutS_II	PF05188	341	496	1131
Aedes_aegypti	EAT36110.1	none	MutS_I	PF01624	210	324	1131
Aedes_aegypti	EAT36110.1	none	MutS_V	PF00488	904	1095	1131
Amborella_trichopoda	XP_006841417.1	Tudor	Tudor	cd20404	151	201	1363
Amborella_trichopoda	XP_006841417.1	Tudor	MutS_I	PF01624	396	510	1363
Amborella_trichopoda	XP_006841417.1	Tudor	Tudor	SM00333	147	205	1363
Amborella_trichopoda	XP_006841417.1	Tudor	MutS_III	PF05192	728	1043	1363
Amborella_trichopoda	XP_006841417.1	Tudor	MutS_IV	PF05190	914	1002	1363
Amborella_trichopoda	XP_006841417.1	Tudor	MutS_V	PF00488	1110	1300	1363
Amborella_trichopoda	XP_006841417.1	Tudor	MutS_II	PF05188	521	600	1363
Amphimedon_queenslandica	XP_019855210.1	none	MutS_IV	PF05190	748	834	1165
Amphimedon_queenslandica	XP_019855210.1	none	MutS_V	PF00488	938	1126	1165
Amphimedon_queenslandica	XP_019855210.1	none	MutS_I	PF01624	220	336	1165
Amphimedon_queenslandica	XP_019855210.1	none	MutS_II	PF05188	352	498	1165
Amphimedon_queenslandica	XP_019855210.1	none	MutS_III	PF05192	561	877	1165
Anolis_carolinensis	XP_008100917.1	PWWP	PWWP	cd05837	54	157	1325
Anolis_carolinensis	XP_008100917.1	PWWP	MutS_V	PF00488	1097	1291	1325
Anolis_carolinensis	XP_008100917.1	PWWP	MutS_II	PF05188	504	662	1325
Anolis_carolinensis	XP_008100917.1	PWWP	MutS_III	PF05192	705	1029	1325
Anolis_carolinensis	XP_008100917.1	PWWP	PWWP	PF00855	57	147	1325
Anolis_carolinensis	XP_008100917.1	PWWP	MutS_I	PF01624	373	490	1325
Anolis_carolinensis	XP_008100917.1	PWWP	MutS_IV	PF05190	897	989	1325
Anolis_carolinensis	XP_008100917.1	PWWP	PWWP	SM00293	54	116	1325
Apis_mellifera	XP_392346.4	none	MutS_III	PF05192	545	853	1130
Apis_mellifera	XP_392346.4	none	MutS_IV	PF05190	724	813	1130
Apis_mellifera	XP_392346.4	none	MutS_II	PF05188	352	510	1130
Apis_mellifera	XP_392346.4	none	MutS_V	PF00488	908	1102	1130
Apis_mellifera	XP_392346.4	none	MutS_I	PF01624	222	338	1130
Arabidopsis_thaliana	NP_192116.1	Tudor	MutS_III	PF05192	702	1017	1325
Arabidopsis_thaliana	NP_192116.1	Tudor	Tudor	cd20404	125	175	1325
Arabidopsis_thaliana	NP_192116.1	Tudor	MutS_II	PF05188	506	667	1325
Arabidopsis_thaliana	NP_192116.1	Tudor	MutS_IV	PF05190	886	976	1325
Arabidopsis_thaliana	NP_192116.1	Tudor	Tudor	SM00333	121	179	1325
Arabidopsis_thaliana	NP_192116.1	Tudor	MutS_I	PF01624	380	495	1325
Arabidopsis_thaliana	NP_192116.1	Tudor	MutS_V	PF00488	1080	1270	1325
Asparagus_officinalis	XP_020269981.1	Tudor	MutS_I	PF01624	338	451	1310
Asparagus_officinalis	XP_020269981.1	Tudor	MutS_IV	PF05190	853	941	1310
Asparagus_officinalis	XP_020269981.1	Tudor	Tudor	cd20404	85	135	1310
Asparagus_officinalis	XP_020269981.1	Tudor	MutS_III	PF05192	667	982	1310
Asparagus_officinalis	XP_020269981.1	Tudor	MutS_V	PF00488	1047	1237	1310
Asparagus_officinalis	XP_020269981.1	Tudor	MutS_II	PF05188	462	548	1310
Asparagus_officinalis	XP_020269981.1	Tudor	Tudor	SM00333	81	139	1310
Aspergillus_niger	CAK44621.1	none	MutS_IV	PF05190	760	849	1194
Aspergillus_niger	CAK44621.1	none	MutS_I	PF01624	299	417	1194
Aspergillus_niger	CAK44621.1	none	MutS_II	PF05188	428	573	1194
Aspergillus_niger	CAK44621.1	none	MutS_V	PF00488	946	1132	1194
Aspergillus_niger	CAK44621.1	none	MutS_III	PF05192	598	890	1194
Aureococcus_anophagefferens	XP_009034367.1	Tudor	MutS_III	PF05192	567	885	1141
Aureococcus_anophagefferens	XP_009034367.1	Tudor	Tudor	cd20404	42	92	1141
Aureococcus_anophagefferens	XP_009034367.1	Tudor	MutS_I	PF01624	327	446	1141
Aureococcus_anophagefferens	XP_009034367.1	Tudor	MutS_V	PF00488	942	1129	1141
Aureococcus_anophagefferens	XP_009034367.1	Tudor	MutS_IV	PF05190	748	845	1141
Aureococcus_anophagefferens	XP_009034367.1	Tudor	MutS_II	PF05188	468	533	1141
Beta_vulgaris_subsp._vulgaris	XP_010679365.1	Tudor	Tudor	cd20404	111	161	1302
Beta_vulgaris_subsp._vulgaris	XP_010679365.1	Tudor	MutS_V	PF00488	1050	1240	1302
Beta_vulgaris_subsp._vulgaris	XP_010679365.1	Tudor	MutS_I	PF01624	345	460	1302
Beta_vulgaris_subsp._vulgaris	XP_010679365.1	Tudor	MutS_II	PF05188	470	636	1302
Beta_vulgaris_subsp._vulgaris	XP_010679365.1	Tudor	MutS_III	PF05192	672	985	1302
Beta_vulgaris_subsp._vulgaris	XP_010679365.1	Tudor	MutS_IV	PF05190	857	944	1302
Bombyx_mandarina	XP_028038931.1	none	MutS_III	PF05192	540	849	1136
Bombyx_mandarina	XP_028038931.1	none	MutS_II	PF05188	349	494	1136
Bombyx_mandarina	XP_028038931.1	none	MutS_I	PF01624	218	331	1136
Bombyx_mandarina	XP_028038931.1	none	MutS_V	PF00488	906	1104	1136
Bombyx_mandarina	XP_028038931.1	none	MutS_IV	PF05190	719	808	1136
Branchiostoma_belcheri	XP_019632875.1	PWWP	PWWP	SM00293	63	124	1325
Branchiostoma_belcheri	XP_019632875.1	PWWP	MutS_V	PF00488	1120	1314	1325
Branchiostoma_belcheri	XP_019632875.1	PWWP	PWWP	PF00855	66	155	1325
Branchiostoma_belcheri	XP_019632875.1	PWWP	MutS_IV	PF05190	916	1006	1325
Branchiostoma_belcheri	XP_019632875.1	PWWP	PWWP	cd05837	63	165	1325
Branchiostoma_belcheri	XP_019632875.1	PWWP	MutS_III	PF05192	722	1046	1325
Branchiostoma_belcheri	XP_019632875.1	PWWP	MutS_II	PF05188	518	677	1325
Branchiostoma_belcheri	XP_019632875.1	PWWP	MutS_I	PF01624	388	505	1325
Caenorhabditis_elegans	NP_491163.1	none	MutS_V	PF00488	958	1149	1187
Caenorhabditis_elegans	NP_491163.1	none	MutS_III	PF05192	577	895	1187
Caenorhabditis_elegans	NP_491163.1	none	MutS_II	PF05188	387	535	1187
Caenorhabditis_elegans	NP_491163.1	none	MutS_I	PF01624	251	365	1187
Caenorhabditis_elegans	NP_491163.1	none	MutS_IV	PF05190	767	855	1187
Callorhinchus_milii	XP_042189105.1	PWWP	MutS_I	PF01624	351	468	1024
Callorhinchus_milii	XP_042189105.1	PWWP	MutS_IV	PF05190	878	970	1024
Callorhinchus_milii	XP_042189105.1	PWWP	MutS_II	PF05188	482	635	1024
Callorhinchus_milii	XP_042189105.1	PWWP	PWWP	PF00855	26	116	1024
Callorhinchus_milii	XP_042189105.1	PWWP	MutS_III	PF05192	685	1003	1024
Callorhinchus_milii	XP_042189105.1	PWWP	PWWP	SM00293	23	85	1024
Callorhinchus_milii	XP_042189105.1	PWWP	PWWP	cd05837	23	126	1024
Cannabis_sativa	KAF4383569.1	Tudor	Tudor	cd20404	101	151	1285
Cannabis_sativa	KAF4383569.1	Tudor	MutS_IV	PF05190	848	939	1285
Cannabis_sativa	KAF4383569.1	Tudor	MutS_I	PF01624	357	469	1285
Cannabis_sativa	KAF4383569.1	Tudor	MutS_III	PF05192	666	979	1285
Cannabis_sativa	KAF4383569.1	Tudor	Tudor	SM00333	97	155	1285
Cannabis_sativa	KAF4383569.1	Tudor	MutS_V	PF00488	1042	1226	1285
Capitella_teleta	ELU18588.1	PWWP	PWWP	cd05837	7	109	1271
Capitella_teleta	ELU18588.1	PWWP	MutS_V	PF00488	1032	1230	1271
Capitella_teleta	ELU18588.1	PWWP	PWWP	PF00855	10	100	1271
Capitella_teleta	ELU18588.1	PWWP	PWWP	SM00293	7	69	1271
Capitella_teleta	ELU18588.1	PWWP	MutS_III	PF05192	647	966	1271
Capitella_teleta	ELU18588.1	PWWP	MutS_I	PF01624	325	439	1271
Capitella_teleta	ELU18588.1	PWWP	MutS_IV	PF05190	835	926	1271
Capitella_teleta	ELU18588.1	PWWP	MutS_II	PF05188	457	609	1271
Centruroides_sculpturatus	XP_023218018.1	PWWP	PWWP	SM00293	55	116	1294
Centruroides_sculpturatus	XP_023218018.1	PWWP	MutS_V	PF00488	1066	1259	1294
Centruroides_sculpturatus	XP_023218018.1	PWWP	PWWP	cd05837	55	152	1294
Centruroides_sculpturatus	XP_023218018.1	PWWP	MutS_IV	PF05190	870	959	1294
Centruroides_sculpturatus	XP_023218018.1	PWWP	MutS_III	PF05192	681	999	1294
Centruroides_sculpturatus	XP_023218018.1	PWWP	MutS_II	PF05188	487	638	1294
Centruroides_sculpturatus	XP_023218018.1	PWWP	MutS_I	PF01624	351	472	1294
Centruroides_sculpturatus	XP_023218018.1	PWWP	PWWP	PF00855	60	142	1294
Ceratopteris_richardii	KAH7428807.1	Tudor	Tudor	cd20404	112	160	1366
Ceratopteris_richardii	KAH7428807.1	Tudor	MutS_II	PF05188	535	695	1366
Ceratopteris_richardii	KAH7428807.1	Tudor	MutS_IV	PF05190	924	1009	1366
Ceratopteris_richardii	KAH7428807.1	Tudor	MutS_V	PF00488	1120	1311	1366
Ceratopteris_richardii	KAH7428807.1	Tudor	MutS_III	PF05192	740	1055	1366
Ceratopteris_richardii	KAH7428807.1	Tudor	MutS_I	PF01624	411	524	1366
Chara_braunii	GBG86212.1	Tudor	MutS_IV	PF05190	1073	1164	1383
Chara_braunii	GBG86212.1	Tudor	MutS_I	PF01624	571	655	1383
Chara_braunii	GBG86212.1	Tudor	Tudor	cd20404	59	109	1383
Chara_braunii	GBG86212.1	Tudor	MutS_V	PF00488	1284	1382	1383
Chara_braunii	GBG86212.1	Tudor	MutS_III	PF05192	886	1205	1383
Chlamydomonas_reinhardtii	PNW83581.1	none	MutS_III	PF05192	857	990	1264
Chlamydomonas_reinhardtii	PNW83581.1	none	MutS_I	PF01624	441	556	1264
Chlamydomonas_reinhardtii	PNW83581.1	none	MutS_V	PF00488	1001	1196	1264
Chlamydomonas_reinhardtii	PNW83581.1	none	MutS_II	PF05188	599	651	1264
Chlorella_vulgaris	KAI3430702.1	Tudor	MutS_I	PF01624	455	573	1439
Chlorella_vulgaris	KAI3430702.1	Tudor	MutS_II	PF05188	610	671	1439
Chlorella_vulgaris	KAI3430702.1	Tudor	MutS_V	PF00488	1176	1367	1439
Chlorella_vulgaris	KAI3430702.1	Tudor	Tudor	SM00333	101	159	1439
Chlorella_vulgaris	KAI3430702.1	Tudor	MutS_IV	PF05190	976	1059	1439
Chlorella_vulgaris	KAI3430702.1	Tudor	Tudor	cd20404	105	155	1439
Chlorella_vulgaris	KAI3430702.1	Tudor	MutS_III	PF05192	791	1106	1439
Chondrus_crispus	CDF39965.1	none	MutS_I	PF01624	77	196	954
Chondrus_crispus	CDF39965.1	none	MutS_IV	PF05190	546	633	954
Chondrus_crispus	CDF39965.1	none	MutS_III	PF05192	378	675	954
Chondrus_crispus	CDF39965.1	none	MutS_V	PF00488	734	916	954
Citrus_sinensis	XP_006492326.2	Tudor	MutS_II	PF05188	453	535	1289
Citrus_sinensis	XP_006492326.2	Tudor	MutS_V	PF00488	1031	1221	1289
Citrus_sinensis	XP_006492326.2	Tudor	MutS_IV	PF05190	837	928	1289
Citrus_sinensis	XP_006492326.2	Tudor	MutS_I	PF01624	331	443	1289
Citrus_sinensis	XP_006492326.2	Tudor	Tudor	cd20404	108	156	1289
Citrus_sinensis	XP_006492326.2	Tudor	MutS_III	PF05192	653	968	1289
Coccomyxa_subellipsoidea_C-169	XP_005644720.1	Tudor	MutS_V	PF00488	950	1142	1205
Coccomyxa_subellipsoidea_C-169	XP_005644720.1	Tudor	Tudor	SM00333	17	75	1205
Coccomyxa_subellipsoidea_C-169	XP_005644720.1	Tudor	MutS_III	PF05192	581	888	1205
Coccomyxa_subellipsoidea_C-169	XP_005644720.1	Tudor	MutS_IV	PF05190	760	848	1205
Coccomyxa_subellipsoidea_C-169	XP_005644720.1	Tudor	MutS_I	PF01624	268	382	1205
Coccomyxa_subellipsoidea_C-169	XP_005644720.1	Tudor	Tudor	cd20404	21	71	1205
Coffea_arabica	XP_027118401.1	Tudor	Tudor	cd20404	103	153	1301
Coffea_arabica	XP_027118401.1	Tudor	MutS_II	PF05188	469	636	1301
Coffea_arabica	XP_027118401.1	Tudor	MutS_IV	PF05190	855	946	1301
Coffea_arabica	XP_027118401.1	Tudor	MutS_I	PF01624	346	458	1301
Coffea_arabica	XP_027118401.1	Tudor	MutS_III	PF05192	671	985	1301
Coffea_arabica	XP_027118401.1	Tudor	MutS_V	PF00488	1050	1239	1301
Crassostrea_angulata	XP_052719523.1	PWWP	PWWP	SM00293	65	126	1346
Crassostrea_angulata	XP_052719523.1	PWWP	PWWP	cd05837	65	167	1346
Crassostrea_angulata	XP_052719523.1	PWWP	MutS_I	PF01624	399	516	1346
Crassostrea_angulata	XP_052719523.1	PWWP	MutS_V	PF00488	1121	1313	1346
Crassostrea_angulata	XP_052719523.1	PWWP	PWWP	PF00855	68	157	1346
Crassostrea_angulata	XP_052719523.1	PWWP	MutS_IV	PF05190	916	1007	1346
Crassostrea_angulata	XP_052719523.1	PWWP	MutS_II	PF05188	530	688	1346
Crassostrea_angulata	XP_052719523.1	PWWP	MutS_III	PF05192	725	1047	1346
Cryptococcus_neoformans	UOH83939.1	none	MutS_III	PF05192	601	894	1206
Cryptococcus_neoformans	UOH83939.1	none	MutS_II	PF05188	431	575	1206
Cryptococcus_neoformans	UOH83939.1	none	MutS_V	PF00488	949	1135	1206
Cryptococcus_neoformans	UOH83939.1	none	MutS_I	PF01624	304	421	1206
Cryptococcus_neoformans	UOH83939.1	none	MutS_IV	PF05190	762	853	1206
Cyanidioschyzon_merolae	XP_005537539.1	none	MutS_IV	PF05190	624	680	1070
Cyanidioschyzon_merolae	XP_005537539.1	none	MutS_I	PF01624	57	167	1070
Cyanidioschyzon_merolae	XP_005537539.1	none	MutS_V	PF00488	866	1056	1070
Cyanidioschyzon_merolae	XP_005537539.1	none	MutS_III	PF05192	375	802	1070
Cyanidioschyzon_merolae	XP_005537539.1	none	MutS_II	PF05188	222	331	1070
Danio_rerio	NP_878280.1	PWWP	MutS_III	PF05192	740	1064	1370
Danio_rerio	NP_878280.1	PWWP	MutS_I	PF01624	406	523	1370
Danio_rerio	NP_878280.1	PWWP	MutS_II	PF05188	537	693	1370
Danio_rerio	NP_878280.1	PWWP	PWWP	PF00855	88	178	1370
Danio_rerio	NP_878280.1	PWWP	MutS_V	PF00488	1140	1332	1370
Danio_rerio	NP_878280.1	PWWP	PWWP	cd05837	85	188	1370
Danio_rerio	NP_878280.1	PWWP	PWWP	SM00293	85	147	1370
Danio_rerio	NP_878280.1	PWWP	MutS_IV	PF05190	933	1024	1370
Daphnia_magna	XP_046461715.1	PWWP	PWWP	cd05837	81	178	1311
Daphnia_magna	XP_046461715.1	PWWP	PWWP	SM00293	81	139	1311
Daphnia_magna	XP_046461715.1	PWWP	PWWP	PF00855	84	168	1311
Daphnia_magna	XP_046461715.1	PWWP	MutS_IV	PF05190	884	973	1311
Daphnia_magna	XP_046461715.1	PWWP	MutS_I	PF01624	373	490	1311
Daphnia_magna	XP_046461715.1	PWWP	MutS_II	PF05188	504	663	1311
Daphnia_magna	XP_046461715.1	PWWP	MutS_V	PF00488	1084	1277	1311
Daphnia_magna	XP_046461715.1	PWWP	MutS_III	PF05192	695	1013	1311
Daphnia_pulex	XP_046461715.1	PWWP	PWWP	cd05837	81	178	1311
Daphnia_pulex	XP_046461715.1	PWWP	PWWP	SM00293	81	139	1311
Daphnia_pulex	XP_046461715.1	PWWP	PWWP	PF00855	84	168	1311
Daphnia_pulex	XP_046461715.1	PWWP	MutS_IV	PF05190	884	973	1311
Daphnia_pulex	XP_046461715.1	PWWP	MutS_I	PF01624	373	490	1311
Daphnia_pulex	XP_046461715.1	PWWP	MutS_II	PF05188	504	663	1311
Daphnia_pulex	XP_046461715.1	PWWP	MutS_V	PF00488	1084	1277	1311
Daphnia_pulex	XP_046461715.1	PWWP	MutS_III	PF05192	695	1013	1311
Diphasiastrum_complanatum	KAJ7532274.1	Tudor	MutS_IV	PF05190	1019	1110	1473
Diphasiastrum_complanatum	KAJ7532274.1	Tudor	MutS_V	PF00488	1221	1413	1473
Diphasiastrum_complanatum	KAJ7532274.1	Tudor	MutS_I	PF01624	461	574	1473
Diphasiastrum_complanatum	KAJ7532274.1	Tudor	Tudor	cd20404	128	178	1473
Diphasiastrum_complanatum	KAJ7532274.1	Tudor	MutS_III	PF05192	835	1150	1473
Diphasiastrum_complanatum	KAJ7532274.1	Tudor	Tudor	SM00333	124	182	1473
Drosophila_melanogaster	NP_648755.1	none	MutS_IV	PF05190	767	859	1191
Drosophila_melanogaster	NP_648755.1	none	MutS_III	PF05192	584	900	1191
Drosophila_melanogaster	NP_648755.1	none	MutS_I	PF01624	263	376	1191
Drosophila_melanogaster	NP_648755.1	none	MutS_V	PF00488	955	1147	1191
Drosophila_melanogaster	NP_648755.1	none	MutS_II	PF05188	391	510	1191
Ectocarpus_siliculosus	CBJ25567.1	Tudor	MutS_II	PF05188	515	573	1373
Ectocarpus_siliculosus	CBJ25567.1	Tudor	MutS_III	PF05192	724	1060	1373
Ectocarpus_siliculosus	CBJ25567.1	Tudor	Tudor	SM00333	72	129	1373
Ectocarpus_siliculosus	CBJ25567.1	Tudor	MutS_I	PF01624	346	462	1373
Ectocarpus_siliculosus	CBJ25567.1	Tudor	MutS_V	PF00488	1128	1317	1373
Ectocarpus_siliculosus	CBJ25567.1	Tudor	MutS_IV	PF05190	938	1020	1373
Ectocarpus_siliculosus	CBJ25567.1	Tudor	Tudor	cd20404	76	125	1373
Galdieria_sulphuraria	XP_005706585.1	none	MutS_IV	PF05190	636	716	1034
Galdieria_sulphuraria	XP_005706585.1	none	MutS_III	PF05192	447	759	1034
Galdieria_sulphuraria	XP_005706585.1	none	MutS_I	PF01624	149	269	1034
Galdieria_sulphuraria	XP_005706585.1	none	MutS_V	PF00488	823	1006	1034
Gallus_gallus	XP_015133604.2	PWWP	MutS_III	PF05192	720	1045	1342
Gallus_gallus	XP_015133604.2	PWWP	MutS_I	PF01624	390	507	1342
Gallus_gallus	XP_015133604.2	PWWP	MutS_V	PF00488	1112	1305	1342
Gallus_gallus	XP_015133604.2	PWWP	PWWP	SM00293	71	133	1342
Gallus_gallus	XP_015133604.2	PWWP	PWWP	cd05837	71	174	1342
Gallus_gallus	XP_015133604.2	PWWP	MutS_IV	PF05190	913	1005	1342
Gallus_gallus	XP_015133604.2	PWWP	MutS_II	PF05188	521	681	1342
Gallus_gallus	XP_015133604.2	PWWP	PWWP	PF00855	74	164	1342
Glycine_max	XP_006604739.2	Tudor	MutS_IV	PF05190	828	919	1274
Glycine_max	XP_006604739.2	Tudor	MutS_III	PF05192	644	959	1274
Glycine_max	XP_006604739.2	Tudor	MutS_V	PF00488	1023	1213	1274
Glycine_max	XP_006604739.2	Tudor	MutS_I	PF01624	334	446	1274
Glycine_max	XP_006604739.2	Tudor	Tudor	cd20404	90	140	1274
Glycine_max	XP_006604739.2	Tudor	MutS_II	PF05188	457	609	1274
Glycine_max	XP_006604739.2	Tudor	Tudor	SM00333	86	144	1274
Helianthus_annuus	KAJ0589820.1	Tudor	Tudor	SM00333	92	150	1252
Helianthus_annuus	KAJ0589820.1	Tudor	MutS_III	PF05192	625	940	1252
Helianthus_annuus	KAJ0589820.1	Tudor	MutS_IV	PF05190	809	900	1252
Helianthus_annuus	KAJ0589820.1	Tudor	Tudor	cd20404	96	146	1252
Helianthus_annuus	KAJ0589820.1	Tudor	MutS_II	PF05188	440	589	1252
Helianthus_annuus	KAJ0589820.1	Tudor	MutS_I	PF01624	315	430	1252
Helianthus_annuus	KAJ0589820.1	Tudor	MutS_V	PF00488	1004	1194	1252
Helobdella_robusta	ESO12543.1	PWWP	PWWP	PF00855	63	154	1413
Helobdella_robusta	ESO12543.1	PWWP	PWWP	SM00293	60	122	1413
Helobdella_robusta	ESO12543.1	PWWP	MutS_V	PF00488	1186	1380	1413
Helobdella_robusta	ESO12543.1	PWWP	MutS_III	PF05192	792	1121	1413
Helobdella_robusta	ESO12543.1	PWWP	PWWP	cd05837	60	163	1413
Helobdella_robusta	ESO12543.1	PWWP	MutS_II	PF05188	556	622	1413
Helobdella_robusta	ESO12543.1	PWWP	MutS_I	PF01624	396	540	1413
Helobdella_robusta	ESO12543.1	PWWP	MutS_IV	PF05190	990	1081	1413
Homo_sapiens	NP_000170.1	PWWP	PWWP	PF00855	93	183	1361
Homo_sapiens	NP_000170.1	PWWP	PWWP	SM00293	90	152	1361
Homo_sapiens	NP_000170.1	PWWP	MutS_II	PF05188	538	699	1361
Homo_sapiens	NP_000170.1	PWWP	MutS_III	PF05192	739	1064	1361
Homo_sapiens	NP_000170.1	PWWP	MutS_IV	PF05190	932	1024	1361
Homo_sapiens	NP_000170.1	PWWP	MutS_V	PF00488	1131	1323	1361
Homo_sapiens	NP_000170.1	PWWP	PWWP	cd05837	90	193	1361
Homo_sapiens	NP_000170.1	PWWP	MutS_I	PF01624	407	524	1361
Hydractinia_symbiolongicarpus	XP_057309213.1	PWWP	MutS_II	PF05188	481	638	1298
Hydractinia_symbiolongicarpus	XP_057309213.1	PWWP	MutS_IV	PF05190	870	961	1298
Hydractinia_symbiolongicarpus	XP_057309213.1	PWWP	PWWP	PF00855	37	109	1298
Hydractinia_symbiolongicarpus	XP_057309213.1	PWWP	MutS_III	PF05192	678	1002	1298
Hydractinia_symbiolongicarpus	XP_057309213.1	PWWP	PWWP	SM00293	34	96	1298
Hydractinia_symbiolongicarpus	XP_057309213.1	PWWP	MutS_V	PF00488	1073	1267	1298
Hydractinia_symbiolongicarpus	XP_057309213.1	PWWP	MutS_I	PF01624	359	467	1298
Hypsibius_exemplaris	OQV25128.1	none	MutS_IV	PF05190	808	895	1212
Hypsibius_exemplaris	OQV25128.1	none	MutS_I	PF01624	292	400	1212
Hypsibius_exemplaris	OQV25128.1	none	MutS_III	PF05192	616	937	1212
Hypsibius_exemplaris	OQV25128.1	none	MutS_V	PF00488	1005	1199	1212
Klebsormidium_nitens	GAQ83575.1	Tudor	MutS_IV	PF05190	919	1005	1408
Klebsormidium_nitens	GAQ83575.1	Tudor	MutS_II	PF05188	555	692	1408
Klebsormidium_nitens	GAQ83575.1	Tudor	MutS_III	PF05192	732	1047	1408
Klebsormidium_nitens	GAQ83575.1	Tudor	Tudor	cd20404	131	179	1408
Klebsormidium_nitens	GAQ83575.1	Tudor	MutS_V	PF00488	1127	1319	1408
Klebsormidium_nitens	GAQ83575.1	Tudor	MutS_I	PF01624	412	525	1408
Latimeria_chalumnae	XP_005999349.2	PWWP	MutS_II	PF05188	619	781	1449
Latimeria_chalumnae	XP_005999349.2	PWWP	MutS_IV	PF05190	1014	1106	1449
Latimeria_chalumnae	XP_005999349.2	PWWP	MutS_I	PF01624	489	606	1449
Latimeria_chalumnae	XP_005999349.2	PWWP	PWWP	PF00855	175	265	1449
Latimeria_chalumnae	XP_005999349.2	PWWP	PWWP	cd05837	172	275	1449
Latimeria_chalumnae	XP_005999349.2	PWWP	MutS_III	PF05192	821	1146	1449
Latimeria_chalumnae	XP_005999349.2	PWWP	PWWP	SM00293	172	234	1449
Latimeria_chalumnae	XP_005999349.2	PWWP	MutS_V	PF00488	1219	1412	1449
Limulus_polyphemus	XP_022255351.1	PWWP	MutS_III	PF05192	681	1000	1296
Limulus_polyphemus	XP_022255351.1	PWWP	MutS_V	PF00488	1073	1267	1296
Limulus_polyphemus	XP_022255351.1	PWWP	MutS_IV	PF05190	871	961	1296
Limulus_polyphemus	XP_022255351.1	PWWP	PWWP	SM00293	61	122	1296
Limulus_polyphemus	XP_022255351.1	PWWP	PWWP	PF00855	65	148	1296
Limulus_polyphemus	XP_022255351.1	PWWP	MutS_II	PF05188	486	639	1296
Limulus_polyphemus	XP_022255351.1	PWWP	MutS_I	PF01624	356	472	1296
Limulus_polyphemus	XP_022255351.1	PWWP	PWWP	cd05837	61	158	1296
Micromonas_pusilla_CCMP1545	EEH56631.1	Tudor	MutS_III	PF05192	786	1120	1435
Micromonas_pusilla_CCMP1545	EEH56631.1	Tudor	MutS_I	PF01624	482	595	1435
Micromonas_pusilla_CCMP1545	EEH56631.1	Tudor	MutS_V	PF00488	1189	1378	1435
Micromonas_pusilla_CCMP1545	EEH56631.1	Tudor	Tudor	cd20404	144	194	1435
Micromonas_pusilla_CCMP1545	EEH56631.1	Tudor	MutS_IV	PF05190	988	1079	1435
Mizuhopecten_yessoensis	XP_021365349.1	PWWP	MutS_V	PF00488	1143	1337	1370
Mizuhopecten_yessoensis	XP_021365349.1	PWWP	PWWP	cd05837	63	165	1370
Mizuhopecten_yessoensis	XP_021365349.1	PWWP	MutS_III	PF05192	745	1070	1370
Mizuhopecten_yessoensis	XP_021365349.1	PWWP	MutS_IV	PF05190	939	1030	1370
Mizuhopecten_yessoensis	XP_021365349.1	PWWP	PWWP	SM00293	63	124	1370
Mizuhopecten_yessoensis	XP_021365349.1	PWWP	MutS_I	PF01624	419	536	1370
Mizuhopecten_yessoensis	XP_021365349.1	PWWP	PWWP	PF00855	66	155	1370
Mizuhopecten_yessoensis	XP_021365349.1	PWWP	MutS_II	PF05188	550	706	1370
Mus_musculus	NP_034960.1	PWWP	PWWP	SM00293	90	152	1359
Mus_musculus	NP_034960.1	PWWP	MutS_I	PF01624	406	523	1359
Mus_musculus	NP_034960.1	PWWP	MutS_IV	PF05190	929	1021	1359
Mus_musculus	NP_034960.1	PWWP	MutS_III	PF05192	736	1061	1359
Mus_musculus	NP_034960.1	PWWP	PWWP	PF00855	93	183	1359
Mus_musculus	NP_034960.1	PWWP	MutS_V	PF00488	1129	1321	1359
Mus_musculus	NP_034960.1	PWWP	MutS_II	PF05188	537	695	1359
Mus_musculus	NP_034960.1	PWWP	PWWP	cd05837	90	193	1359
Neurospora_crassa	KHE79506.1	none	MutS_II	PF05188	488	634	1247
Neurospora_crassa	KHE79506.1	none	MutS_I	PF01624	361	478	1247
Neurospora_crassa	KHE79506.1	none	MutS_V	PF00488	1003	1189	1247
Neurospora_crassa	KHE79506.1	none	MutS_III	PF05192	657	947	1247
Neurospora_crassa	KHE79506.1	none	MutS_IV	PF05190	818	906	1247
Nymphaea_colorata	XP_031485190.1	Tudor	MutS_III	PF05192	665	979	1299
Nymphaea_colorata	XP_031485190.1	Tudor	MutS_IV	PF05190	848	939	1299
Nymphaea_colorata	XP_031485190.1	Tudor	MutS_II	PF05188	463	634	1299
Nymphaea_colorata	XP_031485190.1	Tudor	Tudor	cd20404	88	138	1299
Nymphaea_colorata	XP_031485190.1	Tudor	MutS_V	PF00488	1043	1233	1299
Nymphaea_colorata	XP_031485190.1	Tudor	MutS_I	PF01624	339	452	1299
Paramecium_tetraurelia	XP_001425815.1	none	MutS_IV	PF05190	712	801	1109
Paramecium_tetraurelia	XP_001425815.1	none	MutS_I	PF01624	229	347	1109
Paramecium_tetraurelia	XP_001425815.1	none	MutS_III	PF05192	524	842	1109
Paramecium_tetraurelia	XP_001425815.1	none	MutS_V	PF00488	895	1078	1109
Paramecium_tetraurelia	XP_001425815.1	none	MutS_II	PF05188	360	495	1109
Petromyzon_marinus	XP_032811773.2	PWWP	MutS_IV	PF05190	981	1073	1417
Petromyzon_marinus	XP_032811773.2	PWWP	MutS_I	PF01624	424	542	1417
Petromyzon_marinus	XP_032811773.2	PWWP	MutS_V	PF00488	1188	1381	1417
Petromyzon_marinus	XP_032811773.2	PWWP	PWWP	cd05837	79	182	1417
Petromyzon_marinus	XP_032811773.2	PWWP	PWWP	PF00855	82	171	1417
Petromyzon_marinus	XP_032811773.2	PWWP	MutS_II	PF05188	584	641	1417
Petromyzon_marinus	XP_032811773.2	PWWP	MutS_III	PF05192	790	1113	1417
Petromyzon_marinus	XP_032811773.2	PWWP	PWWP	SM00293	79	141	1417
Physcomitrium_patens	PNR32598.1	Tudor	MutS_I	PF01624	456	569	1415
Physcomitrium_patens	PNR32598.1	Tudor	MutS_V	PF00488	1163	1355	1415
Physcomitrium_patens	PNR32598.1	Tudor	MutS_IV	PF05190	974	1062	1415
Physcomitrium_patens	PNR32598.1	Tudor	MutS_II	PF05188	582	737	1415
Physcomitrium_patens	PNR32598.1	Tudor	Tudor	cd20404	153	203	1415
Physcomitrium_patens	PNR32598.1	Tudor	MutS_III	PF05192	787	1105	1415
Phytophthora_infestans	KAF4047292.1	none	MutS_IV	PF05190	831	922	1263
Phytophthora_infestans	KAF4047292.1	none	MutS_III	PF05192	630	962	1263
Phytophthora_infestans	KAF4047292.1	none	MutS_I	PF01624	307	420	1263
Phytophthora_infestans	KAF4047292.1	none	MutS_II	PF05188	437	584	1263
Phytophthora_infestans	KAF4047292.1	none	MutS_V	PF00488	1026	1215	1263
Plasmodium_falciparum_3D7	XP_001351613.1	none	MutS_IV	PF05190	927	1017	1351
Plasmodium_falciparum_3D7	XP_001351613.1	none	MutS_III	PF05192	742	1057	1351
Plasmodium_falciparum_3D7	XP_001351613.1	none	MutS_V	PF00488	1122	1306	1351
Plasmodium_falciparum_3D7	XP_001351613.1	none	MutS_I	PF01624	406	523	1351
Populus_trichocarpa	KAI5565098.1	Tudor	MutS_III	PF05192	672	987	1303
Populus_trichocarpa	KAI5565098.1	Tudor	Tudor	cd20404	104	152	1303
Populus_trichocarpa	KAI5565098.1	Tudor	MutS_IV	PF05190	856	947	1303
Populus_trichocarpa	KAI5565098.1	Tudor	MutS_I	PF01624	343	458	1303
Populus_trichocarpa	KAI5565098.1	Tudor	MutS_II	PF05188	468	637	1303
Populus_trichocarpa	KAI5565098.1	Tudor	MutS_V	PF00488	1051	1240	1303
Porphyra_umbilicalis	OSX69653.1	none	MutS_I	PF01624	158	282	1154
Porphyra_umbilicalis	OSX69653.1	none	MutS_IV	PF05190	716	803	1154
Porphyra_umbilicalis	OSX69653.1	none	MutS_V	PF00488	919	1108	1154
Porphyra_umbilicalis	OSX69653.1	none	MutS_III	PF05192	520	846	1154
Saccharomyces_cerevisiae	NP_010382.3	none	MutS_III	PF05192	620	910	1243
Saccharomyces_cerevisiae	NP_010382.3	none	MutS_I	PF01624	312	426	1243
Saccharomyces_cerevisiae	NP_010382.3	none	MutS_II	PF05188	463	596	1243
Saccharomyces_cerevisiae	NP_010382.3	none	MutS_IV	PF05190	780	870	1243
Saccharomyces_cerevisiae	NP_010382.3	none	MutS_V	PF00488	979	1167	1243
Schizosaccharomyces_pombe	NP_588344.1	none	MutS_V	PF00488	1020	1209	1255
Schizosaccharomyces_pombe	NP_588344.1	none	MutS_IV	PF05190	835	923	1255
Schizosaccharomyces_pombe	NP_588344.1	none	MutS_III	PF05192	671	964	1255
Schizosaccharomyces_pombe	NP_588344.1	none	MutS_II	PF05188	502	646	1255
Schizosaccharomyces_pombe	NP_588344.1	none	MutS_I	PF01624	375	492	1255
Selaginella_moellendorffii	XP_024542030.1	none	MutS_II	PF05188	430	572	1211
Selaginella_moellendorffii	XP_024542030.1	none	MutS_III	PF05192	611	918	1211
Selaginella_moellendorffii	XP_024542030.1	none	MutS_I	PF01624	305	420	1211
Selaginella_moellendorffii	XP_024542030.1	none	MutS_V	PF00488	981	1172	1211
Selaginella_moellendorffii	XP_024542030.1	none	MutS_IV	PF05190	804	877	1211
Solanum_lycopersicum	XP_025886670.1	Tudor	MutS_III	PF05192	680	995	1313
Solanum_lycopersicum	XP_025886670.1	Tudor	MutS_V	PF00488	1059	1250	1313
Solanum_lycopersicum	XP_025886670.1	Tudor	MutS_I	PF01624	351	466	1313
Solanum_lycopersicum	XP_025886670.1	Tudor	MutS_IV	PF05190	864	953	1313
Solanum_lycopersicum	XP_025886670.1	Tudor	Tudor	cd20404	102	152	1313
Solanum_lycopersicum	XP_025886670.1	Tudor	MutS_II	PF05188	476	556	1313
Sorghum_bicolor	KXG35601.1	Tudor	MutS_III	PF05192	673	986	1305
Sorghum_bicolor	KXG35601.1	Tudor	Tudor	cd20404	100	150	1305
Sorghum_bicolor	KXG35601.1	Tudor	MutS_IV	PF05190	855	945	1305
Sorghum_bicolor	KXG35601.1	Tudor	MutS_V	PF00488	1049	1239	1305
Sorghum_bicolor	KXG35601.1	Tudor	Tudor	SM00333	96	154	1305
Sorghum_bicolor	KXG35601.1	Tudor	MutS_II	PF05188	484	642	1305
Sorghum_bicolor	KXG35601.1	Tudor	MutS_I	PF01624	358	473	1305
Sphagnum_fallax	KAH8952520.1	Tudor	Tudor	cd20404	92	142	1392
Sphagnum_fallax	KAH8952520.1	Tudor	MutS_II	PF05188	535	678	1392
Sphagnum_fallax	KAH8952520.1	Tudor	MutS_IV	PF05190	913	1002	1392
Sphagnum_fallax	KAH8952520.1	Tudor	MutS_III	PF05192	730	1045	1392
Sphagnum_fallax	KAH8952520.1	Tudor	MutS_V	PF00488	1106	1298	1392
Sphagnum_fallax	KAH8952520.1	Tudor	MutS_I	PF01624	402	515	1392
Strongylocentrotus_purpuratus	XP_030829946.1	PWWP	PWWP	cd05837	62	165	1415
Strongylocentrotus_purpuratus	XP_030829946.1	PWWP	MutS_II	PF05188	576	746	1415
Strongylocentrotus_purpuratus	XP_030829946.1	PWWP	MutS_III	PF05192	787	1112	1415
Strongylocentrotus_purpuratus	XP_030829946.1	PWWP	MutS_IV	PF05190	983	1072	1415
Strongylocentrotus_purpuratus	XP_030829946.1	PWWP	PWWP	SM00293	62	124	1415
Strongylocentrotus_purpuratus	XP_030829946.1	PWWP	MutS_V	PF00488	1185	1379	1415
Strongylocentrotus_purpuratus	XP_030829946.1	PWWP	MutS_I	PF01624	445	562	1415
Strongylocentrotus_purpuratus	XP_030829946.1	PWWP	PWWP	PF00855	65	156	1415
Tetrahymena_thermophila_SB210	XP_001017234.1	none	MutS_V	PF00488	1000	1188	1233
Tetrahymena_thermophila_SB210	XP_001017234.1	none	MutS_III	PF05192	555	932	1233
Tetrahymena_thermophila_SB210	XP_001017234.1	none	MutS_IV	PF05190	807	891	1233
Tetrahymena_thermophila_SB210	XP_001017234.1	none	MutS_I	PF01624	266	379	1233
Thalassiosira_pseudonana	XP_002288822.1	none	MutS_III	PF05192	495	835	1099
Thalassiosira_pseudonana	XP_002288822.1	none	MutS_II	PF05188	315	387	1099
Thalassiosira_pseudonana	XP_002288822.1	none	MutS_I	PF01624	164	277	1099
Thalassiosira_pseudonana	XP_002288822.1	none	MutS_V	PF00488	904	1097	1099
Thalassiosira_pseudonana	XP_002288822.1	none	MutS_IV	PF05190	696	792	1099
Theobroma_cacao	XP_017983072.1	Tudor	Tudor	cd20404	100	150	1317
Theobroma_cacao	XP_017983072.1	Tudor	MutS_IV	PF05190	865	955	1317
Theobroma_cacao	XP_017983072.1	Tudor	MutS_V	PF00488	1060	1250	1317
Theobroma_cacao	XP_017983072.1	Tudor	Tudor	SM00333	95	154	1317
Theobroma_cacao	XP_017983072.1	Tudor	MutS_II	PF05188	478	567	1317
Theobroma_cacao	XP_017983072.1	Tudor	MutS_I	PF01624	355	468	1317
Theobroma_cacao	XP_017983072.1	Tudor	MutS_III	PF05192	681	996	1317
Trichoplax_adhaerens	RDD38147.1	PWWP	PWWP	cd05837	70	172	1314
Trichoplax_adhaerens	RDD38147.1	PWWP	PWWP	SM00293	69	133	1314
Trichoplax_adhaerens	RDD38147.1	PWWP	MutS_V	PF00488	1084	1278	1314
Trichoplax_adhaerens	RDD38147.1	PWWP	PWWP	PF00855	73	163	1314
Trichoplax_adhaerens	RDD38147.1	PWWP	MutS_I	PF01624	349	472	1314
Trichoplax_adhaerens	RDD38147.1	PWWP	MutS_II	PF05188	487	643	1314
Trichoplax_adhaerens	RDD38147.1	PWWP	MutS_III	PF05192	689	1016	1314
Trichoplax_adhaerens	RDD38147.1	PWWP	MutS_IV	PF05190	884	976	1314
Vitis_vinifera	XP_002275930.1	Tudor	MutS_II	PF05188	460	622	1298
Vitis_vinifera	XP_002275930.1	Tudor	MutS_I	PF01624	335	450	1298
Vitis_vinifera	XP_002275930.1	Tudor	MutS_V	PF00488	1037	1228	1298
Vitis_vinifera	XP_002275930.1	Tudor	MutS_III	PF05192	658	973	1298
Vitis_vinifera	XP_002275930.1	Tudor	MutS_IV	PF05190	842	932	1298
Vitis_vinifera	XP_002275930.1	Tudor	Tudor	cd20404	97	147	1298
Xenopus_tropicalis	KAE8600724.1	PWWP	PWWP	PF00855	79	169	1339
Xenopus_tropicalis	KAE8600724.1	PWWP	MutS_V	PF00488	1111	1303	1339
Xenopus_tropicalis	KAE8600724.1	PWWP	PWWP	SM00293	76	138	1339
Xenopus_tropicalis	KAE8600724.1	PWWP	MutS_III	PF05192	717	1042	1339
Xenopus_tropicalis	KAE8600724.1	PWWP	MutS_IV	PF05190	910	1002	1339
Xenopus_tropicalis	KAE8600724.1	PWWP	MutS_II	PF05188	517	677	1339
Xenopus_tropicalis	KAE8600724.1	PWWP	PWWP	cd05837	76	179	1339
Xenopus_tropicalis	KAE8600724.1	PWWP	MutS_I	PF01624	386	503	1339
Zea_mays	XP_020396805.1	Tudor	MutS_III	PF05192	671	984	1297
Zea_mays	XP_020396805.1	Tudor	MutS_V	PF00488	1047	1238	1297
Zea_mays	XP_020396805.1	Tudor	MutS_IV	PF05190	853	943	1297
Zea_mays	XP_020396805.1	Tudor	Tudor	SM00333	95	153	1297
Zea_mays	XP_020396805.1	Tudor	Tudor	cd20404	99	149	1297
Zea_mays	XP_020396805.1	Tudor	MutS_I	PF01624	356	471	1297
Zea_mays	XP_020396805.1	Tudor	MutS_II	PF05188	482	640	1297
Zostera_marina	KMZ67126.1	Tudor	Tudor	cd20404	61	111	1339
Zostera_marina	KMZ67126.1	Tudor	Tudor	SM00333	57	115	1339
Zostera_marina	KMZ67126.1	Tudor	MutS_I	PF01624	400	513	1339
Zostera_marina	KMZ67126.1	Tudor	MutS_V	PF00488	1082	1272	1339
Zostera_marina	KMZ67126.1	Tudor	MutS_II	PF05188	523	667	1339
Zostera_marina	KMZ67126.1	Tudor	MutS_IV	PF05190	889	978	1339
Zostera_marina	KMZ67126.1	Tudor	MutS_III	PF05192	703	1017	1339
