species	protein	reader_type	exon_num	start_aa	end_aa	length_aa	length_nt	total_aa	n_exons
Acropora_millepora	XP_044184150.1	PWWP	1	1	118	118	356	1371	39
Acropora_millepora	XP_044184150.1	PWWP	2	119	213	95	283	1371	39
Acropora_millepora	XP_044184150.1	PWWP	3	214	245	32	97	1371	39
Acropora_millepora	XP_044184150.1	PWWP	4	246	287	42	125	1371	39
Acropora_millepora	XP_044184150.1	PWWP	5	288	389	102	308	1371	39
Acropora_millepora	XP_044184150.1	PWWP	6	390	408	19	55	1371	39
Acropora_millepora	XP_044184150.1	PWWP	7	409	421	13	39	1371	39
Acropora_millepora	XP_044184150.1	PWWP	8	422	441	20	60	1371	39
Acropora_millepora	XP_044184150.1	PWWP	9	442	466	25	75	1371	39
Acropora_millepora	XP_044184150.1	PWWP	10	467	491	25	77	1371	39
Acropora_millepora	XP_044184150.1	PWWP	11	492	511	20	59	1371	39
Acropora_millepora	XP_044184150.1	PWWP	12	512	532	21	63	1371	39
Acropora_millepora	XP_044184150.1	PWWP	13	533	558	26	77	1371	39
Acropora_millepora	XP_044184150.1	PWWP	14	559	583	25	75	1371	39
Acropora_millepora	XP_044184150.1	PWWP	15	584	607	24	72	1371	39
Acropora_millepora	XP_044184150.1	PWWP	16	608	637	30	91	1371	39
Acropora_millepora	XP_044184150.1	PWWP	17	638	669	32	95	1371	39
Acropora_millepora	XP_044184150.1	PWWP	18	670	681	12	37	1371	39
Acropora_millepora	XP_044184150.1	PWWP	19	682	703	22	67	1371	39
Acropora_millepora	XP_044184150.1	PWWP	20	704	722	19	55	1371	39
Acropora_millepora	XP_044184150.1	PWWP	21	723	746	24	72	1371	39
Acropora_millepora	XP_044184150.1	PWWP	22	747	782	36	109	1371	39
Acropora_millepora	XP_044184150.1	PWWP	23	783	803	21	64	1371	39
Acropora_millepora	XP_044184150.1	PWWP	24	804	836	33	99	1371	39
Acropora_millepora	XP_044184150.1	PWWP	25	837	894	58	174	1371	39
Acropora_millepora	XP_044184150.1	PWWP	26	895	920	26	76	1371	39
Acropora_millepora	XP_044184150.1	PWWP	27	921	938	18	55	1371	39
Acropora_millepora	XP_044184150.1	PWWP	28	939	972	34	101	1371	39
Acropora_millepora	XP_044184150.1	PWWP	29	973	978	6	19	1371	39
Acropora_millepora	XP_044184150.1	PWWP	30	979	1046	68	205	1371	39
Acropora_millepora	XP_044184150.1	PWWP	31	1047	1070	24	72	1371	39
Acropora_millepora	XP_044184150.1	PWWP	32	1071	1095	25	73	1371	39
Acropora_millepora	XP_044184150.1	PWWP	33	1096	1128	33	99	1371	39
Acropora_millepora	XP_044184150.1	PWWP	34	1129	1170	42	126	1371	39
Acropora_millepora	XP_044184150.1	PWWP	35	1171	1199	29	88	1371	39
Acropora_millepora	XP_044184150.1	PWWP	36	1200	1281	82	245	1371	39
Acropora_millepora	XP_044184150.1	PWWP	37	1282	1326	45	135	1371	39
Acropora_millepora	XP_044184150.1	PWWP	38	1327	1348	22	68	1371	39
Acropora_millepora	XP_044184150.1	PWWP	39	1349	1371	23	67	1371	39
Aedes_aegypti	EAT36110.1	none	1	1	211	211	633	1131	4
Aedes_aegypti	EAT36110.1	none	2	212	1039	828	2484	1131	4
Aedes_aegypti	EAT36110.1	none	3	1040	1091	52	156	1131	4
Aedes_aegypti	EAT36110.1	none	4	1092	1131	40	120	1131	4
Amborella_trichopoda	XP_006841417.1	Tudor	1	1	332	332	997	1363	21
Amborella_trichopoda	XP_006841417.1	Tudor	2	333	364	32	97	1363	21
Amborella_trichopoda	XP_006841417.1	Tudor	3	365	399	35	103	1363	21
Amborella_trichopoda	XP_006841417.1	Tudor	4	400	417	18	54	1363	21
Amborella_trichopoda	XP_006841417.1	Tudor	5	418	442	25	75	1363	21
Amborella_trichopoda	XP_006841417.1	Tudor	6	443	465	23	69	1363	21
Amborella_trichopoda	XP_006841417.1	Tudor	7	466	493	28	84	1363	21
Amborella_trichopoda	XP_006841417.1	Tudor	8	494	559	66	198	1363	21
Amborella_trichopoda	XP_006841417.1	Tudor	9	560	744	185	557	1363	21
Amborella_trichopoda	XP_006841417.1	Tudor	10	745	788	44	130	1363	21
Amborella_trichopoda	XP_006841417.1	Tudor	11	789	818	30	92	1363	21
Amborella_trichopoda	XP_006841417.1	Tudor	12	819	878	60	179	1363	21
Amborella_trichopoda	XP_006841417.1	Tudor	13	879	946	68	203	1363	21
Amborella_trichopoda	XP_006841417.1	Tudor	14	947	980	34	102	1363	21
Amborella_trichopoda	XP_006841417.1	Tudor	15	981	1034	54	163	1363	21
Amborella_trichopoda	XP_006841417.1	Tudor	16	1035	1134	100	299	1363	21
Amborella_trichopoda	XP_006841417.1	Tudor	17	1135	1180	46	138	1363	21
Amborella_trichopoda	XP_006841417.1	Tudor	18	1181	1206	26	80	1363	21
Amborella_trichopoda	XP_006841417.1	Tudor	19	1207	1240	34	100	1363	21
Amborella_trichopoda	XP_006841417.1	Tudor	20	1241	1283	43	130	1363	21
Amborella_trichopoda	XP_006841417.1	Tudor	21	1284	1363	80	239	1363	21
Amphimedon_queenslandica	XP_019855210.1	none	1	1	74	74	222	1165	31
Amphimedon_queenslandica	XP_019855210.1	none	2	75	110	36	109	1165	31
Amphimedon_queenslandica	XP_019855210.1	none	3	111	131	21	62	1165	31
Amphimedon_queenslandica	XP_019855210.1	none	4	132	159	28	84	1165	31
Amphimedon_queenslandica	XP_019855210.1	none	5	160	191	32	98	1165	31
Amphimedon_queenslandica	XP_019855210.1	none	6	192	210	19	55	1165	31
Amphimedon_queenslandica	XP_019855210.1	none	7	211	241	31	93	1165	31
Amphimedon_queenslandica	XP_019855210.1	none	8	242	291	50	152	1165	31
Amphimedon_queenslandica	XP_019855210.1	none	9	292	311	20	59	1165	31
Amphimedon_queenslandica	XP_019855210.1	none	10	312	333	22	66	1165	31
Amphimedon_queenslandica	XP_019855210.1	none	11	334	359	26	77	1165	31
Amphimedon_queenslandica	XP_019855210.1	none	12	360	381	22	66	1165	31
Amphimedon_queenslandica	XP_019855210.1	none	13	382	405	24	72	1165	31
Amphimedon_queenslandica	XP_019855210.1	none	14	406	435	30	91	1165	31
Amphimedon_queenslandica	XP_019855210.1	none	15	436	457	22	65	1165	31
Amphimedon_queenslandica	XP_019855210.1	none	16	458	470	13	40	1165	31
Amphimedon_queenslandica	XP_019855210.1	none	17	471	512	42	125	1165	31
Amphimedon_queenslandica	XP_019855210.1	none	18	513	555	43	129	1165	31
Amphimedon_queenslandica	XP_019855210.1	none	19	556	643	88	266	1165	31
Amphimedon_queenslandica	XP_019855210.1	none	20	644	670	27	81	1165	31
Amphimedon_queenslandica	XP_019855210.1	none	21	671	715	45	134	1165	31
Amphimedon_queenslandica	XP_019855210.1	none	22	716	781	66	197	1165	31
Amphimedon_queenslandica	XP_019855210.1	none	23	782	855	74	224	1165	31
Amphimedon_queenslandica	XP_019855210.1	none	24	856	929	74	220	1165	31
Amphimedon_queenslandica	XP_019855210.1	none	25	930	963	34	102	1165	31
Amphimedon_queenslandica	XP_019855210.1	none	26	964	992	29	88	1165	31
Amphimedon_queenslandica	XP_019855210.1	none	27	993	1022	30	90	1165	31
Amphimedon_queenslandica	XP_019855210.1	none	28	1023	1074	52	155	1165	31
Amphimedon_queenslandica	XP_019855210.1	none	29	1075	1114	40	120	1165	31
Amphimedon_queenslandica	XP_019855210.1	none	30	1115	1136	22	68	1165	31
Amphimedon_queenslandica	XP_019855210.1	none	31	1137	1165	29	85	1165	31
Anolis_carolinensis	XP_008100917.1	PWWP	1	1	48	48	146	1325	10
Anolis_carolinensis	XP_008100917.1	PWWP	2	49	116	68	203	1325	10
Anolis_carolinensis	XP_008100917.1	PWWP	3	117	174	58	173	1325	10
Anolis_carolinensis	XP_008100917.1	PWWP	4	175	1022	848	2545	1325	10
Anolis_carolinensis	XP_008100917.1	PWWP	5	1023	1113	91	272	1325	10
Anolis_carolinensis	XP_008100917.1	PWWP	6	1114	1152	39	118	1325	10
Anolis_carolinensis	XP_008100917.1	PWWP	7	1153	1182	30	90	1325	10
Anolis_carolinensis	XP_008100917.1	PWWP	8	1183	1234	52	155	1325	10
Anolis_carolinensis	XP_008100917.1	PWWP	9	1235	1300	66	200	1325	10
Anolis_carolinensis	XP_008100917.1	PWWP	10	1301	1325	25	73	1325	10
Apis_mellifera	XP_392346.4	none	1	1	45	45	136	1130	21
Apis_mellifera	XP_392346.4	none	2	46	103	58	174	1130	21
Apis_mellifera	XP_392346.4	none	3	104	134	31	92	1130	21
Apis_mellifera	XP_392346.4	none	4	135	157	23	69	1130	21
Apis_mellifera	XP_392346.4	none	5	158	223	66	198	1130	21
Apis_mellifera	XP_392346.4	none	6	224	268	45	135	1130	21
Apis_mellifera	XP_392346.4	none	7	269	313	45	136	1130	21
Apis_mellifera	XP_392346.4	none	8	314	407	94	281	1130	21
Apis_mellifera	XP_392346.4	none	9	408	449	42	126	1130	21
Apis_mellifera	XP_392346.4	none	10	450	476	27	82	1130	21
Apis_mellifera	XP_392346.4	none	11	477	539	63	188	1130	21
Apis_mellifera	XP_392346.4	none	12	540	570	31	95	1130	21
Apis_mellifera	XP_392346.4	none	13	571	622	52	156	1130	21
Apis_mellifera	XP_392346.4	none	14	623	675	53	158	1130	21
Apis_mellifera	XP_392346.4	none	15	676	705	30	89	1130	21
Apis_mellifera	XP_392346.4	none	16	706	802	97	291	1130	21
Apis_mellifera	XP_392346.4	none	17	803	874	72	216	1130	21
Apis_mellifera	XP_392346.4	none	18	875	934	60	180	1130	21
Apis_mellifera	XP_392346.4	none	19	935	993	59	178	1130	21
Apis_mellifera	XP_392346.4	none	20	994	1044	51	152	1130	21
Apis_mellifera	XP_392346.4	none	21	1045	1130	86	258	1130	21
Arabidopsis_thaliana	NP_192116.1	Tudor	1	1	315	315	946	1325	21
Arabidopsis_thaliana	NP_192116.1	Tudor	2	316	348	33	100	1325	21
Arabidopsis_thaliana	NP_192116.1	Tudor	3	349	383	35	103	1325	21
Arabidopsis_thaliana	NP_192116.1	Tudor	4	384	401	18	54	1325	21
Arabidopsis_thaliana	NP_192116.1	Tudor	5	402	426	25	75	1325	21
Arabidopsis_thaliana	NP_192116.1	Tudor	6	427	449	23	69	1325	21
Arabidopsis_thaliana	NP_192116.1	Tudor	7	450	477	28	84	1325	21
Arabidopsis_thaliana	NP_192116.1	Tudor	8	478	542	65	195	1325	21
Arabidopsis_thaliana	NP_192116.1	Tudor	9	543	718	176	530	1325	21
Arabidopsis_thaliana	NP_192116.1	Tudor	10	719	762	44	130	1325	21
Arabidopsis_thaliana	NP_192116.1	Tudor	11	763	792	30	92	1325	21
Arabidopsis_thaliana	NP_192116.1	Tudor	12	793	852	60	179	1325	21
Arabidopsis_thaliana	NP_192116.1	Tudor	13	853	920	68	203	1325	21
Arabidopsis_thaliana	NP_192116.1	Tudor	14	921	954	34	102	1325	21
Arabidopsis_thaliana	NP_192116.1	Tudor	15	955	1008	54	163	1325	21
Arabidopsis_thaliana	NP_192116.1	Tudor	16	1009	1104	96	287	1325	21
Arabidopsis_thaliana	NP_192116.1	Tudor	17	1105	1150	46	138	1325	21
Arabidopsis_thaliana	NP_192116.1	Tudor	18	1151	1176	26	80	1325	21
Arabidopsis_thaliana	NP_192116.1	Tudor	19	1177	1210	34	100	1325	21
Arabidopsis_thaliana	NP_192116.1	Tudor	20	1211	1253	43	130	1325	21
Arabidopsis_thaliana	NP_192116.1	Tudor	21	1254	1325	72	215	1325	21
Asparagus_officinalis	XP_020269981.1	Tudor	1	1	273	273	820	1310	21
Asparagus_officinalis	XP_020269981.1	Tudor	2	274	305	32	97	1310	21
Asparagus_officinalis	XP_020269981.1	Tudor	3	306	340	35	103	1310	21
Asparagus_officinalis	XP_020269981.1	Tudor	4	341	358	18	54	1310	21
Asparagus_officinalis	XP_020269981.1	Tudor	5	359	383	25	75	1310	21
Asparagus_officinalis	XP_020269981.1	Tudor	6	384	406	23	69	1310	21
Asparagus_officinalis	XP_020269981.1	Tudor	7	407	434	28	84	1310	21
Asparagus_officinalis	XP_020269981.1	Tudor	8	435	500	66	198	1310	21
Asparagus_officinalis	XP_020269981.1	Tudor	9	501	683	183	551	1310	21
Asparagus_officinalis	XP_020269981.1	Tudor	10	684	727	44	130	1310	21
Asparagus_officinalis	XP_020269981.1	Tudor	11	728	757	30	92	1310	21
Asparagus_officinalis	XP_020269981.1	Tudor	12	758	817	60	179	1310	21
Asparagus_officinalis	XP_020269981.1	Tudor	13	818	885	68	203	1310	21
Asparagus_officinalis	XP_020269981.1	Tudor	14	886	919	34	102	1310	21
Asparagus_officinalis	XP_020269981.1	Tudor	15	920	973	54	163	1310	21
Asparagus_officinalis	XP_020269981.1	Tudor	16	974	1071	98	293	1310	21
Asparagus_officinalis	XP_020269981.1	Tudor	17	1072	1117	46	138	1310	21
Asparagus_officinalis	XP_020269981.1	Tudor	18	1118	1143	26	80	1310	21
Asparagus_officinalis	XP_020269981.1	Tudor	19	1144	1177	34	100	1310	21
Asparagus_officinalis	XP_020269981.1	Tudor	20	1178	1220	43	130	1310	21
Asparagus_officinalis	XP_020269981.1	Tudor	21	1221	1310	90	269	1310	21
Aspergillus_niger	CAK44621.1	none	1	1	233	233	699	1194	4
Aspergillus_niger	CAK44621.1	none	2	234	1028	795	2387	1194	4
Aspergillus_niger	CAK44621.1	none	3	1029	1083	55	163	1194	4
Aspergillus_niger	CAK44621.1	none	4	1084	1194	111	333	1194	4
Aureococcus_anophagefferens	XP_009034367.1	Tudor	1	1	559	559	1677	1141	3
Aureococcus_anophagefferens	XP_009034367.1	Tudor	2	560	957	398	1194	1141	3
Aureococcus_anophagefferens	XP_009034367.1	Tudor	3	958	1141	184	552	1141	3
Beta_vulgaris_subsp._vulgaris	XP_010679365.1	Tudor	1	1	283	283	850	1302	21
Beta_vulgaris_subsp._vulgaris	XP_010679365.1	Tudor	2	284	313	30	91	1302	21
Beta_vulgaris_subsp._vulgaris	XP_010679365.1	Tudor	3	314	348	35	103	1302	21
Beta_vulgaris_subsp._vulgaris	XP_010679365.1	Tudor	4	349	366	18	54	1302	21
Beta_vulgaris_subsp._vulgaris	XP_010679365.1	Tudor	5	367	391	25	75	1302	21
Beta_vulgaris_subsp._vulgaris	XP_010679365.1	Tudor	6	392	414	23	69	1302	21
Beta_vulgaris_subsp._vulgaris	XP_010679365.1	Tudor	7	415	442	28	84	1302	21
Beta_vulgaris_subsp._vulgaris	XP_010679365.1	Tudor	8	443	507	65	195	1302	21
Beta_vulgaris_subsp._vulgaris	XP_010679365.1	Tudor	9	508	688	181	545	1302	21
Beta_vulgaris_subsp._vulgaris	XP_010679365.1	Tudor	10	689	732	44	130	1302	21
Beta_vulgaris_subsp._vulgaris	XP_010679365.1	Tudor	11	733	761	29	89	1302	21
Beta_vulgaris_subsp._vulgaris	XP_010679365.1	Tudor	12	762	821	60	179	1302	21
Beta_vulgaris_subsp._vulgaris	XP_010679365.1	Tudor	13	822	889	68	203	1302	21
Beta_vulgaris_subsp._vulgaris	XP_010679365.1	Tudor	14	890	923	34	102	1302	21
Beta_vulgaris_subsp._vulgaris	XP_010679365.1	Tudor	15	924	977	54	163	1302	21
Beta_vulgaris_subsp._vulgaris	XP_010679365.1	Tudor	16	978	1074	97	290	1302	21
Beta_vulgaris_subsp._vulgaris	XP_010679365.1	Tudor	17	1075	1120	46	138	1302	21
Beta_vulgaris_subsp._vulgaris	XP_010679365.1	Tudor	18	1121	1146	26	80	1302	21
Beta_vulgaris_subsp._vulgaris	XP_010679365.1	Tudor	19	1147	1180	34	100	1302	21
Beta_vulgaris_subsp._vulgaris	XP_010679365.1	Tudor	20	1181	1223	43	130	1302	21
Beta_vulgaris_subsp._vulgaris	XP_010679365.1	Tudor	21	1224	1302	79	236	1302	21
Bombyx_mandarina	XP_028038931.1	none	1	1	51	51	154	1136	19
Bombyx_mandarina	XP_028038931.1	none	2	52	100	49	147	1136	19
Bombyx_mandarina	XP_028038931.1	none	3	101	151	51	154	1136	19
Bombyx_mandarina	XP_028038931.1	none	4	152	219	68	202	1136	19
Bombyx_mandarina	XP_028038931.1	none	5	220	264	45	135	1136	19
Bombyx_mandarina	XP_028038931.1	none	6	265	309	45	136	1136	19
Bombyx_mandarina	XP_028038931.1	none	7	310	356	47	140	1136	19
Bombyx_mandarina	XP_028038931.1	none	8	357	401	45	135	1136	19
Bombyx_mandarina	XP_028038931.1	none	9	402	464	63	190	1136	19
Bombyx_mandarina	XP_028038931.1	none	10	465	566	102	307	1136	19
Bombyx_mandarina	XP_028038931.1	none	11	567	618	52	156	1136	19
Bombyx_mandarina	XP_028038931.1	none	12	619	700	82	244	1136	19
Bombyx_mandarina	XP_028038931.1	none	13	701	752	52	156	1136	19
Bombyx_mandarina	XP_028038931.1	none	14	753	797	45	135	1136	19
Bombyx_mandarina	XP_028038931.1	none	15	798	871	74	222	1136	19
Bombyx_mandarina	XP_028038931.1	none	16	872	931	60	180	1136	19
Bombyx_mandarina	XP_028038931.1	none	17	932	990	59	178	1136	19
Bombyx_mandarina	XP_028038931.1	none	18	991	1041	51	152	1136	19
Bombyx_mandarina	XP_028038931.1	none	19	1042	1136	95	285	1136	19
Branchiostoma_belcheri	XP_019632875.1	PWWP	1	1	59	59	178	1325	33
Branchiostoma_belcheri	XP_019632875.1	PWWP	2	60	117	58	175	1325	33
Branchiostoma_belcheri	XP_019632875.1	PWWP	3	118	181	64	191	1325	33
Branchiostoma_belcheri	XP_019632875.1	PWWP	4	182	203	22	65	1325	33
Branchiostoma_belcheri	XP_019632875.1	PWWP	5	204	227	24	73	1325	33
Branchiostoma_belcheri	XP_019632875.1	PWWP	6	228	266	39	116	1325	33
Branchiostoma_belcheri	XP_019632875.1	PWWP	7	267	331	65	195	1325	33
Branchiostoma_belcheri	XP_019632875.1	PWWP	8	332	358	27	83	1325	33
Branchiostoma_belcheri	XP_019632875.1	PWWP	9	359	389	31	91	1325	33
Branchiostoma_belcheri	XP_019632875.1	PWWP	10	390	409	20	60	1325	33
Branchiostoma_belcheri	XP_019632875.1	PWWP	11	410	434	25	75	1325	33
Branchiostoma_belcheri	XP_019632875.1	PWWP	12	435	479	45	136	1325	33
Branchiostoma_belcheri	XP_019632875.1	PWWP	13	480	500	21	63	1325	33
Branchiostoma_belcheri	XP_019632875.1	PWWP	14	501	526	26	77	1325	33
Branchiostoma_belcheri	XP_019632875.1	PWWP	15	527	551	25	75	1325	33
Branchiostoma_belcheri	XP_019632875.1	PWWP	16	552	575	24	72	1325	33
Branchiostoma_belcheri	XP_019632875.1	PWWP	17	576	648	73	220	1325	33
Branchiostoma_belcheri	XP_019632875.1	PWWP	18	649	671	23	70	1325	33
Branchiostoma_belcheri	XP_019632875.1	PWWP	19	672	716	45	133	1325	33
Branchiostoma_belcheri	XP_019632875.1	PWWP	20	717	752	36	109	1325	33
Branchiostoma_belcheri	XP_019632875.1	PWWP	21	753	773	21	64	1325	33
Branchiostoma_belcheri	XP_019632875.1	PWWP	22	774	806	33	99	1325	33
Branchiostoma_belcheri	XP_019632875.1	PWWP	23	807	864	58	174	1325	33
Branchiostoma_belcheri	XP_019632875.1	PWWP	24	865	948	84	250	1325	33
Branchiostoma_belcheri	XP_019632875.1	PWWP	25	949	1025	77	233	1325	33
Branchiostoma_belcheri	XP_019632875.1	PWWP	26	1026	1070	45	133	1325	33
Branchiostoma_belcheri	XP_019632875.1	PWWP	27	1071	1103	33	99	1325	33
Branchiostoma_belcheri	XP_019632875.1	PWWP	28	1104	1145	42	126	1325	33
Branchiostoma_belcheri	XP_019632875.1	PWWP	29	1146	1174	29	88	1325	33
Branchiostoma_belcheri	XP_019632875.1	PWWP	30	1175	1204	30	90	1325	33
Branchiostoma_belcheri	XP_019632875.1	PWWP	31	1205	1256	52	155	1325	33
Branchiostoma_belcheri	XP_019632875.1	PWWP	32	1257	1301	45	135	1325	33
Branchiostoma_belcheri	XP_019632875.1	PWWP	33	1302	1325	24	72	1325	33
Caenorhabditis_elegans	NP_491163.1	none	1	1	45	45	136	1187	8
Caenorhabditis_elegans	NP_491163.1	none	2	46	139	94	281	1187	8
Caenorhabditis_elegans	NP_491163.1	none	3	140	394	255	765	1187	8
Caenorhabditis_elegans	NP_491163.1	none	4	395	662	268	806	1187	8
Caenorhabditis_elegans	NP_491163.1	none	5	663	800	138	412	1187	8
Caenorhabditis_elegans	NP_491163.1	none	6	801	984	184	552	1187	8
Caenorhabditis_elegans	NP_491163.1	none	7	985	1095	111	333	1187	8
Caenorhabditis_elegans	NP_491163.1	none	8	1096	1187	92	276	1187	8
Callorhinchus_milii	XP_042189105.1	PWWP	1	1	17	17	53	1024	6
Callorhinchus_milii	XP_042189105.1	PWWP	2	18	85	68	203	1024	6
Callorhinchus_milii	XP_042189105.1	PWWP	3	86	147	62	185	1024	6
Callorhinchus_milii	XP_042189105.1	PWWP	4	148	193	46	138	1024	6
Callorhinchus_milii	XP_042189105.1	PWWP	5	194	1012	819	2457	1024	6
Callorhinchus_milii	XP_042189105.1	PWWP	6	1013	1024	12	36	1024	6
Cannabis_sativa	KAF4383569.1	Tudor	1	1	290	290	871	1285	22
Cannabis_sativa	KAF4383569.1	Tudor	2	291	322	32	97	1285	22
Cannabis_sativa	KAF4383569.1	Tudor	3	323	357	35	103	1285	22
Cannabis_sativa	KAF4383569.1	Tudor	4	358	375	18	54	1285	22
Cannabis_sativa	KAF4383569.1	Tudor	5	376	400	25	75	1285	22
Cannabis_sativa	KAF4383569.1	Tudor	6	401	423	23	69	1285	22
Cannabis_sativa	KAF4383569.1	Tudor	7	424	451	28	84	1285	22
Cannabis_sativa	KAF4383569.1	Tudor	8	452	500	49	147	1285	22
Cannabis_sativa	KAF4383569.1	Tudor	9	501	682	182	548	1285	22
Cannabis_sativa	KAF4383569.1	Tudor	10	683	726	44	130	1285	22
Cannabis_sativa	KAF4383569.1	Tudor	11	727	756	30	92	1285	22
Cannabis_sativa	KAF4383569.1	Tudor	12	757	816	60	179	1285	22
Cannabis_sativa	KAF4383569.1	Tudor	13	817	882	66	197	1285	22
Cannabis_sativa	KAF4383569.1	Tudor	14	883	916	34	102	1285	22
Cannabis_sativa	KAF4383569.1	Tudor	15	917	970	54	163	1285	22
Cannabis_sativa	KAF4383569.1	Tudor	16	971	1061	91	272	1285	22
Cannabis_sativa	KAF4383569.1	Tudor	17	1062	1107	46	138	1285	22
Cannabis_sativa	KAF4383569.1	Tudor	18	1108	1133	26	80	1285	22
Cannabis_sativa	KAF4383569.1	Tudor	19	1134	1167	34	100	1285	22
Cannabis_sativa	KAF4383569.1	Tudor	20	1168	1210	43	130	1285	22
Cannabis_sativa	KAF4383569.1	Tudor	21	1211	1274	64	191	1285	22
Cannabis_sativa	KAF4383569.1	Tudor	22	1275	1285	11	33	1285	22
Capitella_teleta	ELU18588.1	PWWP	1	1	62	62	188	1271	27
Capitella_teleta	ELU18588.1	PWWP	2	63	132	70	210	1271	27
Capitella_teleta	ELU18588.1	PWWP	3	133	174	42	125	1271	27
Capitella_teleta	ELU18588.1	PWWP	4	175	212	38	113	1271	27
Capitella_teleta	ELU18588.1	PWWP	5	213	271	59	177	1271	27
Capitella_teleta	ELU18588.1	PWWP	6	272	326	55	165	1271	27
Capitella_teleta	ELU18588.1	PWWP	7	327	346	20	60	1271	27
Capitella_teleta	ELU18588.1	PWWP	8	347	371	25	75	1271	27
Capitella_teleta	ELU18588.1	PWWP	9	372	417	46	140	1271	27
Capitella_teleta	ELU18588.1	PWWP	10	418	485	68	202	1271	27
Capitella_teleta	ELU18588.1	PWWP	11	486	509	24	72	1271	27
Capitella_teleta	ELU18588.1	PWWP	12	510	579	70	211	1271	27
Capitella_teleta	ELU18588.1	PWWP	13	580	602	23	70	1271	27
Capitella_teleta	ELU18588.1	PWWP	14	603	641	39	115	1271	27
Capitella_teleta	ELU18588.1	PWWP	15	642	676	35	106	1271	27
Capitella_teleta	ELU18588.1	PWWP	16	677	730	54	163	1271	27
Capitella_teleta	ELU18588.1	PWWP	17	731	787	57	171	1271	27
Capitella_teleta	ELU18588.1	PWWP	18	788	816	29	85	1271	27
Capitella_teleta	ELU18588.1	PWWP	19	817	834	18	55	1271	27
Capitella_teleta	ELU18588.1	PWWP	20	835	868	34	101	1271	27
Capitella_teleta	ELU18588.1	PWWP	21	869	944	76	230	1271	27
Capitella_teleta	ELU18588.1	PWWP	22	945	987	43	127	1271	27
Capitella_teleta	ELU18588.1	PWWP	23	988	1021	34	102	1271	27
Capitella_teleta	ELU18588.1	PWWP	24	1022	1057	36	108	1271	27
Capitella_teleta	ELU18588.1	PWWP	25	1058	1117	60	182	1271	27
Capitella_teleta	ELU18588.1	PWWP	26	1118	1219	102	304	1271	27
Capitella_teleta	ELU18588.1	PWWP	27	1220	1271	52	156	1271	27
Centruroides_sculpturatus	XP_023218018.1	PWWP	1	1	51	51	154	1294	32
Centruroides_sculpturatus	XP_023218018.1	PWWP	2	52	109	58	175	1294	32
Centruroides_sculpturatus	XP_023218018.1	PWWP	3	110	171	62	185	1294	32
Centruroides_sculpturatus	XP_023218018.1	PWWP	4	172	187	16	47	1294	32
Centruroides_sculpturatus	XP_023218018.1	PWWP	5	188	250	63	189	1294	32
Centruroides_sculpturatus	XP_023218018.1	PWWP	6	251	294	44	132	1294	32
Centruroides_sculpturatus	XP_023218018.1	PWWP	7	295	322	28	86	1294	32
Centruroides_sculpturatus	XP_023218018.1	PWWP	8	323	352	30	88	1294	32
Centruroides_sculpturatus	XP_023218018.1	PWWP	9	353	385	33	99	1294	32
Centruroides_sculpturatus	XP_023218018.1	PWWP	10	386	447	62	187	1294	32
Centruroides_sculpturatus	XP_023218018.1	PWWP	11	448	494	47	140	1294	32
Centruroides_sculpturatus	XP_023218018.1	PWWP	12	495	518	24	72	1294	32
Centruroides_sculpturatus	XP_023218018.1	PWWP	13	519	542	24	72	1294	32
Centruroides_sculpturatus	XP_023218018.1	PWWP	14	543	611	69	208	1294	32
Centruroides_sculpturatus	XP_023218018.1	PWWP	15	612	634	23	70	1294	32
Centruroides_sculpturatus	XP_023218018.1	PWWP	16	635	675	41	121	1294	32
Centruroides_sculpturatus	XP_023218018.1	PWWP	17	676	710	35	106	1294	32
Centruroides_sculpturatus	XP_023218018.1	PWWP	18	711	764	54	163	1294	32
Centruroides_sculpturatus	XP_023218018.1	PWWP	19	765	822	58	174	1294	32
Centruroides_sculpturatus	XP_023218018.1	PWWP	20	823	851	29	85	1294	32
Centruroides_sculpturatus	XP_023218018.1	PWWP	21	852	869	18	55	1294	32
Centruroides_sculpturatus	XP_023218018.1	PWWP	22	870	903	34	101	1294	32
Centruroides_sculpturatus	XP_023218018.1	PWWP	23	904	978	75	227	1294	32
Centruroides_sculpturatus	XP_023218018.1	PWWP	24	979	1020	42	124	1294	32
Centruroides_sculpturatus	XP_023218018.1	PWWP	25	1021	1053	33	99	1294	32
Centruroides_sculpturatus	XP_023218018.1	PWWP	26	1054	1091	38	114	1294	32
Centruroides_sculpturatus	XP_023218018.1	PWWP	27	1092	1120	29	88	1294	32
Centruroides_sculpturatus	XP_023218018.1	PWWP	28	1121	1150	30	90	1294	32
Centruroides_sculpturatus	XP_023218018.1	PWWP	29	1151	1202	52	155	1294	32
Centruroides_sculpturatus	XP_023218018.1	PWWP	30	1203	1246	44	132	1294	32
Centruroides_sculpturatus	XP_023218018.1	PWWP	31	1247	1268	22	68	1294	32
Centruroides_sculpturatus	XP_023218018.1	PWWP	32	1269	1294	26	76	1294	32
Ceratopteris_richardii	KAH7428807.1	Tudor	1	1	72	72	218	1366	21
Ceratopteris_richardii	KAH7428807.1	Tudor	2	73	115	43	127	1366	21
Ceratopteris_richardii	KAH7428807.1	Tudor	3	116	148	33	100	1366	21
Ceratopteris_richardii	KAH7428807.1	Tudor	4	149	175	27	80	1366	21
Ceratopteris_richardii	KAH7428807.1	Tudor	5	176	221	46	138	1366	21
Ceratopteris_richardii	KAH7428807.1	Tudor	6	222	319	98	296	1366	21
Ceratopteris_richardii	KAH7428807.1	Tudor	7	320	374	55	163	1366	21
Ceratopteris_richardii	KAH7428807.1	Tudor	8	375	408	34	102	1366	21
Ceratopteris_richardii	KAH7428807.1	Tudor	9	409	475	67	203	1366	21
Ceratopteris_richardii	KAH7428807.1	Tudor	10	476	535	60	179	1366	21
Ceratopteris_richardii	KAH7428807.1	Tudor	11	536	566	31	92	1366	21
Ceratopteris_richardii	KAH7428807.1	Tudor	12	567	609	43	130	1366	21
Ceratopteris_richardii	KAH7428807.1	Tudor	13	610	796	187	560	1366	21
Ceratopteris_richardii	KAH7428807.1	Tudor	14	797	860	64	192	1366	21
Ceratopteris_richardii	KAH7428807.1	Tudor	15	861	888	28	84	1366	21
Ceratopteris_richardii	KAH7428807.1	Tudor	16	889	911	23	69	1366	21
Ceratopteris_richardii	KAH7428807.1	Tudor	17	912	936	25	75	1366	21
Ceratopteris_richardii	KAH7428807.1	Tudor	18	937	954	18	54	1366	21
Ceratopteris_richardii	KAH7428807.1	Tudor	19	955	988	34	103	1366	21
Ceratopteris_richardii	KAH7428807.1	Tudor	20	989	1014	26	79	1366	21
Ceratopteris_richardii	KAH7428807.1	Tudor	21	1015	1366	352	1054	1366	21
Chara_braunii	GBG86212.1	Tudor	1	1	28	28	84	1383	17
Chara_braunii	GBG86212.1	Tudor	2	29	74	46	138	1383	17
Chara_braunii	GBG86212.1	Tudor	3	75	186	112	338	1383	17
Chara_braunii	GBG86212.1	Tudor	4	187	241	55	163	1383	17
Chara_braunii	GBG86212.1	Tudor	5	242	275	34	102	1383	17
Chara_braunii	GBG86212.1	Tudor	6	276	343	68	206	1383	17
Chara_braunii	GBG86212.1	Tudor	7	344	406	63	188	1383	17
Chara_braunii	GBG86212.1	Tudor	8	407	437	31	92	1383	17
Chara_braunii	GBG86212.1	Tudor	9	438	480	43	130	1383	17
Chara_braunii	GBG86212.1	Tudor	10	481	717	237	710	1383	17
Chara_braunii	GBG86212.1	Tudor	11	718	745	28	84	1383	17
Chara_braunii	GBG86212.1	Tudor	12	746	768	23	69	1383	17
Chara_braunii	GBG86212.1	Tudor	13	769	793	25	75	1383	17
Chara_braunii	GBG86212.1	Tudor	14	794	811	18	54	1383	17
Chara_braunii	GBG86212.1	Tudor	15	812	845	34	103	1383	17
Chara_braunii	GBG86212.1	Tudor	16	846	870	25	76	1383	17
Chara_braunii	GBG86212.1	Tudor	17	871	1383	513	1537	1383	17
Chlamydomonas_reinhardtii	PNW83581.1	none	1	1	96	96	290	1264	21
Chlamydomonas_reinhardtii	PNW83581.1	none	2	97	138	42	124	1264	21
Chlamydomonas_reinhardtii	PNW83581.1	none	3	139	192	54	163	1264	21
Chlamydomonas_reinhardtii	PNW83581.1	none	4	193	244	52	155	1264	21
Chlamydomonas_reinhardtii	PNW83581.1	none	5	245	294	50	150	1264	21
Chlamydomonas_reinhardtii	PNW83581.1	none	6	295	331	37	113	1264	21
Chlamydomonas_reinhardtii	PNW83581.1	none	7	332	391	60	180	1264	21
Chlamydomonas_reinhardtii	PNW83581.1	none	8	392	437	46	136	1264	21
Chlamydomonas_reinhardtii	PNW83581.1	none	9	438	464	27	81	1264	21
Chlamydomonas_reinhardtii	PNW83581.1	none	10	465	581	117	351	1264	21
Chlamydomonas_reinhardtii	PNW83581.1	none	11	582	624	43	129	1264	21
Chlamydomonas_reinhardtii	PNW83581.1	none	12	625	649	25	75	1264	21
Chlamydomonas_reinhardtii	PNW83581.1	none	13	650	692	43	131	1264	21
Chlamydomonas_reinhardtii	PNW83581.1	none	14	693	727	35	103	1264	21
Chlamydomonas_reinhardtii	PNW83581.1	none	15	728	748	21	63	1264	21
Chlamydomonas_reinhardtii	PNW83581.1	none	16	749	799	51	153	1264	21
Chlamydomonas_reinhardtii	PNW83581.1	none	17	800	833	34	103	1264	21
Chlamydomonas_reinhardtii	PNW83581.1	none	18	834	893	60	181	1264	21
Chlamydomonas_reinhardtii	PNW83581.1	none	19	894	1060	167	501	1264	21
Chlamydomonas_reinhardtii	PNW83581.1	none	20	1061	1223	163	489	1264	21
Chlamydomonas_reinhardtii	PNW83581.1	none	21	1224	1264	41	121	1264	21
Chlorella_vulgaris	KAI3430702.1	Tudor	1	1	140	140	422	1439	23
Chlorella_vulgaris	KAI3430702.1	Tudor	2	141	191	51	152	1439	23
Chlorella_vulgaris	KAI3430702.1	Tudor	3	192	239	48	143	1439	23
Chlorella_vulgaris	KAI3430702.1	Tudor	4	240	260	21	65	1439	23
Chlorella_vulgaris	KAI3430702.1	Tudor	5	261	411	151	451	1439	23
Chlorella_vulgaris	KAI3430702.1	Tudor	6	412	439	28	84	1439	23
Chlorella_vulgaris	KAI3430702.1	Tudor	7	440	464	25	75	1439	23
Chlorella_vulgaris	KAI3430702.1	Tudor	8	465	495	31	93	1439	23
Chlorella_vulgaris	KAI3430702.1	Tudor	9	496	513	18	56	1439	23
Chlorella_vulgaris	KAI3430702.1	Tudor	10	514	534	21	61	1439	23
Chlorella_vulgaris	KAI3430702.1	Tudor	11	535	573	39	119	1439	23
Chlorella_vulgaris	KAI3430702.1	Tudor	12	574	643	70	208	1439	23
Chlorella_vulgaris	KAI3430702.1	Tudor	13	644	695	52	156	1439	23
Chlorella_vulgaris	KAI3430702.1	Tudor	14	696	754	59	177	1439	23
Chlorella_vulgaris	KAI3430702.1	Tudor	15	755	802	48	144	1439	23
Chlorella_vulgaris	KAI3430702.1	Tudor	16	803	844	42	128	1439	23
Chlorella_vulgaris	KAI3430702.1	Tudor	17	845	886	42	124	1439	23
Chlorella_vulgaris	KAI3430702.1	Tudor	18	887	939	53	159	1439	23
Chlorella_vulgaris	KAI3430702.1	Tudor	19	940	980	41	123	1439	23
Chlorella_vulgaris	KAI3430702.1	Tudor	20	981	1004	24	73	1439	23
Chlorella_vulgaris	KAI3430702.1	Tudor	21	1005	1313	309	928	1439	23
Chlorella_vulgaris	KAI3430702.1	Tudor	22	1314	1411	98	292	1439	23
Chlorella_vulgaris	KAI3430702.1	Tudor	23	1412	1439	28	84	1439	23
Chondrus_crispus	CDF39965.1	none	1	1	91	91	274	954	5
Chondrus_crispus	CDF39965.1	none	2	92	486	395	1185	954	5
Chondrus_crispus	CDF39965.1	none	3	487	593	107	321	954	5
Chondrus_crispus	CDF39965.1	none	4	594	741	148	445	954	5
Chondrus_crispus	CDF39965.1	none	5	742	954	213	637	954	5
Citrus_sinensis	XP_006492326.2	Tudor	1	1	264	264	793	1289	21
Citrus_sinensis	XP_006492326.2	Tudor	2	265	296	32	97	1289	21
Citrus_sinensis	XP_006492326.2	Tudor	3	297	331	35	103	1289	21
Citrus_sinensis	XP_006492326.2	Tudor	4	332	349	18	54	1289	21
Citrus_sinensis	XP_006492326.2	Tudor	5	350	374	25	75	1289	21
Citrus_sinensis	XP_006492326.2	Tudor	6	375	397	23	69	1289	21
Citrus_sinensis	XP_006492326.2	Tudor	7	398	425	28	84	1289	21
Citrus_sinensis	XP_006492326.2	Tudor	8	426	490	65	195	1289	21
Citrus_sinensis	XP_006492326.2	Tudor	9	491	669	179	539	1289	21
Citrus_sinensis	XP_006492326.2	Tudor	10	670	713	44	130	1289	21
Citrus_sinensis	XP_006492326.2	Tudor	11	714	743	30	92	1289	21
Citrus_sinensis	XP_006492326.2	Tudor	12	744	803	60	179	1289	21
Citrus_sinensis	XP_006492326.2	Tudor	13	804	871	68	203	1289	21
Citrus_sinensis	XP_006492326.2	Tudor	14	872	905	34	102	1289	21
Citrus_sinensis	XP_006492326.2	Tudor	15	906	959	54	163	1289	21
Citrus_sinensis	XP_006492326.2	Tudor	16	960	1055	96	287	1289	21
Citrus_sinensis	XP_006492326.2	Tudor	17	1056	1101	46	138	1289	21
Citrus_sinensis	XP_006492326.2	Tudor	18	1102	1127	26	80	1289	21
Citrus_sinensis	XP_006492326.2	Tudor	19	1128	1161	34	100	1289	21
Citrus_sinensis	XP_006492326.2	Tudor	20	1162	1204	43	130	1289	21
Citrus_sinensis	XP_006492326.2	Tudor	21	1205	1289	85	254	1289	21
Coccomyxa_subellipsoidea_C-169	XP_005644720.1	Tudor	1	1	76	76	228	1205	21
Coccomyxa_subellipsoidea_C-169	XP_005644720.1	Tudor	2	77	135	59	177	1205	21
Coccomyxa_subellipsoidea_C-169	XP_005644720.1	Tudor	3	136	206	71	214	1205	21
Coccomyxa_subellipsoidea_C-169	XP_005644720.1	Tudor	4	207	270	64	193	1205	21
Coccomyxa_subellipsoidea_C-169	XP_005644720.1	Tudor	5	271	311	41	121	1205	21
Coccomyxa_subellipsoidea_C-169	XP_005644720.1	Tudor	6	312	363	52	156	1205	21
Coccomyxa_subellipsoidea_C-169	XP_005644720.1	Tudor	7	364	432	69	209	1205	21
Coccomyxa_subellipsoidea_C-169	XP_005644720.1	Tudor	8	433	519	87	259	1205	21
Coccomyxa_subellipsoidea_C-169	XP_005644720.1	Tudor	9	520	586	67	201	1205	21
Coccomyxa_subellipsoidea_C-169	XP_005644720.1	Tudor	10	587	635	49	147	1205	21
Coccomyxa_subellipsoidea_C-169	XP_005644720.1	Tudor	11	636	656	21	64	1205	21
Coccomyxa_subellipsoidea_C-169	XP_005644720.1	Tudor	12	657	707	51	152	1205	21
Coccomyxa_subellipsoidea_C-169	XP_005644720.1	Tudor	13	708	768	61	183	1205	21
Coccomyxa_subellipsoidea_C-169	XP_005644720.1	Tudor	14	769	808	40	120	1205	21
Coccomyxa_subellipsoidea_C-169	XP_005644720.1	Tudor	15	809	858	50	150	1205	21
Coccomyxa_subellipsoidea_C-169	XP_005644720.1	Tudor	16	859	913	55	165	1205	21
Coccomyxa_subellipsoidea_C-169	XP_005644720.1	Tudor	17	914	958	45	136	1205	21
Coccomyxa_subellipsoidea_C-169	XP_005644720.1	Tudor	18	959	1007	49	146	1205	21
Coccomyxa_subellipsoidea_C-169	XP_005644720.1	Tudor	19	1008	1061	54	164	1205	21
Coccomyxa_subellipsoidea_C-169	XP_005644720.1	Tudor	20	1062	1100	39	115	1205	21
Coccomyxa_subellipsoidea_C-169	XP_005644720.1	Tudor	21	1101	1205	105	315	1205	21
Coffea_arabica	XP_027118401.1	Tudor	1	1	280	280	841	1301	21
Coffea_arabica	XP_027118401.1	Tudor	2	281	311	31	94	1301	21
Coffea_arabica	XP_027118401.1	Tudor	3	312	346	35	103	1301	21
Coffea_arabica	XP_027118401.1	Tudor	4	347	364	18	54	1301	21
Coffea_arabica	XP_027118401.1	Tudor	5	365	389	25	75	1301	21
Coffea_arabica	XP_027118401.1	Tudor	6	390	412	23	69	1301	21
Coffea_arabica	XP_027118401.1	Tudor	7	413	440	28	84	1301	21
Coffea_arabica	XP_027118401.1	Tudor	8	441	505	65	195	1301	21
Coffea_arabica	XP_027118401.1	Tudor	9	506	687	182	548	1301	21
Coffea_arabica	XP_027118401.1	Tudor	10	688	731	44	130	1301	21
Coffea_arabica	XP_027118401.1	Tudor	11	732	761	30	92	1301	21
Coffea_arabica	XP_027118401.1	Tudor	12	762	821	60	179	1301	21
Coffea_arabica	XP_027118401.1	Tudor	13	822	889	68	203	1301	21
Coffea_arabica	XP_027118401.1	Tudor	14	890	923	34	102	1301	21
Coffea_arabica	XP_027118401.1	Tudor	15	924	977	54	163	1301	21
Coffea_arabica	XP_027118401.1	Tudor	16	978	1074	97	290	1301	21
Coffea_arabica	XP_027118401.1	Tudor	17	1075	1120	46	138	1301	21
Coffea_arabica	XP_027118401.1	Tudor	18	1121	1146	26	80	1301	21
Coffea_arabica	XP_027118401.1	Tudor	19	1147	1180	34	100	1301	21
Coffea_arabica	XP_027118401.1	Tudor	20	1181	1223	43	130	1301	21
Coffea_arabica	XP_027118401.1	Tudor	21	1224	1301	78	233	1301	21
Crassostrea_angulata	XP_052719523.1	PWWP	1	1	63	63	190	1346	34
Crassostrea_angulata	XP_052719523.1	PWWP	2	64	119	56	169	1346	34
Crassostrea_angulata	XP_052719523.1	PWWP	3	120	185	66	197	1346	34
Crassostrea_angulata	XP_052719523.1	PWWP	4	186	205	20	59	1346	34
Crassostrea_angulata	XP_052719523.1	PWWP	5	206	230	25	76	1346	34
Crassostrea_angulata	XP_052719523.1	PWWP	6	231	270	40	119	1346	34
Crassostrea_angulata	XP_052719523.1	PWWP	7	271	343	73	219	1346	34
Crassostrea_angulata	XP_052719523.1	PWWP	8	344	370	27	83	1346	34
Crassostrea_angulata	XP_052719523.1	PWWP	9	371	400	30	88	1346	34
Crassostrea_angulata	XP_052719523.1	PWWP	10	401	420	20	60	1346	34
Crassostrea_angulata	XP_052719523.1	PWWP	11	421	445	25	75	1346	34
Crassostrea_angulata	XP_052719523.1	PWWP	12	446	490	45	136	1346	34
Crassostrea_angulata	XP_052719523.1	PWWP	13	491	538	48	143	1346	34
Crassostrea_angulata	XP_052719523.1	PWWP	14	539	561	23	69	1346	34
Crassostrea_angulata	XP_052719523.1	PWWP	15	562	585	24	72	1346	34
Crassostrea_angulata	XP_052719523.1	PWWP	16	586	653	68	205	1346	34
Crassostrea_angulata	XP_052719523.1	PWWP	17	654	676	23	70	1346	34
Crassostrea_angulata	XP_052719523.1	PWWP	18	677	719	43	127	1346	34
Crassostrea_angulata	XP_052719523.1	PWWP	19	720	753	34	103	1346	34
Crassostrea_angulata	XP_052719523.1	PWWP	20	754	807	54	163	1346	34
Crassostrea_angulata	XP_052719523.1	PWWP	21	808	834	27	81	1346	34
Crassostrea_angulata	XP_052719523.1	PWWP	22	835	866	32	96	1346	34
Crassostrea_angulata	XP_052719523.1	PWWP	23	867	897	31	91	1346	34
Crassostrea_angulata	XP_052719523.1	PWWP	24	898	915	18	55	1346	34
Crassostrea_angulata	XP_052719523.1	PWWP	25	916	949	34	101	1346	34
Crassostrea_angulata	XP_052719523.1	PWWP	26	950	1025	76	230	1346	34
Crassostrea_angulata	XP_052719523.1	PWWP	27	1026	1070	45	133	1346	34
Crassostrea_angulata	XP_052719523.1	PWWP	28	1071	1103	33	99	1346	34
Crassostrea_angulata	XP_052719523.1	PWWP	29	1104	1175	72	217	1346	34
Crassostrea_angulata	XP_052719523.1	PWWP	30	1176	1205	30	90	1346	34
Crassostrea_angulata	XP_052719523.1	PWWP	31	1206	1257	52	155	1346	34
Crassostrea_angulata	XP_052719523.1	PWWP	32	1258	1300	43	129	1346	34
Crassostrea_angulata	XP_052719523.1	PWWP	33	1301	1322	22	68	1346	34
Crassostrea_angulata	XP_052719523.1	PWWP	34	1323	1346	24	70	1346	34
Cryptococcus_neoformans	UOH83939.1	none	1	1	7	7	23	1206	15
Cryptococcus_neoformans	UOH83939.1	none	2	8	132	125	373	1206	15
Cryptococcus_neoformans	UOH83939.1	none	3	133	187	55	166	1206	15
Cryptococcus_neoformans	UOH83939.1	none	4	188	356	169	506	1206	15
Cryptococcus_neoformans	UOH83939.1	none	5	357	437	81	243	1206	15
Cryptococcus_neoformans	UOH83939.1	none	6	438	491	54	162	1206	15
Cryptococcus_neoformans	UOH83939.1	none	7	492	606	115	345	1206	15
Cryptococcus_neoformans	UOH83939.1	none	8	607	680	74	222	1206	15
Cryptococcus_neoformans	UOH83939.1	none	9	681	751	71	214	1206	15
Cryptococcus_neoformans	UOH83939.1	none	10	752	792	41	124	1206	15
Cryptococcus_neoformans	UOH83939.1	none	11	793	831	39	115	1206	15
Cryptococcus_neoformans	UOH83939.1	none	12	832	999	168	505	1206	15
Cryptococcus_neoformans	UOH83939.1	none	13	1000	1031	32	96	1206	15
Cryptococcus_neoformans	UOH83939.1	none	14	1032	1113	82	246	1206	15
Cryptococcus_neoformans	UOH83939.1	none	15	1114	1206	93	278	1206	15
Cyanidioschyzon_merolae	XP_005537539.1	none	1	1	1070	1070	3210	1070	1
Danio_rerio	NP_878280.1	PWWP	1	1	78	78	236	1370	10
Danio_rerio	NP_878280.1	PWWP	2	79	147	69	206	1370	10
Danio_rerio	NP_878280.1	PWWP	3	148	206	59	176	1370	10
Danio_rerio	NP_878280.1	PWWP	4	207	1058	852	2557	1370	10
Danio_rerio	NP_878280.1	PWWP	5	1059	1155	97	290	1370	10
Danio_rerio	NP_878280.1	PWWP	6	1156	1194	39	118	1370	10
Danio_rerio	NP_878280.1	PWWP	7	1195	1224	30	90	1370	10
Danio_rerio	NP_878280.1	PWWP	8	1225	1276	52	155	1370	10
Danio_rerio	NP_878280.1	PWWP	9	1277	1342	66	200	1370	10
Danio_rerio	NP_878280.1	PWWP	10	1343	1370	28	82	1370	10
Daphnia_magna	XP_046461715.1	PWWP	1	1	376	376	1128	1311	4
Daphnia_magna	XP_046461715.1	PWWP	2	377	499	123	369	1311	4
Daphnia_magna	XP_046461715.1	PWWP	3	500	689	190	570	1311	4
Daphnia_magna	XP_046461715.1	PWWP	4	690	1311	622	1866	1311	4
Daphnia_pulex	XP_046461715.1	PWWP	1	1	376	376	1128	1311	4
Daphnia_pulex	XP_046461715.1	PWWP	2	377	499	123	369	1311	4
Daphnia_pulex	XP_046461715.1	PWWP	3	500	689	190	570	1311	4
Daphnia_pulex	XP_046461715.1	PWWP	4	690	1311	622	1866	1311	4
Diphasiastrum_complanatum	KAJ7532274.1	Tudor	1	1	77	77	233	1473	21
Diphasiastrum_complanatum	KAJ7532274.1	Tudor	2	78	121	44	130	1473	21
Diphasiastrum_complanatum	KAJ7532274.1	Tudor	3	122	154	33	100	1473	21
Diphasiastrum_complanatum	KAJ7532274.1	Tudor	4	155	181	27	80	1473	21
Diphasiastrum_complanatum	KAJ7532274.1	Tudor	5	182	227	46	138	1473	21
Diphasiastrum_complanatum	KAJ7532274.1	Tudor	6	228	330	103	311	1473	21
Diphasiastrum_complanatum	KAJ7532274.1	Tudor	7	331	385	55	163	1473	21
Diphasiastrum_complanatum	KAJ7532274.1	Tudor	8	386	419	34	102	1473	21
Diphasiastrum_complanatum	KAJ7532274.1	Tudor	9	420	487	68	206	1473	21
Diphasiastrum_complanatum	KAJ7532274.1	Tudor	10	488	547	60	179	1473	21
Diphasiastrum_complanatum	KAJ7532274.1	Tudor	11	548	578	31	92	1473	21
Diphasiastrum_complanatum	KAJ7532274.1	Tudor	12	579	621	43	130	1473	21
Diphasiastrum_complanatum	KAJ7532274.1	Tudor	13	622	851	230	689	1473	21
Diphasiastrum_complanatum	KAJ7532274.1	Tudor	14	852	917	66	198	1473	21
Diphasiastrum_complanatum	KAJ7532274.1	Tudor	15	918	945	28	84	1473	21
Diphasiastrum_complanatum	KAJ7532274.1	Tudor	16	946	968	23	69	1473	21
Diphasiastrum_complanatum	KAJ7532274.1	Tudor	17	969	993	25	75	1473	21
Diphasiastrum_complanatum	KAJ7532274.1	Tudor	18	994	1011	18	54	1473	21
Diphasiastrum_complanatum	KAJ7532274.1	Tudor	19	1012	1045	34	103	1473	21
Diphasiastrum_complanatum	KAJ7532274.1	Tudor	20	1046	1077	32	97	1473	21
Diphasiastrum_complanatum	KAJ7532274.1	Tudor	21	1078	1473	396	1186	1473	21
Drosophila_melanogaster	NP_648755.1	none	1	1	334	334	1002	1191	5
Drosophila_melanogaster	NP_648755.1	none	2	335	444	110	330	1191	5
Drosophila_melanogaster	NP_648755.1	none	3	445	980	536	1608	1191	5
Drosophila_melanogaster	NP_648755.1	none	4	981	1142	162	486	1191	5
Drosophila_melanogaster	NP_648755.1	none	5	1143	1191	49	147	1191	5
Ectocarpus_siliculosus	CBJ25567.1	Tudor	1	1	68	68	204	1373	16
Ectocarpus_siliculosus	CBJ25567.1	Tudor	2	69	115	47	141	1373	16
Ectocarpus_siliculosus	CBJ25567.1	Tudor	3	116	160	45	137	1373	16
Ectocarpus_siliculosus	CBJ25567.1	Tudor	4	161	221	61	181	1373	16
Ectocarpus_siliculosus	CBJ25567.1	Tudor	5	222	345	124	372	1373	16
Ectocarpus_siliculosus	CBJ25567.1	Tudor	6	346	387	42	126	1373	16
Ectocarpus_siliculosus	CBJ25567.1	Tudor	7	388	450	63	189	1373	16
Ectocarpus_siliculosus	CBJ25567.1	Tudor	8	451	533	83	249	1373	16
Ectocarpus_siliculosus	CBJ25567.1	Tudor	9	534	602	69	208	1373	16
Ectocarpus_siliculosus	CBJ25567.1	Tudor	10	603	814	212	635	1373	16
Ectocarpus_siliculosus	CBJ25567.1	Tudor	11	815	886	72	216	1373	16
Ectocarpus_siliculosus	CBJ25567.1	Tudor	12	887	949	63	189	1373	16
Ectocarpus_siliculosus	CBJ25567.1	Tudor	13	950	1006	57	171	1373	16
Ectocarpus_siliculosus	CBJ25567.1	Tudor	14	1007	1201	195	585	1373	16
Ectocarpus_siliculosus	CBJ25567.1	Tudor	15	1202	1251	50	150	1373	16
Ectocarpus_siliculosus	CBJ25567.1	Tudor	16	1252	1373	122	366	1373	16
Galdieria_sulphuraria	XP_005706585.1	none	1	1	46	46	140	1034	18
Galdieria_sulphuraria	XP_005706585.1	none	2	47	162	116	347	1034	18
Galdieria_sulphuraria	XP_005706585.1	none	3	163	223	61	182	1034	18
Galdieria_sulphuraria	XP_005706585.1	none	4	224	291	68	204	1034	18
Galdieria_sulphuraria	XP_005706585.1	none	5	292	345	54	164	1034	18
Galdieria_sulphuraria	XP_005706585.1	none	6	346	372	27	81	1034	18
Galdieria_sulphuraria	XP_005706585.1	none	7	373	457	85	255	1034	18
Galdieria_sulphuraria	XP_005706585.1	none	8	458	535	78	234	1034	18
Galdieria_sulphuraria	XP_005706585.1	none	9	536	614	79	236	1034	18
Galdieria_sulphuraria	XP_005706585.1	none	10	615	662	48	143	1034	18
Galdieria_sulphuraria	XP_005706585.1	none	11	663	696	34	102	1034	18
Galdieria_sulphuraria	XP_005706585.1	none	12	697	718	22	66	1034	18
Galdieria_sulphuraria	XP_005706585.1	none	13	719	780	62	187	1034	18
Galdieria_sulphuraria	XP_005706585.1	none	14	781	825	45	134	1034	18
Galdieria_sulphuraria	XP_005706585.1	none	15	826	901	76	228	1034	18
Galdieria_sulphuraria	XP_005706585.1	none	16	902	961	60	180	1034	18
Galdieria_sulphuraria	XP_005706585.1	none	17	962	994	33	101	1034	18
Galdieria_sulphuraria	XP_005706585.1	none	18	995	1034	40	118	1034	18
Gallus_gallus	XP_015133604.2	PWWP	1	1	65	65	197	1342	10
Gallus_gallus	XP_015133604.2	PWWP	2	66	133	68	203	1342	10
Gallus_gallus	XP_015133604.2	PWWP	3	134	192	59	176	1342	10
Gallus_gallus	XP_015133604.2	PWWP	4	193	1038	846	2539	1342	10
Gallus_gallus	XP_015133604.2	PWWP	5	1039	1127	89	266	1342	10
Gallus_gallus	XP_015133604.2	PWWP	6	1128	1166	39	118	1342	10
Gallus_gallus	XP_015133604.2	PWWP	7	1167	1196	30	90	1342	10
Gallus_gallus	XP_015133604.2	PWWP	8	1197	1248	52	155	1342	10
Gallus_gallus	XP_015133604.2	PWWP	9	1249	1314	66	200	1342	10
Gallus_gallus	XP_015133604.2	PWWP	10	1315	1342	28	82	1342	10
Glycine_max	XP_006604739.2	Tudor	1	1	267	267	802	1274	21
Glycine_max	XP_006604739.2	Tudor	2	268	299	32	97	1274	21
Glycine_max	XP_006604739.2	Tudor	3	300	334	35	103	1274	21
Glycine_max	XP_006604739.2	Tudor	4	335	352	18	54	1274	21
Glycine_max	XP_006604739.2	Tudor	5	353	377	25	75	1274	21
Glycine_max	XP_006604739.2	Tudor	6	378	400	23	69	1274	21
Glycine_max	XP_006604739.2	Tudor	7	401	428	28	84	1274	21
Glycine_max	XP_006604739.2	Tudor	8	429	493	65	195	1274	21
Glycine_max	XP_006604739.2	Tudor	9	494	660	167	503	1274	21
Glycine_max	XP_006604739.2	Tudor	10	661	704	44	130	1274	21
Glycine_max	XP_006604739.2	Tudor	11	705	734	30	92	1274	21
Glycine_max	XP_006604739.2	Tudor	12	735	794	60	179	1274	21
Glycine_max	XP_006604739.2	Tudor	13	795	862	68	203	1274	21
Glycine_max	XP_006604739.2	Tudor	14	863	896	34	102	1274	21
Glycine_max	XP_006604739.2	Tudor	15	897	950	54	163	1274	21
Glycine_max	XP_006604739.2	Tudor	16	951	1047	97	290	1274	21
Glycine_max	XP_006604739.2	Tudor	17	1048	1093	46	138	1274	21
Glycine_max	XP_006604739.2	Tudor	18	1094	1119	26	80	1274	21
Glycine_max	XP_006604739.2	Tudor	19	1120	1153	34	100	1274	21
Glycine_max	XP_006604739.2	Tudor	20	1154	1196	43	130	1274	21
Glycine_max	XP_006604739.2	Tudor	21	1197	1274	78	233	1274	21
Helianthus_annuus	KAJ0589820.1	Tudor	1	1	251	251	754	1252	21
Helianthus_annuus	KAJ0589820.1	Tudor	2	252	283	32	97	1252	21
Helianthus_annuus	KAJ0589820.1	Tudor	3	284	318	35	103	1252	21
Helianthus_annuus	KAJ0589820.1	Tudor	4	319	336	18	54	1252	21
Helianthus_annuus	KAJ0589820.1	Tudor	5	337	361	25	75	1252	21
Helianthus_annuus	KAJ0589820.1	Tudor	6	362	384	23	69	1252	21
Helianthus_annuus	KAJ0589820.1	Tudor	7	385	412	28	84	1252	21
Helianthus_annuus	KAJ0589820.1	Tudor	8	413	475	63	189	1252	21
Helianthus_annuus	KAJ0589820.1	Tudor	9	476	641	166	500	1252	21
Helianthus_annuus	KAJ0589820.1	Tudor	10	642	685	44	130	1252	21
Helianthus_annuus	KAJ0589820.1	Tudor	11	686	715	30	92	1252	21
Helianthus_annuus	KAJ0589820.1	Tudor	12	716	775	60	179	1252	21
Helianthus_annuus	KAJ0589820.1	Tudor	13	776	843	68	203	1252	21
Helianthus_annuus	KAJ0589820.1	Tudor	14	844	877	34	102	1252	21
Helianthus_annuus	KAJ0589820.1	Tudor	15	878	931	54	163	1252	21
Helianthus_annuus	KAJ0589820.1	Tudor	16	932	1028	97	290	1252	21
Helianthus_annuus	KAJ0589820.1	Tudor	17	1029	1074	46	138	1252	21
Helianthus_annuus	KAJ0589820.1	Tudor	18	1075	1100	26	80	1252	21
Helianthus_annuus	KAJ0589820.1	Tudor	19	1101	1134	34	100	1252	21
Helianthus_annuus	KAJ0589820.1	Tudor	20	1135	1177	43	130	1252	21
Helianthus_annuus	KAJ0589820.1	Tudor	21	1178	1252	75	224	1252	21
Helobdella_robusta	ESO12543.1	PWWP	1	1	56	56	169	1413	35
Helobdella_robusta	ESO12543.1	PWWP	2	57	86	30	90	1413	35
Helobdella_robusta	ESO12543.1	PWWP	3	87	115	29	88	1413	35
Helobdella_robusta	ESO12543.1	PWWP	4	116	171	56	167	1413	35
Helobdella_robusta	ESO12543.1	PWWP	5	172	183	12	35	1413	35
Helobdella_robusta	ESO12543.1	PWWP	6	184	223	40	121	1413	35
Helobdella_robusta	ESO12543.1	PWWP	7	224	271	48	143	1413	35
Helobdella_robusta	ESO12543.1	PWWP	8	272	337	66	198	1413	35
Helobdella_robusta	ESO12543.1	PWWP	9	338	397	60	180	1413	35
Helobdella_robusta	ESO12543.1	PWWP	10	398	417	20	60	1413	35
Helobdella_robusta	ESO12543.1	PWWP	11	418	442	25	75	1413	35
Helobdella_robusta	ESO12543.1	PWWP	12	443	517	75	226	1413	35
Helobdella_robusta	ESO12543.1	PWWP	13	518	564	47	140	1413	35
Helobdella_robusta	ESO12543.1	PWWP	14	565	585	21	63	1413	35
Helobdella_robusta	ESO12543.1	PWWP	15	586	609	24	72	1413	35
Helobdella_robusta	ESO12543.1	PWWP	16	610	691	82	247	1413	35
Helobdella_robusta	ESO12543.1	PWWP	17	692	786	95	284	1413	35
Helobdella_robusta	ESO12543.1	PWWP	18	787	822	36	109	1413	35
Helobdella_robusta	ESO12543.1	PWWP	19	823	876	54	163	1413	35
Helobdella_robusta	ESO12543.1	PWWP	20	877	903	27	81	1413	35
Helobdella_robusta	ESO12543.1	PWWP	21	904	935	32	96	1413	35
Helobdella_robusta	ESO12543.1	PWWP	22	936	971	36	106	1413	35
Helobdella_robusta	ESO12543.1	PWWP	23	972	989	18	55	1413	35
Helobdella_robusta	ESO12543.1	PWWP	24	990	1023	34	101	1413	35
Helobdella_robusta	ESO12543.1	PWWP	25	1024	1058	35	106	1413	35
Helobdella_robusta	ESO12543.1	PWWP	26	1059	1099	41	124	1413	35
Helobdella_robusta	ESO12543.1	PWWP	27	1100	1142	43	127	1413	35
Helobdella_robusta	ESO12543.1	PWWP	28	1143	1175	33	99	1413	35
Helobdella_robusta	ESO12543.1	PWWP	29	1176	1211	36	108	1413	35
Helobdella_robusta	ESO12543.1	PWWP	30	1212	1240	29	88	1413	35
Helobdella_robusta	ESO12543.1	PWWP	31	1241	1270	30	90	1413	35
Helobdella_robusta	ESO12543.1	PWWP	32	1271	1322	52	155	1413	35
Helobdella_robusta	ESO12543.1	PWWP	33	1323	1367	45	135	1413	35
Helobdella_robusta	ESO12543.1	PWWP	34	1368	1389	22	68	1413	35
Helobdella_robusta	ESO12543.1	PWWP	35	1390	1413	24	70	1413	35
Homo_sapiens	NP_000170.1	PWWP	1	1	86	86	260	1361	10
Homo_sapiens	NP_000170.1	PWWP	2	87	152	66	197	1361	10
Homo_sapiens	NP_000170.1	PWWP	3	153	209	57	170	1361	10
Homo_sapiens	NP_000170.1	PWWP	4	210	1057	848	2545	1361	10
Homo_sapiens	NP_000170.1	PWWP	5	1058	1146	89	266	1361	10
Homo_sapiens	NP_000170.1	PWWP	6	1147	1185	39	118	1361	10
Homo_sapiens	NP_000170.1	PWWP	7	1186	1215	30	90	1361	10
Homo_sapiens	NP_000170.1	PWWP	8	1216	1267	52	155	1361	10
Homo_sapiens	NP_000170.1	PWWP	9	1268	1333	66	200	1361	10
Homo_sapiens	NP_000170.1	PWWP	10	1334	1361	28	82	1361	10
Hydractinia_symbiolongicarpus	XP_057309213.1	PWWP	1	1	89	89	269	1298	42
Hydractinia_symbiolongicarpus	XP_057309213.1	PWWP	2	90	157	68	202	1298	42
Hydractinia_symbiolongicarpus	XP_057309213.1	PWWP	3	158	191	34	103	1298	42
Hydractinia_symbiolongicarpus	XP_057309213.1	PWWP	4	192	229	38	113	1298	42
Hydractinia_symbiolongicarpus	XP_057309213.1	PWWP	5	230	299	70	210	1298	42
Hydractinia_symbiolongicarpus	XP_057309213.1	PWWP	6	300	347	48	144	1298	42
Hydractinia_symbiolongicarpus	XP_057309213.1	PWWP	7	348	360	13	39	1298	42
Hydractinia_symbiolongicarpus	XP_057309213.1	PWWP	8	361	380	20	60	1298	42
Hydractinia_symbiolongicarpus	XP_057309213.1	PWWP	9	381	405	25	75	1298	42
Hydractinia_symbiolongicarpus	XP_057309213.1	PWWP	10	406	430	25	77	1298	42
Hydractinia_symbiolongicarpus	XP_057309213.1	PWWP	11	431	446	16	47	1298	42
Hydractinia_symbiolongicarpus	XP_057309213.1	PWWP	12	447	463	17	51	1298	42
Hydractinia_symbiolongicarpus	XP_057309213.1	PWWP	13	464	489	26	77	1298	42
Hydractinia_symbiolongicarpus	XP_057309213.1	PWWP	14	490	514	25	75	1298	42
Hydractinia_symbiolongicarpus	XP_057309213.1	PWWP	15	515	538	24	72	1298	42
Hydractinia_symbiolongicarpus	XP_057309213.1	PWWP	16	539	568	30	91	1298	42
Hydractinia_symbiolongicarpus	XP_057309213.1	PWWP	17	569	597	29	86	1298	42
Hydractinia_symbiolongicarpus	XP_057309213.1	PWWP	18	598	609	12	37	1298	42
Hydractinia_symbiolongicarpus	XP_057309213.1	PWWP	19	610	632	23	70	1298	42
Hydractinia_symbiolongicarpus	XP_057309213.1	PWWP	20	633	651	19	55	1298	42
Hydractinia_symbiolongicarpus	XP_057309213.1	PWWP	21	652	672	21	63	1298	42
Hydractinia_symbiolongicarpus	XP_057309213.1	PWWP	22	673	707	35	106	1298	42
Hydractinia_symbiolongicarpus	XP_057309213.1	PWWP	23	708	728	21	64	1298	42
Hydractinia_symbiolongicarpus	XP_057309213.1	PWWP	24	729	761	33	99	1298	42
Hydractinia_symbiolongicarpus	XP_057309213.1	PWWP	25	762	788	27	81	1298	42
Hydractinia_symbiolongicarpus	XP_057309213.1	PWWP	26	789	820	32	96	1298	42
Hydractinia_symbiolongicarpus	XP_057309213.1	PWWP	27	821	835	15	44	1298	42
Hydractinia_symbiolongicarpus	XP_057309213.1	PWWP	28	836	851	16	47	1298	42
Hydractinia_symbiolongicarpus	XP_057309213.1	PWWP	29	852	869	18	55	1298	42
Hydractinia_symbiolongicarpus	XP_057309213.1	PWWP	30	870	903	34	101	1298	42
Hydractinia_symbiolongicarpus	XP_057309213.1	PWWP	31	904	910	7	22	1298	42
Hydractinia_symbiolongicarpus	XP_057309213.1	PWWP	32	911	980	70	211	1298	42
Hydractinia_symbiolongicarpus	XP_057309213.1	PWWP	33	981	1004	24	72	1298	42
Hydractinia_symbiolongicarpus	XP_057309213.1	PWWP	34	1005	1029	25	73	1298	42
Hydractinia_symbiolongicarpus	XP_057309213.1	PWWP	35	1030	1062	33	99	1298	42
Hydractinia_symbiolongicarpus	XP_057309213.1	PWWP	36	1063	1099	37	111	1298	42
Hydractinia_symbiolongicarpus	XP_057309213.1	PWWP	37	1100	1128	29	88	1298	42
Hydractinia_symbiolongicarpus	XP_057309213.1	PWWP	38	1129	1158	30	90	1298	42
Hydractinia_symbiolongicarpus	XP_057309213.1	PWWP	39	1159	1210	52	155	1298	42
Hydractinia_symbiolongicarpus	XP_057309213.1	PWWP	40	1211	1256	46	138	1298	42
Hydractinia_symbiolongicarpus	XP_057309213.1	PWWP	41	1257	1278	22	68	1298	42
Hydractinia_symbiolongicarpus	XP_057309213.1	PWWP	42	1279	1298	20	58	1298	42
Hypsibius_exemplaris	OQV25128.1	none	1	1	7	7	23	1212	31
Hypsibius_exemplaris	OQV25128.1	none	2	8	26	19	55	1212	31
Hypsibius_exemplaris	OQV25128.1	none	3	27	71	45	135	1212	31
Hypsibius_exemplaris	OQV25128.1	none	4	72	89	18	56	1212	31
Hypsibius_exemplaris	OQV25128.1	none	5	90	152	63	189	1212	31
Hypsibius_exemplaris	OQV25128.1	none	6	153	182	30	88	1212	31
Hypsibius_exemplaris	OQV25128.1	none	7	183	201	19	57	1212	31
Hypsibius_exemplaris	OQV25128.1	none	8	202	219	18	54	1212	31
Hypsibius_exemplaris	OQV25128.1	none	9	220	295	76	229	1212	31
Hypsibius_exemplaris	OQV25128.1	none	10	296	371	76	227	1212	31
Hypsibius_exemplaris	OQV25128.1	none	11	372	423	52	156	1212	31
Hypsibius_exemplaris	OQV25128.1	none	12	424	449	26	79	1212	31
Hypsibius_exemplaris	OQV25128.1	none	13	450	508	59	177	1212	31
Hypsibius_exemplaris	OQV25128.1	none	14	509	566	58	175	1212	31
Hypsibius_exemplaris	OQV25128.1	none	15	567	602	36	106	1212	31
Hypsibius_exemplaris	OQV25128.1	none	16	603	644	42	127	1212	31
Hypsibius_exemplaris	OQV25128.1	none	17	645	666	22	67	1212	31
Hypsibius_exemplaris	OQV25128.1	none	18	667	735	69	205	1212	31
Hypsibius_exemplaris	OQV25128.1	none	19	736	759	24	72	1212	31
Hypsibius_exemplaris	OQV25128.1	none	20	760	784	25	75	1212	31
Hypsibius_exemplaris	OQV25128.1	none	21	785	816	32	98	1212	31
Hypsibius_exemplaris	OQV25128.1	none	22	817	830	14	42	1212	31
Hypsibius_exemplaris	OQV25128.1	none	23	831	874	44	130	1212	31
Hypsibius_exemplaris	OQV25128.1	none	24	875	899	25	75	1212	31
Hypsibius_exemplaris	OQV25128.1	none	25	900	919	20	60	1212	31
Hypsibius_exemplaris	OQV25128.1	none	26	920	953	34	103	1212	31
Hypsibius_exemplaris	OQV25128.1	none	27	954	984	31	94	1212	31
Hypsibius_exemplaris	OQV25128.1	none	28	985	1036	52	154	1212	31
Hypsibius_exemplaris	OQV25128.1	none	29	1037	1079	43	131	1212	31
Hypsibius_exemplaris	OQV25128.1	none	30	1080	1106	27	81	1212	31
Hypsibius_exemplaris	OQV25128.1	none	31	1107	1212	106	316	1212	31
Klebsormidium_nitens	GAQ83575.1	Tudor	1	1	244	244	732	1408	21
Klebsormidium_nitens	GAQ83575.1	Tudor	2	245	306	62	187	1408	21
Klebsormidium_nitens	GAQ83575.1	Tudor	3	307	378	72	217	1408	21
Klebsormidium_nitens	GAQ83575.1	Tudor	4	379	414	36	106	1408	21
Klebsormidium_nitens	GAQ83575.1	Tudor	5	415	432	18	54	1408	21
Klebsormidium_nitens	GAQ83575.1	Tudor	6	433	457	25	75	1408	21
Klebsormidium_nitens	GAQ83575.1	Tudor	7	458	480	23	69	1408	21
Klebsormidium_nitens	GAQ83575.1	Tudor	8	481	508	28	84	1408	21
Klebsormidium_nitens	GAQ83575.1	Tudor	9	509	577	69	207	1408	21
Klebsormidium_nitens	GAQ83575.1	Tudor	10	578	631	54	162	1408	21
Klebsormidium_nitens	GAQ83575.1	Tudor	11	632	688	57	171	1408	21
Klebsormidium_nitens	GAQ83575.1	Tudor	12	689	737	49	147	1408	21
Klebsormidium_nitens	GAQ83575.1	Tudor	13	738	785	48	144	1408	21
Klebsormidium_nitens	GAQ83575.1	Tudor	14	786	838	53	159	1408	21
Klebsormidium_nitens	GAQ83575.1	Tudor	15	839	928	90	270	1408	21
Klebsormidium_nitens	GAQ83575.1	Tudor	16	929	972	44	132	1408	21
Klebsormidium_nitens	GAQ83575.1	Tudor	17	973	1024	52	158	1408	21
Klebsormidium_nitens	GAQ83575.1	Tudor	18	1025	1143	119	355	1408	21
Klebsormidium_nitens	GAQ83575.1	Tudor	19	1144	1202	59	179	1408	21
Klebsormidium_nitens	GAQ83575.1	Tudor	20	1203	1267	65	193	1408	21
Klebsormidium_nitens	GAQ83575.1	Tudor	21	1268	1408	141	423	1408	21
Latimeria_chalumnae	XP_005999349.2	PWWP	1	1	166	166	500	1449	10
Latimeria_chalumnae	XP_005999349.2	PWWP	2	167	234	68	203	1449	10
Latimeria_chalumnae	XP_005999349.2	PWWP	3	235	292	58	173	1449	10
Latimeria_chalumnae	XP_005999349.2	PWWP	4	293	1139	847	2542	1449	10
Latimeria_chalumnae	XP_005999349.2	PWWP	5	1140	1234	95	284	1449	10
Latimeria_chalumnae	XP_005999349.2	PWWP	6	1235	1273	39	118	1449	10
Latimeria_chalumnae	XP_005999349.2	PWWP	7	1274	1303	30	90	1449	10
Latimeria_chalumnae	XP_005999349.2	PWWP	8	1304	1355	52	155	1449	10
Latimeria_chalumnae	XP_005999349.2	PWWP	9	1356	1421	66	200	1449	10
Latimeria_chalumnae	XP_005999349.2	PWWP	10	1422	1449	28	82	1449	10
Limulus_polyphemus	XP_022255351.1	PWWP	1	1	57	57	172	1296	33
Limulus_polyphemus	XP_022255351.1	PWWP	2	58	115	58	175	1296	33
Limulus_polyphemus	XP_022255351.1	PWWP	3	116	174	59	176	1296	33
Limulus_polyphemus	XP_022255351.1	PWWP	4	175	194	20	59	1296	33
Limulus_polyphemus	XP_022255351.1	PWWP	5	195	257	63	189	1296	33
Limulus_polyphemus	XP_022255351.1	PWWP	6	258	300	43	129	1296	33
Limulus_polyphemus	XP_022255351.1	PWWP	7	301	327	27	83	1296	33
Limulus_polyphemus	XP_022255351.1	PWWP	8	328	357	30	88	1296	33
Limulus_polyphemus	XP_022255351.1	PWWP	9	358	377	20	60	1296	33
Limulus_polyphemus	XP_022255351.1	PWWP	10	378	402	25	75	1296	33
Limulus_polyphemus	XP_022255351.1	PWWP	11	403	447	45	135	1296	33
Limulus_polyphemus	XP_022255351.1	PWWP	12	448	493	46	140	1296	33
Limulus_polyphemus	XP_022255351.1	PWWP	13	494	518	25	75	1296	33
Limulus_polyphemus	XP_022255351.1	PWWP	14	519	542	24	72	1296	33
Limulus_polyphemus	XP_022255351.1	PWWP	15	543	611	69	205	1296	33
Limulus_polyphemus	XP_022255351.1	PWWP	16	612	634	23	70	1296	33
Limulus_polyphemus	XP_022255351.1	PWWP	17	635	674	40	121	1296	33
Limulus_polyphemus	XP_022255351.1	PWWP	18	675	710	36	106	1296	33
Limulus_polyphemus	XP_022255351.1	PWWP	19	711	764	54	163	1296	33
Limulus_polyphemus	XP_022255351.1	PWWP	20	765	823	59	177	1296	33
Limulus_polyphemus	XP_022255351.1	PWWP	21	824	851	28	85	1296	33
Limulus_polyphemus	XP_022255351.1	PWWP	22	852	870	19	55	1296	33
Limulus_polyphemus	XP_022255351.1	PWWP	23	871	903	33	101	1296	33
Limulus_polyphemus	XP_022255351.1	PWWP	24	904	979	76	227	1296	33
Limulus_polyphemus	XP_022255351.1	PWWP	25	980	1023	44	133	1296	33
Limulus_polyphemus	XP_022255351.1	PWWP	26	1024	1056	33	99	1296	33
Limulus_polyphemus	XP_022255351.1	PWWP	27	1057	1097	41	123	1296	33
Limulus_polyphemus	XP_022255351.1	PWWP	28	1098	1127	30	88	1296	33
Limulus_polyphemus	XP_022255351.1	PWWP	29	1128	1157	30	90	1296	33
Limulus_polyphemus	XP_022255351.1	PWWP	30	1158	1208	51	155	1296	33
Limulus_polyphemus	XP_022255351.1	PWWP	31	1209	1253	45	135	1296	33
Limulus_polyphemus	XP_022255351.1	PWWP	32	1254	1276	23	68	1296	33
Limulus_polyphemus	XP_022255351.1	PWWP	33	1277	1296	20	61	1296	33
Micromonas_pusilla_CCMP1545	EEH56631.1	Tudor	1	1	774	774	2323	1435	2
Micromonas_pusilla_CCMP1545	EEH56631.1	Tudor	2	775	1435	661	1982	1435	2
Mizuhopecten_yessoensis	XP_021365349.1	PWWP	1	1	61	61	184	1370	35
Mizuhopecten_yessoensis	XP_021365349.1	PWWP	2	62	117	56	169	1370	35
Mizuhopecten_yessoensis	XP_021365349.1	PWWP	3	118	184	67	200	1370	35
Mizuhopecten_yessoensis	XP_021365349.1	PWWP	4	185	212	28	83	1370	35
Mizuhopecten_yessoensis	XP_021365349.1	PWWP	5	213	252	40	121	1370	35
Mizuhopecten_yessoensis	XP_021365349.1	PWWP	6	253	299	47	140	1370	35
Mizuhopecten_yessoensis	XP_021365349.1	PWWP	7	300	361	62	186	1370	35
Mizuhopecten_yessoensis	XP_021365349.1	PWWP	8	362	390	29	89	1370	35
Mizuhopecten_yessoensis	XP_021365349.1	PWWP	9	391	420	30	88	1370	35
Mizuhopecten_yessoensis	XP_021365349.1	PWWP	10	421	440	20	60	1370	35
Mizuhopecten_yessoensis	XP_021365349.1	PWWP	11	441	465	25	75	1370	35
Mizuhopecten_yessoensis	XP_021365349.1	PWWP	12	466	510	45	136	1370	35
Mizuhopecten_yessoensis	XP_021365349.1	PWWP	13	511	558	48	143	1370	35
Mizuhopecten_yessoensis	XP_021365349.1	PWWP	14	559	581	23	69	1370	35
Mizuhopecten_yessoensis	XP_021365349.1	PWWP	15	582	605	24	72	1370	35
Mizuhopecten_yessoensis	XP_021365349.1	PWWP	16	606	673	68	205	1370	35
Mizuhopecten_yessoensis	XP_021365349.1	PWWP	17	674	696	23	70	1370	35
Mizuhopecten_yessoensis	XP_021365349.1	PWWP	18	697	739	43	127	1370	35
Mizuhopecten_yessoensis	XP_021365349.1	PWWP	19	740	775	36	109	1370	35
Mizuhopecten_yessoensis	XP_021365349.1	PWWP	20	776	829	54	163	1370	35
Mizuhopecten_yessoensis	XP_021365349.1	PWWP	21	830	856	27	81	1370	35
Mizuhopecten_yessoensis	XP_021365349.1	PWWP	22	857	888	32	96	1370	35
Mizuhopecten_yessoensis	XP_021365349.1	PWWP	23	889	920	32	94	1370	35
Mizuhopecten_yessoensis	XP_021365349.1	PWWP	24	921	938	18	55	1370	35
Mizuhopecten_yessoensis	XP_021365349.1	PWWP	25	939	972	34	101	1370	35
Mizuhopecten_yessoensis	XP_021365349.1	PWWP	26	973	1048	76	230	1370	35
Mizuhopecten_yessoensis	XP_021365349.1	PWWP	27	1049	1093	45	133	1370	35
Mizuhopecten_yessoensis	XP_021365349.1	PWWP	28	1094	1126	33	99	1370	35
Mizuhopecten_yessoensis	XP_021365349.1	PWWP	29	1127	1169	43	129	1370	35
Mizuhopecten_yessoensis	XP_021365349.1	PWWP	30	1170	1198	29	88	1370	35
Mizuhopecten_yessoensis	XP_021365349.1	PWWP	31	1199	1228	30	90	1370	35
Mizuhopecten_yessoensis	XP_021365349.1	PWWP	32	1229	1280	52	155	1370	35
Mizuhopecten_yessoensis	XP_021365349.1	PWWP	33	1281	1325	45	135	1370	35
Mizuhopecten_yessoensis	XP_021365349.1	PWWP	34	1326	1347	22	68	1370	35
Mizuhopecten_yessoensis	XP_021365349.1	PWWP	35	1348	1370	23	67	1370	35
Mus_musculus	NP_034960.1	PWWP	1	1	85	85	257	1359	10
Mus_musculus	NP_034960.1	PWWP	2	86	152	67	200	1359	10
Mus_musculus	NP_034960.1	PWWP	3	153	209	57	170	1359	10
Mus_musculus	NP_034960.1	PWWP	4	210	1054	845	2536	1359	10
Mus_musculus	NP_034960.1	PWWP	5	1055	1144	90	269	1359	10
Mus_musculus	NP_034960.1	PWWP	6	1145	1183	39	118	1359	10
Mus_musculus	NP_034960.1	PWWP	7	1184	1213	30	90	1359	10
Mus_musculus	NP_034960.1	PWWP	8	1214	1265	52	155	1359	10
Mus_musculus	NP_034960.1	PWWP	9	1266	1331	66	200	1359	10
Mus_musculus	NP_034960.1	PWWP	10	1332	1359	28	82	1359	10
Neurospora_crassa	KHE79506.1	none	1	1	229	229	687	1247	3
Neurospora_crassa	KHE79506.1	none	2	230	1098	869	2607	1247	3
Neurospora_crassa	KHE79506.1	none	3	1099	1247	149	447	1247	3
Nymphaea_colorata	XP_031485190.1	Tudor	1	1	273	273	820	1299	21
Nymphaea_colorata	XP_031485190.1	Tudor	2	274	305	32	97	1299	21
Nymphaea_colorata	XP_031485190.1	Tudor	3	306	340	35	103	1299	21
Nymphaea_colorata	XP_031485190.1	Tudor	4	341	358	18	54	1299	21
Nymphaea_colorata	XP_031485190.1	Tudor	5	359	383	25	75	1299	21
Nymphaea_colorata	XP_031485190.1	Tudor	6	384	406	23	69	1299	21
Nymphaea_colorata	XP_031485190.1	Tudor	7	407	434	28	84	1299	21
Nymphaea_colorata	XP_031485190.1	Tudor	8	435	501	67	201	1299	21
Nymphaea_colorata	XP_031485190.1	Tudor	9	502	681	180	542	1299	21
Nymphaea_colorata	XP_031485190.1	Tudor	10	682	725	44	130	1299	21
Nymphaea_colorata	XP_031485190.1	Tudor	11	726	755	30	92	1299	21
Nymphaea_colorata	XP_031485190.1	Tudor	12	756	814	59	176	1299	21
Nymphaea_colorata	XP_031485190.1	Tudor	13	815	882	68	203	1299	21
Nymphaea_colorata	XP_031485190.1	Tudor	14	883	916	34	102	1299	21
Nymphaea_colorata	XP_031485190.1	Tudor	15	917	970	54	163	1299	21
Nymphaea_colorata	XP_031485190.1	Tudor	16	971	1067	97	290	1299	21
Nymphaea_colorata	XP_031485190.1	Tudor	17	1068	1113	46	138	1299	21
Nymphaea_colorata	XP_031485190.1	Tudor	18	1114	1139	26	80	1299	21
Nymphaea_colorata	XP_031485190.1	Tudor	19	1140	1173	34	100	1299	21
Nymphaea_colorata	XP_031485190.1	Tudor	20	1174	1216	43	130	1299	21
Nymphaea_colorata	XP_031485190.1	Tudor	21	1217	1299	83	248	1299	21
Paramecium_tetraurelia	XP_001425815.1	none	1	1	276	276	830	1109	3
Paramecium_tetraurelia	XP_001425815.1	none	2	277	526	250	748	1109	3
Paramecium_tetraurelia	XP_001425815.1	none	3	527	1109	583	1749	1109	3
Petromyzon_marinus	XP_032811773.2	PWWP	1	1	76	76	230	1417	21
Petromyzon_marinus	XP_032811773.2	PWWP	2	77	141	65	194	1417	21
Petromyzon_marinus	XP_032811773.2	PWWP	3	142	202	61	182	1417	21
Petromyzon_marinus	XP_032811773.2	PWWP	4	203	279	77	231	1417	21
Petromyzon_marinus	XP_032811773.2	PWWP	5	280	376	97	292	1417	21
Petromyzon_marinus	XP_032811773.2	PWWP	6	377	444	68	203	1417	21
Petromyzon_marinus	XP_032811773.2	PWWP	7	445	524	80	240	1417	21
Petromyzon_marinus	XP_032811773.2	PWWP	8	525	622	98	294	1417	21
Petromyzon_marinus	XP_032811773.2	PWWP	9	623	664	42	126	1417	21
Petromyzon_marinus	XP_032811773.2	PWWP	10	665	758	94	283	1417	21
Petromyzon_marinus	XP_032811773.2	PWWP	11	759	857	99	296	1417	21
Petromyzon_marinus	XP_032811773.2	PWWP	12	858	927	70	210	1417	21
Petromyzon_marinus	XP_032811773.2	PWWP	13	928	1000	73	219	1417	21
Petromyzon_marinus	XP_032811773.2	PWWP	14	1001	1045	45	135	1417	21
Petromyzon_marinus	XP_032811773.2	PWWP	15	1046	1105	60	181	1417	21
Petromyzon_marinus	XP_032811773.2	PWWP	16	1106	1202	97	290	1417	21
Petromyzon_marinus	XP_032811773.2	PWWP	17	1203	1241	39	118	1417	21
Petromyzon_marinus	XP_032811773.2	PWWP	18	1242	1271	30	90	1417	21
Petromyzon_marinus	XP_032811773.2	PWWP	19	1272	1323	52	155	1417	21
Petromyzon_marinus	XP_032811773.2	PWWP	20	1324	1390	67	203	1417	21
Petromyzon_marinus	XP_032811773.2	PWWP	21	1391	1417	27	79	1417	21
Physcomitrium_patens	PNR32598.1	Tudor	1	1	121	121	363	1415	20
Physcomitrium_patens	PNR32598.1	Tudor	2	122	154	33	100	1415	20
Physcomitrium_patens	PNR32598.1	Tudor	3	155	181	27	80	1415	20
Physcomitrium_patens	PNR32598.1	Tudor	4	182	227	46	138	1415	20
Physcomitrium_patens	PNR32598.1	Tudor	5	228	317	90	272	1415	20
Physcomitrium_patens	PNR32598.1	Tudor	6	318	372	55	163	1415	20
Physcomitrium_patens	PNR32598.1	Tudor	7	373	406	34	102	1415	20
Physcomitrium_patens	PNR32598.1	Tudor	8	407	474	68	206	1415	20
Physcomitrium_patens	PNR32598.1	Tudor	9	475	534	60	179	1415	20
Physcomitrium_patens	PNR32598.1	Tudor	10	535	565	31	92	1415	20
Physcomitrium_patens	PNR32598.1	Tudor	11	566	612	47	142	1415	20
Physcomitrium_patens	PNR32598.1	Tudor	12	613	803	191	572	1415	20
Physcomitrium_patens	PNR32598.1	Tudor	13	804	864	61	183	1415	20
Physcomitrium_patens	PNR32598.1	Tudor	14	865	892	28	84	1415	20
Physcomitrium_patens	PNR32598.1	Tudor	15	893	915	23	69	1415	20
Physcomitrium_patens	PNR32598.1	Tudor	16	916	940	25	75	1415	20
Physcomitrium_patens	PNR32598.1	Tudor	17	941	958	18	54	1415	20
Physcomitrium_patens	PNR32598.1	Tudor	18	959	992	34	103	1415	20
Physcomitrium_patens	PNR32598.1	Tudor	19	993	1018	26	79	1415	20
Physcomitrium_patens	PNR32598.1	Tudor	20	1019	1415	397	1189	1415	20
Phytophthora_infestans	KAF4047292.1	none	1	1	1263	1263	3789	1263	1
Plasmodium_falciparum_3D7	XP_001351613.1	none	1	1	1079	1079	3237	1351	2
Plasmodium_falciparum_3D7	XP_001351613.1	none	2	1080	1351	272	816	1351	2
Populus_trichocarpa	KAI5565098.1	Tudor	1	1	280	280	841	1303	21
Populus_trichocarpa	KAI5565098.1	Tudor	2	281	311	31	94	1303	21
Populus_trichocarpa	KAI5565098.1	Tudor	3	312	346	35	103	1303	21
Populus_trichocarpa	KAI5565098.1	Tudor	4	347	364	18	54	1303	21
Populus_trichocarpa	KAI5565098.1	Tudor	5	365	389	25	75	1303	21
Populus_trichocarpa	KAI5565098.1	Tudor	6	390	412	23	69	1303	21
Populus_trichocarpa	KAI5565098.1	Tudor	7	413	440	28	84	1303	21
Populus_trichocarpa	KAI5565098.1	Tudor	8	441	505	65	195	1303	21
Populus_trichocarpa	KAI5565098.1	Tudor	9	506	688	183	551	1303	21
Populus_trichocarpa	KAI5565098.1	Tudor	10	689	732	44	130	1303	21
Populus_trichocarpa	KAI5565098.1	Tudor	11	733	762	30	92	1303	21
Populus_trichocarpa	KAI5565098.1	Tudor	12	763	822	60	179	1303	21
Populus_trichocarpa	KAI5565098.1	Tudor	13	823	890	68	203	1303	21
Populus_trichocarpa	KAI5565098.1	Tudor	14	891	924	34	102	1303	21
Populus_trichocarpa	KAI5565098.1	Tudor	15	925	978	54	163	1303	21
Populus_trichocarpa	KAI5565098.1	Tudor	16	979	1075	97	290	1303	21
Populus_trichocarpa	KAI5565098.1	Tudor	17	1076	1121	46	138	1303	21
Populus_trichocarpa	KAI5565098.1	Tudor	18	1122	1147	26	80	1303	21
Populus_trichocarpa	KAI5565098.1	Tudor	19	1148	1181	34	100	1303	21
Populus_trichocarpa	KAI5565098.1	Tudor	20	1182	1223	42	127	1303	21
Populus_trichocarpa	KAI5565098.1	Tudor	21	1224	1303	80	239	1303	21
Porphyra_umbilicalis	OSX69653.1	none	1	1	1154	1154	3462	1154	1
Saccharomyces_cerevisiae	NP_010382.3	none	1	1	1243	1243	3729	1243	1
Schizosaccharomyces_pombe	NP_588344.1	none	1	1	198	198	594	1255	2
Schizosaccharomyces_pombe	NP_588344.1	none	2	199	1255	1057	3171	1255	2
Selaginella_moellendorffii	XP_024542030.1	none	1	1	55	55	166	1211	25
Selaginella_moellendorffii	XP_024542030.1	none	2	56	75	20	60	1211	25
Selaginella_moellendorffii	XP_024542030.1	none	3	76	118	43	128	1211	25
Selaginella_moellendorffii	XP_024542030.1	none	4	119	213	95	287	1211	25
Selaginella_moellendorffii	XP_024542030.1	none	5	214	245	32	95	1211	25
Selaginella_moellendorffii	XP_024542030.1	none	6	246	273	28	85	1211	25
Selaginella_moellendorffii	XP_024542030.1	none	7	274	308	35	103	1211	25
Selaginella_moellendorffii	XP_024542030.1	none	8	309	326	18	54	1211	25
Selaginella_moellendorffii	XP_024542030.1	none	9	327	351	25	75	1211	25
Selaginella_moellendorffii	XP_024542030.1	none	10	352	374	23	69	1211	25
Selaginella_moellendorffii	XP_024542030.1	none	11	375	402	28	84	1211	25
Selaginella_moellendorffii	XP_024542030.1	none	12	403	463	61	183	1211	25
Selaginella_moellendorffii	XP_024542030.1	none	13	464	627	164	494	1211	25
Selaginella_moellendorffii	XP_024542030.1	none	14	628	671	44	130	1211	25
Selaginella_moellendorffii	XP_024542030.1	none	15	672	701	30	92	1211	25
Selaginella_moellendorffii	XP_024542030.1	none	16	702	761	60	179	1211	25
Selaginella_moellendorffii	XP_024542030.1	none	17	762	822	61	182	1211	25
Selaginella_moellendorffii	XP_024542030.1	none	18	823	856	34	102	1211	25
Selaginella_moellendorffii	XP_024542030.1	none	19	857	910	54	163	1211	25
Selaginella_moellendorffii	XP_024542030.1	none	20	911	1006	96	287	1211	25
Selaginella_moellendorffii	XP_024542030.1	none	21	1007	1052	46	138	1211	25
Selaginella_moellendorffii	XP_024542030.1	none	22	1053	1078	26	80	1211	25
Selaginella_moellendorffii	XP_024542030.1	none	23	1079	1112	34	100	1211	25
Selaginella_moellendorffii	XP_024542030.1	none	24	1113	1155	43	130	1211	25
Selaginella_moellendorffii	XP_024542030.1	none	25	1156	1211	56	167	1211	25
Solanum_lycopersicum	XP_025886670.1	Tudor	1	1	288	288	865	1313	21
Solanum_lycopersicum	XP_025886670.1	Tudor	2	289	319	31	94	1313	21
Solanum_lycopersicum	XP_025886670.1	Tudor	3	320	354	35	103	1313	21
Solanum_lycopersicum	XP_025886670.1	Tudor	4	355	372	18	54	1313	21
Solanum_lycopersicum	XP_025886670.1	Tudor	5	373	397	25	75	1313	21
Solanum_lycopersicum	XP_025886670.1	Tudor	6	398	420	23	69	1313	21
Solanum_lycopersicum	XP_025886670.1	Tudor	7	421	448	28	84	1313	21
Solanum_lycopersicum	XP_025886670.1	Tudor	8	449	513	65	195	1313	21
Solanum_lycopersicum	XP_025886670.1	Tudor	9	514	696	183	551	1313	21
Solanum_lycopersicum	XP_025886670.1	Tudor	10	697	740	44	130	1313	21
Solanum_lycopersicum	XP_025886670.1	Tudor	11	741	770	30	92	1313	21
Solanum_lycopersicum	XP_025886670.1	Tudor	12	771	830	60	179	1313	21
Solanum_lycopersicum	XP_025886670.1	Tudor	13	831	898	68	203	1313	21
Solanum_lycopersicum	XP_025886670.1	Tudor	14	899	932	34	102	1313	21
Solanum_lycopersicum	XP_025886670.1	Tudor	15	933	986	54	163	1313	21
Solanum_lycopersicum	XP_025886670.1	Tudor	16	987	1083	97	290	1313	21
Solanum_lycopersicum	XP_025886670.1	Tudor	17	1084	1129	46	138	1313	21
Solanum_lycopersicum	XP_025886670.1	Tudor	18	1130	1155	26	80	1313	21
Solanum_lycopersicum	XP_025886670.1	Tudor	19	1156	1189	34	100	1313	21
Solanum_lycopersicum	XP_025886670.1	Tudor	20	1190	1232	43	130	1313	21
Solanum_lycopersicum	XP_025886670.1	Tudor	21	1233	1313	81	242	1313	21
Sorghum_bicolor	KXG35601.1	Tudor	1	1	294	294	883	1305	21
Sorghum_bicolor	KXG35601.1	Tudor	2	295	326	32	97	1305	21
Sorghum_bicolor	KXG35601.1	Tudor	3	327	361	35	103	1305	21
Sorghum_bicolor	KXG35601.1	Tudor	4	362	379	18	54	1305	21
Sorghum_bicolor	KXG35601.1	Tudor	5	380	404	25	75	1305	21
Sorghum_bicolor	KXG35601.1	Tudor	6	405	427	23	69	1305	21
Sorghum_bicolor	KXG35601.1	Tudor	7	428	455	28	84	1305	21
Sorghum_bicolor	KXG35601.1	Tudor	8	456	521	66	198	1305	21
Sorghum_bicolor	KXG35601.1	Tudor	9	522	689	168	506	1305	21
Sorghum_bicolor	KXG35601.1	Tudor	10	690	733	44	130	1305	21
Sorghum_bicolor	KXG35601.1	Tudor	11	734	763	30	92	1305	21
Sorghum_bicolor	KXG35601.1	Tudor	12	764	821	58	173	1305	21
Sorghum_bicolor	KXG35601.1	Tudor	13	822	889	68	203	1305	21
Sorghum_bicolor	KXG35601.1	Tudor	14	890	923	34	102	1305	21
Sorghum_bicolor	KXG35601.1	Tudor	15	924	977	54	163	1305	21
Sorghum_bicolor	KXG35601.1	Tudor	16	978	1074	97	290	1305	21
Sorghum_bicolor	KXG35601.1	Tudor	17	1075	1120	46	138	1305	21
Sorghum_bicolor	KXG35601.1	Tudor	18	1121	1146	26	80	1305	21
Sorghum_bicolor	KXG35601.1	Tudor	19	1147	1179	33	97	1305	21
Sorghum_bicolor	KXG35601.1	Tudor	20	1180	1222	43	130	1305	21
Sorghum_bicolor	KXG35601.1	Tudor	21	1223	1305	83	248	1305	21
Sphagnum_fallax	KAH8952520.1	Tudor	1	1	335	335	1006	1392	20
Sphagnum_fallax	KAH8952520.1	Tudor	2	336	368	33	100	1392	20
Sphagnum_fallax	KAH8952520.1	Tudor	3	369	403	35	103	1392	20
Sphagnum_fallax	KAH8952520.1	Tudor	4	404	421	18	54	1392	20
Sphagnum_fallax	KAH8952520.1	Tudor	5	422	446	25	75	1392	20
Sphagnum_fallax	KAH8952520.1	Tudor	6	447	469	23	69	1392	20
Sphagnum_fallax	KAH8952520.1	Tudor	7	470	497	28	84	1392	20
Sphagnum_fallax	KAH8952520.1	Tudor	8	498	558	61	183	1392	20
Sphagnum_fallax	KAH8952520.1	Tudor	9	559	745	187	563	1392	20
Sphagnum_fallax	KAH8952520.1	Tudor	10	746	789	44	130	1392	20
Sphagnum_fallax	KAH8952520.1	Tudor	11	790	819	30	92	1392	20
Sphagnum_fallax	KAH8952520.1	Tudor	12	820	879	60	179	1392	20
Sphagnum_fallax	KAH8952520.1	Tudor	13	880	948	69	206	1392	20
Sphagnum_fallax	KAH8952520.1	Tudor	14	949	982	34	102	1392	20
Sphagnum_fallax	KAH8952520.1	Tudor	15	983	1036	54	163	1392	20
Sphagnum_fallax	KAH8952520.1	Tudor	16	1037	1131	95	284	1392	20
Sphagnum_fallax	KAH8952520.1	Tudor	17	1132	1177	46	138	1392	20
Sphagnum_fallax	KAH8952520.1	Tudor	18	1178	1203	26	80	1392	20
Sphagnum_fallax	KAH8952520.1	Tudor	19	1204	1237	34	100	1392	20
Sphagnum_fallax	KAH8952520.1	Tudor	20	1238	1392	155	465	1392	20
Strongylocentrotus_purpuratus	XP_030829946.1	PWWP	1	1	56	56	169	1415	30
Strongylocentrotus_purpuratus	XP_030829946.1	PWWP	2	57	117	61	184	1415	30
Strongylocentrotus_purpuratus	XP_030829946.1	PWWP	3	118	188	71	212	1415	30
Strongylocentrotus_purpuratus	XP_030829946.1	PWWP	4	189	235	47	141	1415	30
Strongylocentrotus_purpuratus	XP_030829946.1	PWWP	5	236	273	38	113	1415	30
Strongylocentrotus_purpuratus	XP_030829946.1	PWWP	6	274	386	113	339	1415	30
Strongylocentrotus_purpuratus	XP_030829946.1	PWWP	7	387	416	30	92	1415	30
Strongylocentrotus_purpuratus	XP_030829946.1	PWWP	8	417	446	30	88	1415	30
Strongylocentrotus_purpuratus	XP_030829946.1	PWWP	9	447	466	20	60	1415	30
Strongylocentrotus_purpuratus	XP_030829946.1	PWWP	10	467	491	25	75	1415	30
Strongylocentrotus_purpuratus	XP_030829946.1	PWWP	11	492	536	45	136	1415	30
Strongylocentrotus_purpuratus	XP_030829946.1	PWWP	12	537	558	22	66	1415	30
Strongylocentrotus_purpuratus	XP_030829946.1	PWWP	13	559	609	51	152	1415	30
Strongylocentrotus_purpuratus	XP_030829946.1	PWWP	14	610	633	24	72	1415	30
Strongylocentrotus_purpuratus	XP_030829946.1	PWWP	15	634	714	81	244	1415	30
Strongylocentrotus_purpuratus	XP_030829946.1	PWWP	16	715	737	23	70	1415	30
Strongylocentrotus_purpuratus	XP_030829946.1	PWWP	17	738	781	44	130	1415	30
Strongylocentrotus_purpuratus	XP_030829946.1	PWWP	18	782	838	57	173	1415	30
Strongylocentrotus_purpuratus	XP_030829946.1	PWWP	19	839	871	33	99	1415	30
Strongylocentrotus_purpuratus	XP_030829946.1	PWWP	20	872	898	27	81	1415	30
Strongylocentrotus_purpuratus	XP_030829946.1	PWWP	21	899	930	32	96	1415	30
Strongylocentrotus_purpuratus	XP_030829946.1	PWWP	22	931	961	31	91	1415	30
Strongylocentrotus_purpuratus	XP_030829946.1	PWWP	23	962	1013	52	156	1415	30
Strongylocentrotus_purpuratus	XP_030829946.1	PWWP	24	1014	1090	77	233	1415	30
Strongylocentrotus_purpuratus	XP_030829946.1	PWWP	25	1091	1135	45	133	1415	30
Strongylocentrotus_purpuratus	XP_030829946.1	PWWP	26	1136	1168	33	99	1415	30
Strongylocentrotus_purpuratus	XP_030829946.1	PWWP	27	1169	1240	72	217	1415	30
Strongylocentrotus_purpuratus	XP_030829946.1	PWWP	28	1241	1322	82	245	1415	30
Strongylocentrotus_purpuratus	XP_030829946.1	PWWP	29	1323	1367	45	135	1415	30
Strongylocentrotus_purpuratus	XP_030829946.1	PWWP	30	1368	1415	48	144	1415	30
Tetrahymena_thermophila_SB210	XP_001017234.1	none	1	1	175	175	526	1233	6
Tetrahymena_thermophila_SB210	XP_001017234.1	none	2	176	288	113	339	1233	6
Tetrahymena_thermophila_SB210	XP_001017234.1	none	3	289	492	204	611	1233	6
Tetrahymena_thermophila_SB210	XP_001017234.1	none	4	493	883	391	1174	1233	6
Tetrahymena_thermophila_SB210	XP_001017234.1	none	5	884	1168	285	854	1233	6
Tetrahymena_thermophila_SB210	XP_001017234.1	none	6	1169	1233	65	195	1233	6
Thalassiosira_pseudonana	XP_002288822.1	none	1	1	56	56	168	1099	7
Thalassiosira_pseudonana	XP_002288822.1	none	2	57	305	249	747	1099	7
Thalassiosira_pseudonana	XP_002288822.1	none	3	306	364	59	178	1099	7
Thalassiosira_pseudonana	XP_002288822.1	none	4	365	458	94	282	1099	7
Thalassiosira_pseudonana	XP_002288822.1	none	5	459	482	24	72	1099	7
Thalassiosira_pseudonana	XP_002288822.1	none	6	483	915	433	1299	1099	7
Thalassiosira_pseudonana	XP_002288822.1	none	7	916	1099	184	551	1099	7
Theobroma_cacao	XP_017983072.1	Tudor	1	1	288	288	865	1317	21
Theobroma_cacao	XP_017983072.1	Tudor	2	289	320	32	97	1317	21
Theobroma_cacao	XP_017983072.1	Tudor	3	321	356	36	106	1317	21
Theobroma_cacao	XP_017983072.1	Tudor	4	357	374	18	54	1317	21
Theobroma_cacao	XP_017983072.1	Tudor	5	375	399	25	75	1317	21
Theobroma_cacao	XP_017983072.1	Tudor	6	400	422	23	69	1317	21
Theobroma_cacao	XP_017983072.1	Tudor	7	423	450	28	84	1317	21
Theobroma_cacao	XP_017983072.1	Tudor	8	451	515	65	195	1317	21
Theobroma_cacao	XP_017983072.1	Tudor	9	516	697	182	548	1317	21
Theobroma_cacao	XP_017983072.1	Tudor	10	698	741	44	130	1317	21
Theobroma_cacao	XP_017983072.1	Tudor	11	742	771	30	92	1317	21
Theobroma_cacao	XP_017983072.1	Tudor	12	772	831	60	179	1317	21
Theobroma_cacao	XP_017983072.1	Tudor	13	832	899	68	203	1317	21
Theobroma_cacao	XP_017983072.1	Tudor	14	900	933	34	102	1317	21
Theobroma_cacao	XP_017983072.1	Tudor	15	934	987	54	163	1317	21
Theobroma_cacao	XP_017983072.1	Tudor	16	988	1084	97	290	1317	21
Theobroma_cacao	XP_017983072.1	Tudor	17	1085	1130	46	138	1317	21
Theobroma_cacao	XP_017983072.1	Tudor	18	1131	1156	26	80	1317	21
Theobroma_cacao	XP_017983072.1	Tudor	19	1157	1190	34	100	1317	21
Theobroma_cacao	XP_017983072.1	Tudor	20	1191	1233	43	130	1317	21
Theobroma_cacao	XP_017983072.1	Tudor	21	1234	1317	84	251	1317	21
Trichoplax_adhaerens	RDD38147.1	PWWP	1	1	126	126	380	1314	39
Trichoplax_adhaerens	RDD38147.1	PWWP	2	127	163	37	109	1314	39
Trichoplax_adhaerens	RDD38147.1	PWWP	3	164	191	28	85	1314	39
Trichoplax_adhaerens	RDD38147.1	PWWP	4	192	222	31	92	1314	39
Trichoplax_adhaerens	RDD38147.1	PWWP	5	223	299	77	231	1314	39
Trichoplax_adhaerens	RDD38147.1	PWWP	6	300	320	21	65	1314	39
Trichoplax_adhaerens	RDD38147.1	PWWP	7	321	339	19	55	1314	39
Trichoplax_adhaerens	RDD38147.1	PWWP	8	340	350	11	33	1314	39
Trichoplax_adhaerens	RDD38147.1	PWWP	9	351	370	20	60	1314	39
Trichoplax_adhaerens	RDD38147.1	PWWP	10	371	395	25	75	1314	39
Trichoplax_adhaerens	RDD38147.1	PWWP	11	396	426	31	95	1314	39
Trichoplax_adhaerens	RDD38147.1	PWWP	12	427	446	20	59	1314	39
Trichoplax_adhaerens	RDD38147.1	PWWP	13	447	468	22	66	1314	39
Trichoplax_adhaerens	RDD38147.1	PWWP	14	469	494	26	77	1314	39
Trichoplax_adhaerens	RDD38147.1	PWWP	15	495	519	25	75	1314	39
Trichoplax_adhaerens	RDD38147.1	PWWP	16	520	543	24	72	1314	39
Trichoplax_adhaerens	RDD38147.1	PWWP	17	544	573	30	91	1314	39
Trichoplax_adhaerens	RDD38147.1	PWWP	18	574	617	44	132	1314	39
Trichoplax_adhaerens	RDD38147.1	PWWP	19	618	640	23	70	1314	39
Trichoplax_adhaerens	RDD38147.1	PWWP	20	641	659	19	55	1314	39
Trichoplax_adhaerens	RDD38147.1	PWWP	21	660	683	24	72	1314	39
Trichoplax_adhaerens	RDD38147.1	PWWP	22	684	719	36	109	1314	39
Trichoplax_adhaerens	RDD38147.1	PWWP	23	720	740	21	64	1314	39
Trichoplax_adhaerens	RDD38147.1	PWWP	24	741	773	33	99	1314	39
Trichoplax_adhaerens	RDD38147.1	PWWP	25	774	799	26	78	1314	39
Trichoplax_adhaerens	RDD38147.1	PWWP	26	800	831	32	96	1314	39
Trichoplax_adhaerens	RDD38147.1	PWWP	27	832	865	34	100	1314	39
Trichoplax_adhaerens	RDD38147.1	PWWP	28	866	883	18	55	1314	39
Trichoplax_adhaerens	RDD38147.1	PWWP	29	884	917	34	101	1314	39
Trichoplax_adhaerens	RDD38147.1	PWWP	30	918	994	77	233	1314	39
Trichoplax_adhaerens	RDD38147.1	PWWP	31	995	1018	24	72	1314	39
Trichoplax_adhaerens	RDD38147.1	PWWP	32	1019	1039	21	61	1314	39
Trichoplax_adhaerens	RDD38147.1	PWWP	33	1040	1072	33	99	1314	39
Trichoplax_adhaerens	RDD38147.1	PWWP	34	1073	1109	37	111	1314	39
Trichoplax_adhaerens	RDD38147.1	PWWP	35	1110	1168	59	178	1314	39
Trichoplax_adhaerens	RDD38147.1	PWWP	36	1169	1220	52	155	1314	39
Trichoplax_adhaerens	RDD38147.1	PWWP	37	1221	1265	45	135	1314	39
Trichoplax_adhaerens	RDD38147.1	PWWP	38	1266	1287	22	68	1314	39
Trichoplax_adhaerens	RDD38147.1	PWWP	39	1288	1314	27	79	1314	39
Vitis_vinifera	XP_002275930.1	Tudor	1	1	271	271	814	1298	21
Vitis_vinifera	XP_002275930.1	Tudor	2	272	303	32	97	1298	21
Vitis_vinifera	XP_002275930.1	Tudor	3	304	338	35	103	1298	21
Vitis_vinifera	XP_002275930.1	Tudor	4	339	356	18	54	1298	21
Vitis_vinifera	XP_002275930.1	Tudor	5	357	381	25	75	1298	21
Vitis_vinifera	XP_002275930.1	Tudor	6	382	404	23	69	1298	21
Vitis_vinifera	XP_002275930.1	Tudor	7	405	432	28	84	1298	21
Vitis_vinifera	XP_002275930.1	Tudor	8	433	492	60	180	1298	21
Vitis_vinifera	XP_002275930.1	Tudor	9	493	674	182	548	1298	21
Vitis_vinifera	XP_002275930.1	Tudor	10	675	718	44	130	1298	21
Vitis_vinifera	XP_002275930.1	Tudor	11	719	748	30	92	1298	21
Vitis_vinifera	XP_002275930.1	Tudor	12	749	808	60	179	1298	21
Vitis_vinifera	XP_002275930.1	Tudor	13	809	876	68	203	1298	21
Vitis_vinifera	XP_002275930.1	Tudor	14	877	910	34	102	1298	21
Vitis_vinifera	XP_002275930.1	Tudor	15	911	964	54	163	1298	21
Vitis_vinifera	XP_002275930.1	Tudor	16	965	1061	97	290	1298	21
Vitis_vinifera	XP_002275930.1	Tudor	17	1062	1107	46	138	1298	21
Vitis_vinifera	XP_002275930.1	Tudor	18	1108	1133	26	80	1298	21
Vitis_vinifera	XP_002275930.1	Tudor	19	1134	1167	34	100	1298	21
Vitis_vinifera	XP_002275930.1	Tudor	20	1168	1210	43	130	1298	21
Vitis_vinifera	XP_002275930.1	Tudor	21	1211	1298	88	263	1298	21
Xenopus_tropicalis	KAE8600724.1	PWWP	1	1	70	70	212	1339	10
Xenopus_tropicalis	KAE8600724.1	PWWP	2	71	138	68	203	1339	10
Xenopus_tropicalis	KAE8600724.1	PWWP	3	139	193	55	164	1339	10
Xenopus_tropicalis	KAE8600724.1	PWWP	4	194	1035	842	2527	1339	10
Xenopus_tropicalis	KAE8600724.1	PWWP	5	1036	1126	91	272	1339	10
Xenopus_tropicalis	KAE8600724.1	PWWP	6	1127	1165	39	118	1339	10
Xenopus_tropicalis	KAE8600724.1	PWWP	7	1166	1195	30	90	1339	10
Xenopus_tropicalis	KAE8600724.1	PWWP	8	1196	1247	52	155	1339	10
Xenopus_tropicalis	KAE8600724.1	PWWP	9	1248	1313	66	200	1339	10
Xenopus_tropicalis	KAE8600724.1	PWWP	10	1314	1339	26	76	1339	10
Zea_mays	XP_020396805.1	Tudor	1	1	292	292	877	1297	21
Zea_mays	XP_020396805.1	Tudor	2	293	324	32	97	1297	21
Zea_mays	XP_020396805.1	Tudor	3	325	359	35	103	1297	21
Zea_mays	XP_020396805.1	Tudor	4	360	377	18	54	1297	21
Zea_mays	XP_020396805.1	Tudor	5	378	402	25	75	1297	21
Zea_mays	XP_020396805.1	Tudor	6	403	425	23	69	1297	21
Zea_mays	XP_020396805.1	Tudor	7	426	453	28	84	1297	21
Zea_mays	XP_020396805.1	Tudor	8	454	519	66	198	1297	21
Zea_mays	XP_020396805.1	Tudor	9	520	687	168	506	1297	21
Zea_mays	XP_020396805.1	Tudor	10	688	731	44	130	1297	21
Zea_mays	XP_020396805.1	Tudor	11	732	761	30	92	1297	21
Zea_mays	XP_020396805.1	Tudor	12	762	819	58	173	1297	21
Zea_mays	XP_020396805.1	Tudor	13	820	887	68	203	1297	21
Zea_mays	XP_020396805.1	Tudor	14	888	921	34	102	1297	21
Zea_mays	XP_020396805.1	Tudor	15	922	975	54	163	1297	21
Zea_mays	XP_020396805.1	Tudor	16	976	1072	97	290	1297	21
Zea_mays	XP_020396805.1	Tudor	17	1073	1118	46	138	1297	21
Zea_mays	XP_020396805.1	Tudor	18	1119	1144	26	80	1297	21
Zea_mays	XP_020396805.1	Tudor	19	1145	1177	33	97	1297	21
Zea_mays	XP_020396805.1	Tudor	20	1178	1220	43	130	1297	21
Zea_mays	XP_020396805.1	Tudor	21	1221	1297	77	230	1297	21
Zostera_marina	KMZ67126.1	Tudor	1	1	341	341	1024	1339	21
Zostera_marina	KMZ67126.1	Tudor	2	342	366	25	76	1339	21
Zostera_marina	KMZ67126.1	Tudor	3	367	401	35	103	1339	21
Zostera_marina	KMZ67126.1	Tudor	4	402	419	18	54	1339	21
Zostera_marina	KMZ67126.1	Tudor	5	420	444	25	75	1339	21
Zostera_marina	KMZ67126.1	Tudor	6	445	467	23	69	1339	21
Zostera_marina	KMZ67126.1	Tudor	7	468	495	28	84	1339	21
Zostera_marina	KMZ67126.1	Tudor	8	496	558	63	189	1339	21
Zostera_marina	KMZ67126.1	Tudor	9	559	719	161	485	1339	21
Zostera_marina	KMZ67126.1	Tudor	10	720	763	44	130	1339	21
Zostera_marina	KMZ67126.1	Tudor	11	764	793	30	92	1339	21
Zostera_marina	KMZ67126.1	Tudor	12	794	853	60	179	1339	21
Zostera_marina	KMZ67126.1	Tudor	13	854	921	68	203	1339	21
Zostera_marina	KMZ67126.1	Tudor	14	922	955	34	102	1339	21
Zostera_marina	KMZ67126.1	Tudor	15	956	1009	54	163	1339	21
Zostera_marina	KMZ67126.1	Tudor	16	1010	1106	97	290	1339	21
Zostera_marina	KMZ67126.1	Tudor	17	1107	1152	46	138	1339	21
Zostera_marina	KMZ67126.1	Tudor	18	1153	1178	26	80	1339	21
Zostera_marina	KMZ67126.1	Tudor	19	1179	1212	34	100	1339	21
Zostera_marina	KMZ67126.1	Tudor	20	1213	1255	43	130	1339	21
Zostera_marina	KMZ67126.1	Tudor	21	1256	1339	84	251	1339	21
