NP_001394291.1	100.000	104	3.14e-70	224	NP_001394291.1 DNA mismatch repair protein Msh6 isoform 17 [Homo sapiens]
NP_001393746.1	100.000	104	1.25e-69	226	NP_001393746.1 DNA mismatch repair protein Msh6 isoform 19 [Homo sapiens]
NP_001393732.1	100.000	104	4.28e-69	226	NP_001393732.1 DNA mismatch repair protein Msh6 isoform 15 [Homo sapiens]
NP_001393727.1	100.000	104	7.07e-69	226	NP_001393727.1 DNA mismatch repair protein Msh6 isoform 10 [Homo sapiens]
NP_001393729.1	100.000	104	9.40e-69	226	NP_001393729.1 DNA mismatch repair protein Msh6 isoform 8 [Homo sapiens]
NP_001393738.1	100.000	104	9.66e-69	226	NP_001393738.1 DNA mismatch repair protein Msh6 isoform 1 [Homo sapiens]
NP_001393725.1	100.000	104	9.66e-69	226	NP_001393725.1 DNA mismatch repair protein Msh6 isoform 1 [Homo sapiens]
NP_000170.1	100.000	104	9.66e-69	226	NP_000170.1 DNA mismatch repair protein Msh6 isoform 1 [Homo sapiens]
NP_001393755.1	100.000	104	1.03e-68	226	NP_001393755.1 DNA mismatch repair protein Msh6 isoform 18 [Homo sapiens]
NP_001393724.1	100.000	104	1.13e-68	226	NP_001393724.1 DNA mismatch repair protein Msh6 isoform 4 [Homo sapiens]
NP_001393737.1	100.000	104	1.36e-68	226	NP_001393737.1 DNA mismatch repair protein Msh6 isoform 6 [Homo sapiens]
NP_001393731.1	100.000	104	1.70e-68	225	NP_001393731.1 DNA mismatch repair protein Msh6 isoform 9 [Homo sapiens]
NP_001393733.1	100.000	104	1.83e-68	225	NP_001393733.1 DNA mismatch repair protein Msh6 isoform 7 [Homo sapiens]
NP_001393742.1	98.113	106	5.99e-67	221	NP_001393742.1 DNA mismatch repair protein Msh6 isoform 5 [Homo sapiens]
NP_001393759.1	100.000	94	3.11e-61	204	NP_001393759.1 DNA mismatch repair protein Msh6 isoform 12 [Homo sapiens]
NP_001393757.1	100.000	94	3.11e-61	204	NP_001393757.1 DNA mismatch repair protein Msh6 isoform 12 [Homo sapiens]
NP_001393756.1	100.000	94	3.11e-61	204	NP_001393756.1 DNA mismatch repair protein Msh6 isoform 12 [Homo sapiens]
NP_001393754.1	100.000	94	3.11e-61	204	NP_001393754.1 DNA mismatch repair protein Msh6 isoform 12 [Homo sapiens]
NP_001393753.1	100.000	94	3.11e-61	204	NP_001393753.1 DNA mismatch repair protein Msh6 isoform 12 [Homo sapiens]
NP_001393750.1	100.000	94	3.11e-61	204	NP_001393750.1 DNA mismatch repair protein Msh6 isoform 12 [Homo sapiens]
NP_001393749.1	100.000	94	3.11e-61	204	NP_001393749.1 DNA mismatch repair protein Msh6 isoform 12 [Homo sapiens]
NP_001393748.1	100.000	94	3.11e-61	204	NP_001393748.1 DNA mismatch repair protein Msh6 isoform 12 [Homo sapiens]
NP_001393747.1	100.000	94	3.11e-61	204	NP_001393747.1 DNA mismatch repair protein Msh6 isoform 12 [Homo sapiens]
NP_001393734.1	100.000	94	3.11e-61	204	NP_001393734.1 DNA mismatch repair protein Msh6 isoform 12 [Homo sapiens]
NP_001393726.1	100.000	94	3.11e-61	204	NP_001393726.1 DNA mismatch repair protein Msh6 isoform 12 [Homo sapiens]
NP_001393751.1	100.000	94	4.38e-61	204	NP_001393751.1 DNA mismatch repair protein Msh6 isoform 13 [Homo sapiens]
NP_001393730.1	100.000	94	4.38e-61	204	NP_001393730.1 DNA mismatch repair protein Msh6 isoform 13 [Homo sapiens]
NP_001383354.1	70.192	104	2.00e-48	168	NP_001383354.1 DNA mismatch repair protein Msh6 [Gallus gallus]
XP_015133604.2	70.192	104	2.06e-48	168	XP_015133604.2 DNA mismatch repair protein Msh6 isoform X1 [Gallus gallus]
XP_068080998.1	50.000	104	8.34e-32	120	XP_068080998.1 DNA mismatch repair protein Msh6 isoform X1 [Danio rerio]
NP_878280.1	50.000	104	2.38e-31	119	NP_878280.1 DNA mismatch repair protein Msh6 [Danio rerio]
XP_032219041.1	41.237	97	1.17e-15	74.7	XP_032219041.1 LOW QUALITY PROTEIN: DNA mismatch repair protein Msh6 [Nematostella vectensis]
XP_015141495.2	46.269	67	2.57e-14	70.9	XP_015141495.2 histone-lysine N-methyltransferase NSD2 isoform X4 [Gallus gallus]
NP_015627.1	46.269	67	4.20e-14	70.5	NP_015627.1 histone-lysine N-methyltransferase NSD2 isoform 4 [Homo sapiens]
XP_047272099.1	46.269	67	4.49e-14	70.1	XP_047272099.1 histone-lysine N-methyltransferase NSD2 isoform X3 [Homo sapiens]
XP_047272100.1	46.269	67	4.64e-14	70.1	XP_047272100.1 histone-lysine N-methyltransferase NSD2 isoform X4 [Homo sapiens]
NP_579889.1	46.269	67	4.64e-14	70.1	NP_579889.1 histone-lysine N-methyltransferase NSD2 isoform 3 [Homo sapiens]
XP_015141491.2	46.269	67	6.87e-14	69.7	XP_015141491.2 histone-lysine N-methyltransferase NSD2 isoform X2 [Gallus gallus]
XP_046796405.1	46.269	67	6.95e-14	69.7	XP_046796405.1 histone-lysine N-methyltransferase NSD2 isoform X1 [Gallus gallus]
XP_015141487.2	46.269	67	6.95e-14	69.7	XP_015141487.2 histone-lysine N-methyltransferase NSD2 isoform X1 [Gallus gallus]
XP_015141486.2	46.269	67	6.95e-14	69.7	XP_015141486.2 histone-lysine N-methyltransferase NSD2 isoform X1 [Gallus gallus]
XP_015141485.2	46.269	67	6.95e-14	69.7	XP_015141485.2 histone-lysine N-methyltransferase NSD2 isoform X1 [Gallus gallus]
XP_015141484.2	46.269	67	6.95e-14	69.7	XP_015141484.2 histone-lysine N-methyltransferase NSD2 isoform X1 [Gallus gallus]
XP_015141482.2	46.269	67	6.95e-14	69.7	XP_015141482.2 histone-lysine N-methyltransferase NSD2 isoform X1 [Gallus gallus]
XP_015141481.2	46.269	67	6.95e-14	69.7	XP_015141481.2 histone-lysine N-methyltransferase NSD2 isoform X1 [Gallus gallus]
XP_015141492.2	46.269	67	7.95e-14	69.7	XP_015141492.2 histone-lysine N-methyltransferase NSD2 isoform X3 [Gallus gallus]
NP_001427825.1	46.269	67	1.17e-13	68.9	NP_001427825.1 histone-lysine N-methyltransferase NSD2 isoform 8 [Homo sapiens]
NP_001427824.1	46.269	67	1.21e-13	68.9	NP_001427824.1 histone-lysine N-methyltransferase NSD2 isoform 7 [Homo sapiens]
XP_047272095.1	46.269	67	1.32e-13	68.9	XP_047272095.1 histone-lysine N-methyltransferase NSD2 isoform X1 [Homo sapiens]
XP_047272093.1	46.269	67	1.32e-13	68.9	XP_047272093.1 histone-lysine N-methyltransferase NSD2 isoform X1 [Homo sapiens]
XP_005248058.1	46.269	67	1.32e-13	68.9	XP_005248058.1 histone-lysine N-methyltransferase NSD2 isoform X1 [Homo sapiens]
NP_579890.1	46.269	67	1.32e-13	68.9	NP_579890.1 histone-lysine N-methyltransferase NSD2 isoform 1 [Homo sapiens]
NP_579878.1	46.269	67	1.32e-13	68.9	NP_579878.1 histone-lysine N-methyltransferase NSD2 isoform 1 [Homo sapiens]
NP_579877.1	46.269	67	1.32e-13	68.9	NP_579877.1 histone-lysine N-methyltransferase NSD2 isoform 1 [Homo sapiens]
NP_001427821.1	46.269	67	1.32e-13	68.9	NP_001427821.1 histone-lysine N-methyltransferase NSD2 isoform 1 [Homo sapiens]
NP_001035889.1	46.269	67	1.32e-13	68.9	NP_001035889.1 histone-lysine N-methyltransferase NSD2 isoform 1 [Homo sapiens]
NP_001427822.1	46.269	67	1.37e-13	68.9	NP_001427822.1 histone-lysine N-methyltransferase NSD2 isoform 5 [Homo sapiens]
NP_001427823.1	46.269	67	1.38e-13	68.9	NP_001427823.1 histone-lysine N-methyltransferase NSD2 isoform 6 [Homo sapiens]
XP_047272098.1	46.269	67	1.52e-13	68.9	XP_047272098.1 histone-lysine N-methyltransferase NSD2 isoform X2 [Homo sapiens]
XP_047272097.1	46.269	67	1.52e-13	68.9	XP_047272097.1 histone-lysine N-methyltransferase NSD2 isoform X2 [Homo sapiens]
NP_001427826.1	46.269	67	1.52e-13	68.9	NP_001427826.1 histone-lysine N-methyltransferase NSD2 isoform 9 [Homo sapiens]
NP_001427827.1	46.269	67	1.63e-13	68.6	NP_001427827.1 histone-lysine N-methyltransferase NSD2 isoform 10 [Homo sapiens]
XP_001635219.2	43.284	67	5.49e-13	67.0	XP_001635219.2 histone-lysine N-methyltransferase NSD2 isoform X1 [Nematostella vectensis]
XP_001635219.2	50.000	20	1.5	31.6	XP_001635219.2 histone-lysine N-methyltransferase NSD2 isoform X1 [Nematostella vectensis]
XP_032240530.1	43.284	67	5.81e-13	67.0	XP_032240530.1 histone-lysine N-methyltransferase NSD2 isoform X3 [Nematostella vectensis]
XP_032240530.1	50.000	20	1.5	31.6	XP_032240530.1 histone-lysine N-methyltransferase NSD2 isoform X3 [Nematostella vectensis]
XP_032240529.1	43.284	67	5.87e-13	67.0	XP_032240529.1 histone-lysine N-methyltransferase NSD2 isoform X2 [Nematostella vectensis]
XP_032240529.1	50.000	20	1.5	31.6	XP_032240529.1 histone-lysine N-methyltransferase NSD2 isoform X2 [Nematostella vectensis]
NP_060248.2	38.202	89	1.54e-12	65.9	NP_060248.2 histone-lysine N-methyltransferase NSD3 isoform short [Homo sapiens]
NP_075447.1	32.231	121	2.52e-12	65.5	NP_075447.1 histone-lysine N-methyltransferase NSD3 isoform long [Homo sapiens]
XP_068080964.1	40.299	67	4.06e-12	64.7	XP_068080964.1 histone-lysine N-methyltransferase NSD2 isoform X1 [Danio rerio]
NP_001076020.1	40.299	67	4.06e-12	64.7	NP_001076020.1 histone-lysine N-methyltransferase NSD2 [Danio rerio]
XP_046759363.1	32.231	121	4.47e-12	64.7	XP_046759363.1 histone-lysine N-methyltransferase NSD3 isoform X3 [Gallus gallus]
XP_046759360.1	32.231	121	4.48e-12	64.7	XP_046759360.1 histone-lysine N-methyltransferase NSD3 isoform X1 [Gallus gallus]
XP_015152897.1	32.231	121	4.48e-12	64.7	XP_015152897.1 histone-lysine N-methyltransferase NSD3 isoform X1 [Gallus gallus]
XP_046759362.1	32.231	121	4.74e-12	64.7	XP_046759362.1 histone-lysine N-methyltransferase NSD3 isoform X2 [Gallus gallus]
XP_046759359.1	32.231	121	6.06e-12	64.3	XP_046759359.1 histone-lysine N-methyltransferase NSD3 isoform X4 [Gallus gallus]
XP_694414.6	43.636	55	8.43e-10	58.2	XP_694414.6 histone-lysine N-methyltransferase NSD3 isoform X1 [Danio rerio]
XP_021335001.1	43.636	55	8.43e-10	58.2	XP_021335001.1 histone-lysine N-methyltransferase NSD3 isoform X1 [Danio rerio]
XP_005155379.1	43.636	55	8.43e-10	58.2	XP_005155379.1 histone-lysine N-methyltransferase NSD3 isoform X1 [Danio rerio]
XP_005155382.1	43.636	55	8.75e-10	58.2	XP_005155382.1 histone-lysine N-methyltransferase NSD3 isoform X2 [Danio rerio]
XP_005155383.1	43.636	55	9.19e-10	58.2	XP_005155383.1 histone-lysine N-methyltransferase NSD3 isoform X3 [Danio rerio]
XP_019851023.1	33.333	63	2.33e-08	53.9	XP_019851023.1 uncharacterized protein LOC109581390 isoform X1 [Amphimedon queenslandica]
XP_019851025.1	33.333	63	2.51e-08	53.9	XP_019851025.1 uncharacterized protein LOC109581390 isoform X2 [Amphimedon queenslandica]
XP_019851027.1	33.333	63	3.01e-08	53.5	XP_019851027.1 uncharacterized protein LOC109581390 isoform X3 [Amphimedon queenslandica]
NP_198117.2	34.375	96	1.89e-07	51.6	NP_198117.2 Tudor/PWWP/MBT superfamily protein [Arabidopsis thaliana]
NP_001326914.1	31.868	91	3.03e-07	50.8	NP_001326914.1 Tudor/PWWP/MBT superfamily protein [Arabidopsis thaliana]
NP_187194.1	31.868	91	3.06e-07	50.8	NP_187194.1 Tudor/PWWP/MBT superfamily protein [Arabidopsis thaliana]
NP_001372948.1	31.818	66	9.25e-07	49.3	NP_001372948.1 zinc finger CW-type PWWP domain protein 1 isoform 10 [Homo sapiens]
NP_001372938.1	31.818	66	9.25e-07	49.3	NP_001372938.1 zinc finger CW-type PWWP domain protein 1 isoform 10 [Homo sapiens]
NP_001372952.1	31.818	66	9.35e-07	49.3	NP_001372952.1 zinc finger CW-type PWWP domain protein 1 isoform 9 [Homo sapiens]
NP_001372947.1	31.818	66	9.68e-07	49.3	NP_001372947.1 zinc finger CW-type PWWP domain protein 1 isoform 6 [Homo sapiens]
NP_001372942.1	31.818	66	9.68e-07	49.3	NP_001372942.1 zinc finger CW-type PWWP domain protein 1 isoform 6 [Homo sapiens]
NP_001372940.1	31.818	66	9.90e-07	49.3	NP_001372940.1 zinc finger CW-type PWWP domain protein 1 isoform 12 [Homo sapiens]
NP_001372949.1	31.818	66	1.01e-06	49.3	NP_001372949.1 zinc finger CW-type PWWP domain protein 1 isoform 2 [Homo sapiens]
NP_001244937.1	31.818	66	1.01e-06	49.3	NP_001244937.1 zinc finger CW-type PWWP domain protein 1 isoform 2 [Homo sapiens]
NP_001372944.1	31.818	66	1.07e-06	49.3	NP_001372944.1 zinc finger CW-type PWWP domain protein 1 isoform 11 [Homo sapiens]
NP_001372950.1	31.818	66	1.08e-06	49.3	NP_001372950.1 zinc finger CW-type PWWP domain protein 1 isoform 13 [Homo sapiens]
NP_001372946.1	31.818	66	1.08e-06	49.3	NP_001372946.1 zinc finger CW-type PWWP domain protein 1 isoform 5 [Homo sapiens]
XP_005250537.1	31.818	66	1.08e-06	49.3	XP_005250537.1 zinc finger CW-type PWWP domain protein 1 isoform X7 [Homo sapiens]
NP_001372941.1	31.818	66	1.09e-06	49.3	NP_001372941.1 zinc finger CW-type PWWP domain protein 1 isoform 7 [Homo sapiens]
XP_016867868.1	31.818	66	1.10e-06	49.3	XP_016867868.1 zinc finger CW-type PWWP domain protein 1 isoform X8 [Homo sapiens]
NP_001372951.1	31.818	66	1.10e-06	49.3	NP_001372951.1 zinc finger CW-type PWWP domain protein 1 isoform 8 [Homo sapiens]
XP_047276508.1	31.818	66	1.16e-06	49.3	XP_047276508.1 zinc finger CW-type PWWP domain protein 1 isoform X4 [Homo sapiens]
NP_060454.3	31.818	66	1.16e-06	49.3	NP_060454.3 zinc finger CW-type PWWP domain protein 1 isoform 1 [Homo sapiens]
XP_047276507.1	31.818	66	1.18e-06	49.3	XP_047276507.1 zinc finger CW-type PWWP domain protein 1 isoform X2 [Homo sapiens]
XP_006716101.1	31.818	66	1.18e-06	49.3	XP_006716101.1 zinc finger CW-type PWWP domain protein 1 isoform X3 [Homo sapiens]
NP_001372939.1	31.818	66	1.18e-06	49.3	NP_001372939.1 zinc finger CW-type PWWP domain protein 1 isoform 3 [Homo sapiens]
XP_006716099.1	31.818	66	1.19e-06	49.3	XP_006716099.1 zinc finger CW-type PWWP domain protein 1 isoform X1 [Homo sapiens]
XP_006716098.1	31.818	66	1.19e-06	49.3	XP_006716098.1 zinc finger CW-type PWWP domain protein 1 isoform X1 [Homo sapiens]
NP_001372945.1	31.818	66	1.21e-06	48.9	NP_001372945.1 zinc finger CW-type PWWP domain protein 1 isoform 4 [Homo sapiens]
XP_047276509.1	31.818	66	1.27e-06	48.9	XP_047276509.1 zinc finger CW-type PWWP domain protein 1 isoform X6 [Homo sapiens]
XP_024302583.1	31.818	66	1.27e-06	48.9	XP_024302583.1 zinc finger CW-type PWWP domain protein 1 isoform X6 [Homo sapiens]
XP_006716103.1	31.818	66	1.27e-06	48.9	XP_006716103.1 zinc finger CW-type PWWP domain protein 1 isoform X5 [Homo sapiens]
NP_609336.3	27.451	102	1.69e-06	48.5	NP_609336.3 Nucleosome-destabilizing factor, isoform A [Drosophila melanogaster]
NP_001285791.1	27.451	102	1.69e-06	48.5	NP_001285791.1 Nucleosome-destabilizing factor, isoform C [Drosophila melanogaster]
NP_001188767.1	27.451	102	1.69e-06	48.5	NP_001188767.1 Nucleosome-destabilizing factor, isoform B [Drosophila melanogaster]
XP_025881219.1	33.696	92	1.78e-06	48.5	XP_025881219.1 uncharacterized protein LOC112938999 [Oryza sativa Japonica Group]
XP_019855877.1	31.944	72	1.90e-06	48.5	XP_019855877.1 zinc finger CW-type PWWP domain protein 1-like [Amphimedon queenslandica]
XP_068072230.1	32.308	65	2.76e-06	48.1	XP_068072230.1 histone-lysine N-methyltransferase, H3 lysine-36 specific isoform X1 [Danio rerio]
XP_021324899.1	32.308	65	2.76e-06	48.1	XP_021324899.1 histone-lysine N-methyltransferase, H3 lysine-36 specific isoform X1 [Danio rerio]
XP_005173940.1	32.308	65	2.76e-06	48.1	XP_005173940.1 histone-lysine N-methyltransferase, H3 lysine-36 specific isoform X1 [Danio rerio]
XP_068072231.1	32.308	65	3.01e-06	48.1	XP_068072231.1 histone-lysine N-methyltransferase, H3 lysine-36 specific isoform X2 [Danio rerio]
NP_758859.2	33.846	65	7.62e-06	47.0	NP_758859.2 histone-lysine N-methyltransferase, H3 lysine-36 specific isoform a [Homo sapiens]
NP_001396237.1	33.846	65	7.62e-06	47.0	NP_001396237.1 histone-lysine N-methyltransferase, H3 lysine-36 specific isoform a [Homo sapiens]
NP_001352613.2	33.846	65	7.62e-06	47.0	NP_001352613.2 histone-lysine N-methyltransferase, H3 lysine-36 specific isoform a [Homo sapiens]
NP_001396238.1	33.846	65	7.69e-06	47.0	NP_001396238.1 histone-lysine N-methyltransferase, H3 lysine-36 specific isoform f [Homo sapiens]
NP_001396236.1	33.846	65	8.01e-06	47.0	NP_001396236.1 histone-lysine N-methyltransferase, H3 lysine-36 specific isoform e [Homo sapiens]
NP_001396235.1	33.846	65	8.01e-06	47.0	NP_001396235.1 histone-lysine N-methyltransferase, H3 lysine-36 specific isoform e [Homo sapiens]
NP_001396233.1	33.846	65	8.33e-06	46.6	NP_001396233.1 histone-lysine N-methyltransferase, H3 lysine-36 specific isoform c [Homo sapiens]
NP_071900.2	33.846	65	8.51e-06	46.6	NP_071900.2 histone-lysine N-methyltransferase, H3 lysine-36 specific isoform b [Homo sapiens]
NP_001396232.1	33.846	65	8.51e-06	46.6	NP_001396232.1 histone-lysine N-methyltransferase, H3 lysine-36 specific isoform b [Homo sapiens]
NP_001396231.1	33.846	65	8.51e-06	46.6	NP_001396231.1 histone-lysine N-methyltransferase, H3 lysine-36 specific isoform b [Homo sapiens]
NP_001396230.1	33.846	65	8.51e-06	46.6	NP_001396230.1 histone-lysine N-methyltransferase, H3 lysine-36 specific isoform b [Homo sapiens]
XP_032238026.1	34.247	73	9.13e-06	46.6	XP_032238026.1 zinc finger CW-type PWWP domain protein 1 isoform X1 [Nematostella vectensis]
XP_032238027.1	31.944	72	1.01e-05	46.6	XP_032238027.1 zinc finger CW-type PWWP domain protein 1 isoform X2 [Nematostella vectensis]
XP_032241150.1	28.571	70	3.23e-05	44.3	XP_032241150.1 zinc finger CW-type PWWP domain protein 2-like isoform X2 [Nematostella vectensis]
XP_032241149.1	28.571	70	3.23e-05	44.3	XP_032241149.1 zinc finger CW-type PWWP domain protein 2-like isoform X2 [Nematostella vectensis]
XP_032241144.1	28.571	70	3.49e-05	45.1	XP_032241144.1 AT-rich interactive domain-containing protein 5B-like [Nematostella vectensis]
NP_195915.1	29.464	112	4.38e-05	44.7	NP_195915.1 Tudor/PWWP/MBT superfamily protein [Arabidopsis thaliana]
NP_001330526.1	29.464	112	4.38e-05	44.7	NP_001330526.1 Tudor/PWWP/MBT superfamily protein [Arabidopsis thaliana]
XP_032241148.1	28.571	70	5.50e-05	43.9	XP_032241148.1 zinc finger CW-type PWWP domain protein 2-like isoform X1 [Nematostella vectensis]
XP_032229416.1	30.612	98	6.44e-05	44.3	XP_032229416.1 zinc finger MYND domain-containing protein 11 [Nematostella vectensis]
XP_015639302.1	31.884	69	6.83e-05	44.3	XP_015639302.1 uncharacterized protein LOC4339033 isoform X2 [Oryza sativa Japonica Group]
NP_001263029.1	30.769	78	6.91e-05	44.3	NP_001263029.1 nuclear receptor binding SET domain protein, isoform B [Drosophila melanogaster]
NP_001263029.1	26.087	69	0.046	36.2	NP_001263029.1 nuclear receptor binding SET domain protein, isoform B [Drosophila melanogaster]
NP_733239.1	30.769	78	6.91e-05	44.3	NP_733239.1 nuclear receptor binding SET domain protein, isoform A [Drosophila melanogaster]
NP_733239.1	26.087	69	0.048	36.2	NP_733239.1 nuclear receptor binding SET domain protein, isoform A [Drosophila melanogaster]
XP_015640791.1	27.778	72	7.13e-05	43.9	XP_015640791.1 uncharacterized protein LOC9268510 [Oryza sativa Japonica Group]
XP_015639301.1	31.884	69	7.25e-05	43.9	XP_015639301.1 uncharacterized protein LOC4339033 isoform X1 [Oryza sativa Japonica Group]
XP_021325735.1	61.905	21	9.27e-05	43.9	XP_021325735.1 axoneme-associated protein mst101(2) [Danio rerio]
XP_021325737.1	61.905	21	1.05e-04	43.5	XP_021325737.1 axoneme-associated protein mst101(2) [Danio rerio]
XP_025881144.1	39.189	74	1.77e-04	42.7	XP_025881144.1 uncharacterized protein LOC4337816 isoform X3 [Oryza sativa Japonica Group]
XP_025881145.1	39.189	74	1.79e-04	42.7	XP_025881145.1 uncharacterized protein LOC4337816 isoform X4 [Oryza sativa Japonica Group]
XP_015639812.1	37.662	77	2.72e-04	42.4	XP_015639812.1 proline-rich protein 36 isoform X1 [Oryza sativa Japonica Group]
XP_015639814.1	37.662	77	2.96e-04	42.4	XP_015639814.1 actin cytoskeleton-regulatory complex protein PAN1 isoform X2 [Oryza sativa Japonica Group]
XP_683890.4	33.824	68	5.33e-04	41.6	XP_683890.4 histone-lysine N-methyltransferase, H3 lysine-36 specific [Danio rerio]
NP_001331897.1	36.232	69	5.67e-04	41.6	NP_001331897.1 Tudor/PWWP/MBT superfamily protein [Arabidopsis thaliana]
NP_198850.1	36.232	69	5.67e-04	41.6	NP_198850.1 Tudor/PWWP/MBT superfamily protein [Arabidopsis thaliana]
NP_491732.2	36.066	61	6.15e-04	41.2	NP_491732.2 PWWP domain-containing protein [Caenorhabditis elegans]
NP_491731.2	36.066	61	6.16e-04	41.2	NP_491731.2 PWWP domain-containing protein [Caenorhabditis elegans]
NP_150091.2	56.667	30	6.96e-04	41.2	NP_150091.2 PC4 and SFRS1-interacting protein isoform 2 [Homo sapiens]
NP_001121689.1	56.667	30	6.96e-04	41.2	NP_001121689.1 PC4 and SFRS1-interacting protein isoform 2 [Homo sapiens]
NP_115958.2	33.708	89	8.49e-04	40.8	NP_115958.2 cytokine-like nuclear factor N-PAC isoform 1 [Homo sapiens]
XP_046761432.1	56.667	30	8.61e-04	40.8	XP_046761432.1 lens epithelium-derived growth factor isoform X1 [Gallus gallus]
NP_001026781.3	56.667	30	8.61e-04	40.8	NP_001026781.3 lens epithelium-derived growth factor [Gallus gallus]
NP_001311027.2	33.708	89	8.97e-04	40.8	NP_001311027.2 cytokine-like nuclear factor N-PAC isoform 5 [Homo sapiens]
NP_001295025.1	33.708	89	8.99e-04	40.8	NP_001295025.1 cytokine-like nuclear factor N-PAC isoform 2 [Homo sapiens]
NP_001425313.1	56.667	30	0.001	40.8	NP_001425313.1 PC4 and SFRS1-interacting protein isoform 5 [Homo sapiens]
NP_001425312.1	56.667	30	0.001	40.8	NP_001425312.1 PC4 and SFRS1-interacting protein isoform 5 [Homo sapiens]
XP_046761433.1	56.667	30	0.001	40.8	XP_046761433.1 lens epithelium-derived growth factor isoform X2 [Gallus gallus]
XP_032239281.1	61.905	21	0.001	40.8	XP_032239281.1 hepatoma-derived growth factor-related protein 2 isoform X2 [Nematostella vectensis]
NP_001425317.1	60.714	28	0.001	40.4	NP_001425317.1 PC4 and SFRS1-interacting protein isoform 6 [Homo sapiens]
NP_001425316.1	60.714	28	0.001	40.4	NP_001425316.1 PC4 and SFRS1-interacting protein isoform 6 [Homo sapiens]
NP_001425318.1	60.714	28	0.001	40.4	NP_001425318.1 PC4 and SFRS1-interacting protein isoform 3 [Homo sapiens]
NP_001304827.1	60.714	28	0.001	40.4	NP_001304827.1 PC4 and SFRS1-interacting protein isoform 3 [Homo sapiens]
NP_066967.3	56.667	30	0.001	40.4	NP_066967.3 PC4 and SFRS1-interacting protein isoform 1 [Homo sapiens]
NP_001425315.1	56.667	30	0.001	40.4	NP_001425315.1 PC4 and SFRS1-interacting protein isoform 1 [Homo sapiens]
NP_001425314.1	56.667	30	0.001	40.4	NP_001425314.1 PC4 and SFRS1-interacting protein isoform 1 [Homo sapiens]
NP_001311026.2	33.708	89	0.001	40.4	NP_001311026.2 cytokine-like nuclear factor N-PAC isoform 4 [Homo sapiens]
XP_001634069.2	61.905	21	0.001	40.4	XP_001634069.2 hepatoma-derived growth factor-related protein 2 isoform X1 [Nematostella vectensis]
NP_001304829.1	60.714	28	0.001	40.4	NP_001304829.1 PC4 and SFRS1-interacting protein isoform 4 [Homo sapiens]
NP_001311025.2	33.708	89	0.001	40.4	NP_001311025.2 cytokine-like nuclear factor N-PAC isoform 3 [Homo sapiens]
XP_009294586.1	60.870	23	0.002	40.0	XP_009294586.1 hepatoma-derived growth factor-related protein 2 isoform X1 [Danio rerio]
NP_001002037.2	60.870	23	0.002	40.0	NP_001002037.2 hepatoma-derived growth factor-related protein 2 [Danio rerio]
XP_001235458.3	66.667	21	0.002	39.7	XP_001235458.3 hepatoma-derived growth factor-related protein 2 isoform X2 [Gallus gallus]
XP_004948856.2	66.667	21	0.003	39.7	XP_004948856.2 hepatoma-derived growth factor-related protein 2 isoform X1 [Gallus gallus]
XP_032237569.1	30.556	108	0.003	39.7	XP_032237569.1 LOW QUALITY PROTEIN: bromodomain-containing protein 1 [Nematostella vectensis]
XP_004948857.2	44.737	38	0.003	39.3	XP_004948857.2 hepatoma-derived growth factor-related protein 2 isoform X3 [Gallus gallus]
NP_001304016.2	44.737	38	0.003	39.3	NP_001304016.2 hepatoma-derived growth factor-related protein 2 [Gallus gallus]
NP_001001520.1	60.870	23	0.003	39.3	NP_001001520.1 hepatoma-derived growth factor-related protein 2 isoform 1 [Homo sapiens]
NP_116020.1	60.870	23	0.003	39.3	NP_116020.1 hepatoma-derived growth factor-related protein 2 isoform 2 [Homo sapiens]
XP_047295503.1	60.870	23	0.003	39.3	XP_047295503.1 hepatoma-derived growth factor-related protein 2 isoform X3 [Homo sapiens]
XP_046756625.1	34.737	95	0.003	39.3	XP_046756625.1 putative oxidoreductase GLYR1 isoform X1 [Gallus gallus]
NP_001006572.2	34.737	95	0.003	39.3	NP_001006572.2 putative oxidoreductase GLYR1 [Gallus gallus]
XP_047295504.1	60.870	23	0.003	39.3	XP_047295504.1 hepatoma-derived growth factor-related protein 2 isoform X4 [Homo sapiens]
NP_001393736.1	100.000	18	0.004	39.3	NP_001393736.1 DNA mismatch repair protein Msh6 isoform 14 [Homo sapiens]
NP_001393735.1	100.000	18	0.004	39.3	NP_001393735.1 DNA mismatch repair protein Msh6 isoform 14 [Homo sapiens]
NP_001393728.1	100.000	18	0.004	39.3	NP_001393728.1 DNA mismatch repair protein Msh6 isoform 14 [Homo sapiens]
XP_687488.4	31.746	63	0.006	38.5	XP_687488.4 PWWP domain-containing protein 2A [Danio rerio]
XP_005265868.1	30.159	63	0.006	38.5	XP_005265868.1 PWWP domain-containing protein 2A isoform X2 [Homo sapiens]
NP_001336661.1	30.159	63	0.006	38.5	NP_001336661.1 PWWP domain-containing protein 2A isoform d [Homo sapiens]
NP_001396234.1	45.161	31	0.006	38.5	NP_001396234.1 histone-lysine N-methyltransferase, H3 lysine-36 specific isoform d [Homo sapiens]
NP_001124336.1	30.159	63	0.006	38.5	NP_001124336.1 PWWP domain-containing protein 2A isoform b [Homo sapiens]
XP_046756628.1	34.021	97	0.007	38.5	XP_046756628.1 putative oxidoreductase GLYR1 isoform X3 [Gallus gallus]
XP_019849342.1	30.380	79	0.007	38.5	XP_019849342.1 histone-lysine N-methyltransferase NSD2-like [Amphimedon queenslandica]
XP_019849341.1	30.380	79	0.007	38.5	XP_019849341.1 histone-lysine N-methyltransferase NSD2-like [Amphimedon queenslandica]
NP_001007772.1	32.353	102	0.008	38.1	NP_001007772.1 cytokine-like nuclear factor N-PAC [Danio rerio]
XP_005164162.1	32.353	102	0.009	38.1	XP_005164162.1 cytokine-like nuclear factor N-PAC isoform X2 [Danio rerio]
XP_005164161.1	32.353	102	0.009	38.1	XP_005164161.1 cytokine-like nuclear factor N-PAC isoform X1 [Danio rerio]
XP_068072902.1	32.353	102	0.009	38.1	XP_068072902.1 cytokine-like nuclear factor N-PAC isoform X5 [Danio rerio]
XP_068072900.1	32.353	102	0.010	37.7	XP_068072900.1 cytokine-like nuclear factor N-PAC isoform X4 [Danio rerio]
XP_021326164.1	32.353	102	0.010	37.7	XP_021326164.1 cytokine-like nuclear factor N-PAC isoform X3 [Danio rerio]
XP_001024832.2	57.143	21	0.010	37.7	XP_001024832.2 PWWP domain protein [Tetrahymena thermophila SB210]
XP_068072903.1	32.353	102	0.011	37.7	XP_068072903.1 cytokine-like nuclear factor N-PAC isoform X6 [Danio rerio]
XP_047295916.1	40.426	47	0.014	37.4	XP_047295916.1 DNA (cytosine-5)-methyltransferase 3B isoform X17 [Homo sapiens]
XP_005159950.1	33.824	68	0.014	37.4	XP_005159950.1 PC4 and SFRS1 interacting protein 1a isoform X2 [Danio rerio]
NP_001018562.2	33.824	68	0.014	37.4	NP_001018562.2 PC4 and SFRS1 interacting protein 1a [Danio rerio]
XP_068075561.1	33.824	68	0.014	37.4	XP_068075561.1 PC4 and SFRS1 interacting protein 1a isoform X1 [Danio rerio]
XP_009289823.1	33.824	68	0.014	37.4	XP_009289823.1 PC4 and SFRS1 interacting protein 1a isoform X1 [Danio rerio]
XP_005159951.1	33.824	68	0.015	37.4	XP_005159951.1 PC4 and SFRS1 interacting protein 1a isoform X3 [Danio rerio]
XP_047295915.1	40.426	47	0.017	37.4	XP_047295915.1 DNA (cytosine-5)-methyltransferase 3B isoform X16 [Homo sapiens]
XP_015646551.1	33.871	62	0.018	37.4	XP_015646551.1 uncharacterized protein LOC4344395 [Oryza sativa Japonica Group]
NP_001311098.1	25.806	62	0.019	37.0	NP_001311098.1 zinc finger CW-type PWWP domain protein 2 isoform a [Homo sapiens]
NP_001035522.1	25.806	62	0.019	37.0	NP_001035522.1 zinc finger CW-type PWWP domain protein 2 isoform a [Homo sapiens]
NP_850170.1	37.255	51	0.020	37.0	NP_850170.1 homologue of trithorax [Arabidopsis thaliana]
NP_187578.1	32.258	62	0.024	37.0	NP_187578.1 Tudor/PWWP/MBT superfamily protein [Arabidopsis thaliana]
NP_001078128.1	32.258	62	0.024	37.0	NP_001078128.1 Tudor/PWWP/MBT superfamily protein [Arabidopsis thaliana]
XP_001016362.2	52.381	21	0.025	37.0	XP_001016362.2 PWWP domain protein [Tetrahymena thermophila SB210]
XP_019853734.1	29.412	68	0.027	36.6	XP_019853734.1 hepatoma-derived growth factor-related protein 2-like [Amphimedon queenslandica]
NP_004485.1	36.923	65	0.030	36.2	NP_004485.1 hepatoma-derived growth factor isoform a [Homo sapiens]
XP_040503221.1	29.231	65	0.036	36.6	XP_040503221.1 histone-lysine N-methyltransferase, H3 lysine-36 specific isoform X1 [Gallus gallus]
XP_040503220.1	29.231	65	0.036	36.6	XP_040503220.1 histone-lysine N-methyltransferase, H3 lysine-36 specific isoform X1 [Gallus gallus]
XP_001236427.2	36.923	65	0.037	36.2	XP_001236427.2 hepatoma-derived growth factor [Gallus gallus]
XP_040558629.1	33.871	62	0.044	36.2	XP_040558629.1 PWWP domain-containing protein 2B [Gallus gallus]
XP_046756387.1	29.231	65	0.046	36.2	XP_046756387.1 histone-lysine N-methyltransferase, H3 lysine-36 specific isoform X2 [Gallus gallus]
NP_001311099.1	25.806	62	0.060	35.4	NP_001311099.1 zinc finger CW-type PWWP domain protein 2 isoform b [Homo sapiens]
XP_015149148.1	36.111	36	0.061	35.8	XP_015149148.1 PWWP domain-containing protein 2A isoform X1 [Gallus gallus]
NP_008823.1	57.143	21	0.072	35.4	NP_008823.1 DNA (cytosine-5)-methyltransferase 3B isoform 1 [Homo sapiens]
NP_001411284.1	57.143	21	0.075	35.4	NP_001411284.1 DNA (cytosine-5)-methyltransferase 3B isoform 13 [Homo sapiens]
NP_001411281.1	57.143	21	0.076	35.4	NP_001411281.1 DNA (cytosine-5)-methyltransferase 3B isoform 10 [Homo sapiens]
XP_047295902.1	57.143	21	0.079	35.4	XP_047295902.1 DNA (cytosine-5)-methyltransferase 3B isoform X1 [Homo sapiens]
NP_787044.1	57.143	21	0.080	35.4	NP_787044.1 DNA (cytosine-5)-methyltransferase 3B isoform 2 [Homo sapiens]
NP_001411283.1	57.143	21	0.083	35.4	NP_001411283.1 DNA (cytosine-5)-methyltransferase 3B isoform 12 [Homo sapiens]
XP_047280648.1	33.871	62	0.084	35.4	XP_047280648.1 PWWP domain-containing protein 2B isoform X2 [Homo sapiens]
XP_047280647.1	33.871	62	0.084	35.4	XP_047280647.1 PWWP domain-containing protein 2B isoform X2 [Homo sapiens]
XP_047280646.1	33.871	62	0.084	35.4	XP_047280646.1 PWWP domain-containing protein 2B isoform X2 [Homo sapiens]
NP_001411287.1	57.143	21	0.084	35.4	NP_001411287.1 DNA (cytosine-5)-methyltransferase 3B isoform 16 [Homo sapiens]
NP_787045.1	57.143	21	0.084	35.4	NP_787045.1 DNA (cytosine-5)-methyltransferase 3B isoform 3 [Homo sapiens]
NP_787046.1	57.143	21	0.086	35.4	NP_787046.1 DNA (cytosine-5)-methyltransferase 3B isoform 6 [Homo sapiens]
NP_013560.3	38.596	57	0.087	35.0	NP_013560.3 Pdp3p [Saccharomyces cerevisiae S288C]
NP_001193984.1	57.143	21	0.089	35.0	NP_001193984.1 DNA (cytosine-5)-methyltransferase 3B isoform 7 [Homo sapiens]
XP_047295912.1	57.143	21	0.090	35.0	XP_047295912.1 DNA (cytosine-5)-methyltransferase 3B isoform X12 [Homo sapiens]
XP_019854738.1	27.619	105	0.090	35.4	XP_019854738.1 bromodomain and PHD finger-containing protein 3-like [Amphimedon queenslandica]
NP_001193985.1	57.143	21	0.092	35.0	NP_001193985.1 DNA (cytosine-5)-methyltransferase 3B isoform 8 [Homo sapiens]
NP_612508.3	33.871	62	0.092	35.0	NP_612508.3 PWWP domain-containing protein 2B isoform 1 [Homo sapiens]
XP_047295906.1	52.174	23	0.094	35.0	XP_047295906.1 DNA (cytosine-5)-methyltransferase 3B isoform X5 [Homo sapiens]
NP_001411280.1	52.174	23	0.094	35.0	NP_001411280.1 DNA (cytosine-5)-methyltransferase 3B isoform 9 [Homo sapiens]
NP_001411288.1	57.143	21	0.095	35.0	NP_001411288.1 DNA (cytosine-5)-methyltransferase 3B isoform 17 [Homo sapiens]
NP_001411285.1	52.174	23	0.097	35.0	NP_001411285.1 DNA (cytosine-5)-methyltransferase 3B isoform 14 [Homo sapiens]
XP_015616447.1	47.826	23	0.099	35.0	XP_015616447.1 uncharacterized protein LOC4350336 [Oryza sativa Japonica Group]
XP_015616446.1	47.826	23	0.099	35.0	XP_015616446.1 uncharacterized protein LOC4350336 [Oryza sativa Japonica Group]
NP_001411282.1	52.174	23	0.10	35.0	NP_001411282.1 DNA (cytosine-5)-methyltransferase 3B isoform 11 [Homo sapiens]
NP_001411289.1	57.143	21	0.10	35.0	NP_001411289.1 DNA (cytosine-5)-methyltransferase 3B isoform 18 [Homo sapiens]
NP_172074.6	29.412	51	0.10	35.0	NP_172074.6 trithorax-like protein 2 [Arabidopsis thaliana]
NP_001321564.1	29.412	51	0.10	35.0	NP_001321564.1 trithorax-like protein 2 [Arabidopsis thaliana]
NP_001321563.1	29.412	51	0.10	35.0	NP_001321563.1 trithorax-like protein 2 [Arabidopsis thaliana]
NP_001077464.4	29.412	51	0.10	35.0	NP_001077464.4 trithorax-like protein 2 [Arabidopsis thaliana]
XP_047295905.1	52.174	23	0.11	35.0	XP_047295905.1 DNA (cytosine-5)-methyltransferase 3B isoform X4 [Homo sapiens]
NP_001411286.1	52.174	23	0.11	35.0	NP_001411286.1 DNA (cytosine-5)-methyltransferase 3B isoform 15 [Homo sapiens]
XP_047295911.1	40.426	47	0.11	35.0	XP_047295911.1 DNA (cytosine-5)-methyltransferase 3B isoform X11 [Homo sapiens]
NP_610266.1	52.174	23	0.13	34.7	NP_610266.1 Bromodomain-containing protein, 140kD, isoform A [Drosophila melanogaster]
NP_001286155.1	52.174	23	0.13	34.7	NP_001286155.1 Bromodomain-containing protein, 140kD, isoform B [Drosophila melanogaster]
XP_001920864.3	36.508	63	0.13	34.7	XP_001920864.3 PWWP domain-containing protein 2B [Danio rerio]
XP_015147512.1	52.000	25	0.14	34.3	XP_015147512.1 hepatoma-derived growth factor-related protein 3 [Gallus gallus]
XP_040506640.1	38.298	47	0.15	34.7	XP_040506640.1 DNA (cytosine-5)-methyltransferase 3B isoform X2 [Gallus gallus]
NP_057157.1	52.000	25	0.15	34.3	NP_057157.1 hepatoma-derived growth factor-related protein 3 [Homo sapiens]
XP_046758834.1	38.298	47	0.15	34.7	XP_046758834.1 DNA (cytosine-5)-methyltransferase 3B isoform X1 [Gallus gallus]
NP_001383770.1	38.298	47	0.15	34.7	NP_001383770.1 DNA (cytosine-5)-methyltransferase 3B isoform 1 [Gallus gallus]
NP_001019999.2	38.298	47	0.15	34.7	NP_001019999.2 DNA (cytosine-5)-methyltransferase 3B isoform 1 [Gallus gallus]
XP_046758836.1	38.298	47	0.16	34.7	XP_046758836.1 DNA (cytosine-5)-methyltransferase 3B isoform X4 [Gallus gallus]
NP_001383772.1	38.298	47	0.16	34.7	NP_001383772.1 DNA (cytosine-5)-methyltransferase 3B isoform 3 [Gallus gallus]
NP_001383771.1	38.298	47	0.16	34.7	NP_001383771.1 DNA (cytosine-5)-methyltransferase 3B isoform 3 [Gallus gallus]
XP_046758835.1	38.298	47	0.16	34.7	XP_046758835.1 DNA (cytosine-5)-methyltransferase 3B isoform X3 [Gallus gallus]
NP_001383769.1	38.298	47	0.16	34.7	NP_001383769.1 DNA (cytosine-5)-methyltransferase 3B isoform 2 [Gallus gallus]
NP_001012372.1	52.000	25	0.16	34.3	NP_001012372.1 hepatoma-derived growth factor-related protein 3 [Danio rerio]
XP_040506643.1	38.298	47	0.17	34.3	XP_040506643.1 DNA (cytosine-5)-methyltransferase 3B isoform X6 [Gallus gallus]
XP_046758837.1	38.298	47	0.17	34.3	XP_046758837.1 DNA (cytosine-5)-methyltransferase 3B isoform X5 [Gallus gallus]
NP_001383773.1	38.298	47	0.17	34.3	NP_001383773.1 DNA (cytosine-5)-methyltransferase 3B isoform 4 [Gallus gallus]
XP_006720617.1	52.000	25	0.18	34.3	XP_006720617.1 hepatoma-derived growth factor-related protein 3 isoform X1 [Homo sapiens]
XP_015612383.1	52.174	23	0.18	34.3	XP_015612383.1 histone-lysine N-methyltransferase TRX1 [Oryza sativa Japonica Group]
XP_032229693.1	54.167	24	0.21	34.3	XP_032229693.1 DNA (cytosine-5)-methyltransferase 3A [Nematostella vectensis]
XP_032242526.1	38.462	39	0.32	33.5	XP_032242526.1 putative GPI-anchored protein pfl2 isoform X2 [Nematostella vectensis]
NP_595841.1	26.214	103	0.33	33.5	NP_595841.1 PWWP domain protein Pdp1 [Schizosaccharomyces pombe]
NP_651768.1	28.866	97	0.41	33.1	NP_651768.1 JIL-1 anchoring and stabilizing protein, isoform A [Drosophila melanogaster]
NP_001263099.1	28.866	97	0.41	33.1	NP_001263099.1 JIL-1 anchoring and stabilizing protein, isoform B [Drosophila melanogaster]
XP_015148624.1	27.826	115	0.45	33.1	XP_015148624.1 peregrin isoform X6 [Gallus gallus]
XP_015148622.1	27.826	115	0.46	33.1	XP_015148622.1 peregrin isoform X4 [Gallus gallus]
XP_015148625.1	27.826	115	0.46	33.1	XP_015148625.1 peregrin isoform X7 [Gallus gallus]
NP_001026635.1	27.826	115	0.46	33.1	NP_001026635.1 peregrin [Gallus gallus]
XP_005166793.1	50.000	30	0.49	33.1	XP_005166793.1 bromodomain and PHD finger-containing protein 3 [Danio rerio]
NP_189424.1	26.984	63	0.51	33.1	NP_189424.1 Tudor/PWWP/MBT superfamily protein [Arabidopsis thaliana]
NP_001319658.1	26.984	63	0.51	33.1	NP_001319658.1 Tudor/PWWP/MBT superfamily protein [Arabidopsis thaliana]
NP_596684.1	52.381	21	0.65	32.7	NP_596684.1 PWWP domain containing protein [Schizosaccharomyces pombe]
NP_594539.1	38.889	36	0.67	32.7	NP_594539.1 PWWP domain-containing protein [Schizosaccharomyces pombe]
XP_015630983.1	27.273	99	0.73	32.7	XP_015630983.1 protein HUA2-LIKE 2 isoform X2 [Oryza sativa Japonica Group]
XP_015148626.1	27.049	122	0.76	32.7	XP_015148626.1 peregrin isoform X8 [Gallus gallus]
XP_015148623.1	27.049	122	0.76	32.7	XP_015148623.1 peregrin isoform X5 [Gallus gallus]
XP_015148621.1	27.049	122	0.78	32.7	XP_015148621.1 peregrin isoform X3 [Gallus gallus]
XP_015148620.1	27.049	122	0.78	32.7	XP_015148620.1 peregrin isoform X2 [Gallus gallus]
XP_015148619.1	27.049	122	0.78	32.7	XP_015148619.1 peregrin isoform X1 [Gallus gallus]
XP_032242525.1	36.170	47	0.78	32.7	XP_032242525.1 methyl-CpG-binding domain protein 5-like isoform X1 [Nematostella vectensis]
NP_001020621.1	52.381	21	0.84	32.3	NP_001020621.1 DNA (cytosine-5)-methyltransferase 3B [Danio rerio]
NP_004625.2	50.000	28	0.84	32.3	NP_004625.2 peregrin isoform 2 [Homo sapiens]
XP_005162085.1	52.381	21	0.85	32.3	XP_005162085.1 DNA (cytosine-5)-methyltransferase 3B isoform X1 [Danio rerio]
NP_001425272.1	50.000	28	0.85	32.3	NP_001425272.1 peregrin isoform 4 [Homo sapiens]
NP_001305979.1	50.000	28	0.85	32.3	NP_001305979.1 peregrin isoform 4 [Homo sapiens]
NP_001397633.1	50.000	28	0.85	32.3	NP_001397633.1 peregrin isoform 5 [Homo sapiens]
XP_047304832.1	50.000	28	0.85	32.3	XP_047304832.1 peregrin isoform X3 [Homo sapiens]
NP_001003694.1	50.000	28	0.85	32.3	NP_001003694.1 peregrin isoform 1 [Homo sapiens]
NP_001425271.1	50.000	28	0.88	32.3	NP_001425271.1 peregrin isoform 7 [Homo sapiens]
XP_047304831.1	50.000	28	0.88	32.3	XP_047304831.1 peregrin isoform X1 [Homo sapiens]
NP_001424821.1	50.000	28	0.88	32.3	NP_001424821.1 peregrin isoform 6 [Homo sapiens]
XP_009294992.1	52.381	21	0.88	32.3	XP_009294992.1 DNA (cytosine-5)-methyltransferase 3B isoform X3 [Danio rerio]
NP_001305978.1	50.000	28	0.89	32.3	NP_001305978.1 peregrin isoform 3 [Homo sapiens]
NP_001425274.1	50.000	28	0.89	32.3	NP_001425274.1 peregrin isoform 9 [Homo sapiens]
NP_001425273.1	50.000	28	0.90	32.3	NP_001425273.1 peregrin isoform 8 [Homo sapiens]
XP_047304838.1	50.000	28	0.92	32.3	XP_047304838.1 peregrin isoform X7 [Homo sapiens]
NP_001425275.1	50.000	28	0.92	32.3	NP_001425275.1 peregrin isoform 10 [Homo sapiens]
NP_001189396.1	28.814	59	0.94	32.3	NP_001189396.1 zinc finger MYND domain-containing protein 11 isoform f [Homo sapiens]
XP_009294991.1	52.381	21	0.94	32.3	XP_009294991.1 DNA (cytosine-5)-methyltransferase 3B isoform X2 [Danio rerio]
XP_015137631.1	28.814	59	1.2	32.0	XP_015137631.1 zinc finger MYND domain-containing protein 11 isoform X3 [Gallus gallus]
XP_001624451.1	53.333	15	1.2	32.0	XP_001624451.1 PWWP domain-containing protein 2A [Nematostella vectensis]
XP_046793804.1	28.814	59	1.2	32.0	XP_046793804.1 zinc finger MYND domain-containing protein 11 isoform X6 [Gallus gallus]
XP_046793803.1	28.814	59	1.2	32.0	XP_046793803.1 zinc finger MYND domain-containing protein 11 isoform X6 [Gallus gallus]
NP_001357050.1	28.814	59	1.3	32.0	NP_001357050.1 zinc finger MYND domain-containing protein 11 isoform p [Homo sapiens]
XP_046758939.1	58.824	17	1.3	32.0	XP_046758939.1 protein kinase C-binding protein 1 isoform X14 [Gallus gallus]
XP_021335473.1	58.824	17	1.3	32.0	XP_021335473.1 MYND-type zinc finger-containing chromatin reader ZMYND8 isoform X5 [Danio rerio]
XP_068080417.1	58.824	17	1.3	32.0	XP_068080417.1 MYND-type zinc finger-containing chromatin reader ZMYND8 isoform X4 [Danio rerio]
XP_046758942.1	58.824	17	1.3	32.0	XP_046758942.1 protein kinase C-binding protein 1 isoform X1 [Gallus gallus]
XP_046758941.1	58.824	17	1.3	32.0	XP_046758941.1 protein kinase C-binding protein 1 isoform X1 [Gallus gallus]
XP_046758940.1	58.824	17	1.3	32.0	XP_046758940.1 protein kinase C-binding protein 1 isoform X15 [Gallus gallus]
NP_001357049.1	28.814	59	1.4	32.0	NP_001357049.1 zinc finger MYND domain-containing protein 11 isoform o [Homo sapiens]
XP_021335472.1	58.824	17	1.4	32.0	XP_021335472.1 MYND-type zinc finger-containing chromatin reader ZMYND8 isoform X3 [Danio rerio]
XP_068080416.1	58.824	17	1.4	32.0	XP_068080416.1 MYND-type zinc finger-containing chromatin reader ZMYND8 isoform X1 [Danio rerio]
NP_001357053.1	28.814	59	1.4	32.0	NP_001357053.1 zinc finger MYND domain-containing protein 11 isoform s [Homo sapiens]
XP_692886.6	58.824	17	1.4	32.0	XP_692886.6 MYND-type zinc finger-containing chromatin reader ZMYND8 isoform X2 [Danio rerio]
XP_046758961.1	58.824	17	1.4	32.0	XP_046758961.1 protein kinase C-binding protein 1 isoform X13 [Gallus gallus]
XP_046758960.1	58.824	17	1.4	32.0	XP_046758960.1 protein kinase C-binding protein 1 isoform X13 [Gallus gallus]
XP_046758959.1	58.824	17	1.4	32.0	XP_046758959.1 protein kinase C-binding protein 1 isoform X13 [Gallus gallus]
XP_046758958.1	58.824	17	1.4	32.0	XP_046758958.1 protein kinase C-binding protein 1 isoform X13 [Gallus gallus]
XP_046758957.1	58.824	17	1.4	32.0	XP_046758957.1 protein kinase C-binding protein 1 isoform X13 [Gallus gallus]
XP_046758956.1	58.824	17	1.4	32.0	XP_046758956.1 protein kinase C-binding protein 1 isoform X13 [Gallus gallus]
NP_001189397.1	28.814	59	1.4	31.6	NP_001189397.1 zinc finger MYND domain-containing protein 11 isoform g [Homo sapiens]
NP_997644.2	28.814	59	1.4	31.6	NP_997644.2 zinc finger MYND domain-containing protein 11 isoform b [Homo sapiens]
XP_016871083.1	28.814	59	1.5	31.6	XP_016871083.1 zinc finger MYND domain-containing protein 11 isoform X1 [Homo sapiens]
XP_015630982.1	61.111	18	1.5	31.6	XP_015630982.1 protein HUA2-LIKE 2 isoform X1 [Oryza sativa Japonica Group]
NP_001357048.1	28.814	59	1.5	31.6	NP_001357048.1 zinc finger MYND domain-containing protein 11 isoform n [Homo sapiens]
XP_015646895.1	61.111	18	1.5	31.6	XP_015646895.1 protein HUA2-LIKE 3 [Oryza sativa Japonica Group]
XP_040506858.1	58.824	17	1.6	31.6	XP_040506858.1 protein kinase C-binding protein 1 isoform X9 [Gallus gallus]
XP_046793800.1	28.814	59	1.6	31.6	XP_046793800.1 zinc finger MYND domain-containing protein 11 isoform X1 [Gallus gallus]
XP_046793799.1	28.814	59	1.6	31.6	XP_046793799.1 zinc finger MYND domain-containing protein 11 isoform X1 [Gallus gallus]
XP_046793798.1	28.814	59	1.6	31.6	XP_046793798.1 zinc finger MYND domain-containing protein 11 isoform X1 [Gallus gallus]
XP_046793797.1	28.814	59	1.6	31.6	XP_046793797.1 zinc finger MYND domain-containing protein 11 isoform X1 [Gallus gallus]
XP_046793796.1	28.814	59	1.6	31.6	XP_046793796.1 zinc finger MYND domain-containing protein 11 isoform X1 [Gallus gallus]
XP_040550756.1	28.814	59	1.6	31.6	XP_040550756.1 zinc finger MYND domain-containing protein 11 isoform X1 [Gallus gallus]
XP_040550748.1	28.814	59	1.6	31.6	XP_040550748.1 zinc finger MYND domain-containing protein 11 isoform X1 [Gallus gallus]
XP_015137629.1	28.814	59	1.6	31.6	XP_015137629.1 zinc finger MYND domain-containing protein 11 isoform X1 [Gallus gallus]
XP_004939220.1	28.814	59	1.6	31.6	XP_004939220.1 zinc finger MYND domain-containing protein 11 isoform X1 [Gallus gallus]
XP_021325852.1	29.231	65	1.6	31.6	XP_021325852.1 zinc finger MYND domain-containing protein 11 isoform X1 [Danio rerio]
XP_040506863.1	58.824	17	1.6	31.6	XP_040506863.1 protein kinase C-binding protein 1 isoform X12 [Gallus gallus]
XP_046758947.1	58.824	17	1.6	31.6	XP_046758947.1 protein kinase C-binding protein 1 isoform X4 [Gallus gallus]
XP_046758946.1	58.824	17	1.6	31.6	XP_046758946.1 protein kinase C-binding protein 1 isoform X4 [Gallus gallus]
XP_046758945.1	58.824	17	1.6	31.6	XP_046758945.1 protein kinase C-binding protein 1 isoform X4 [Gallus gallus]
XP_046758944.1	58.824	17	1.6	31.6	XP_046758944.1 protein kinase C-binding protein 1 isoform X4 [Gallus gallus]
XP_040506846.1	58.824	17	1.6	31.6	XP_040506846.1 protein kinase C-binding protein 1 isoform X4 [Gallus gallus]
XP_040506845.1	58.824	17	1.6	31.6	XP_040506845.1 protein kinase C-binding protein 1 isoform X4 [Gallus gallus]
XP_040506844.1	58.824	17	1.6	31.6	XP_040506844.1 protein kinase C-binding protein 1 isoform X4 [Gallus gallus]
XP_040506862.1	58.824	17	1.6	31.6	XP_040506862.1 protein kinase C-binding protein 1 isoform X11 [Gallus gallus]
XP_040506852.1	58.824	17	1.6	31.6	XP_040506852.1 protein kinase C-binding protein 1 isoform X7 [Gallus gallus]
XP_040506851.1	58.824	17	1.6	31.6	XP_040506851.1 protein kinase C-binding protein 1 isoform X7 [Gallus gallus]
XP_040506850.1	58.824	17	1.6	31.6	XP_040506850.1 protein kinase C-binding protein 1 isoform X7 [Gallus gallus]
XP_040506849.1	58.824	17	1.6	31.6	XP_040506849.1 protein kinase C-binding protein 1 isoform X7 [Gallus gallus]
XP_004947124.3	58.824	17	1.6	31.6	XP_004947124.3 protein kinase C-binding protein 1 isoform X3 [Gallus gallus]
XP_046758943.1	58.824	17	1.6	31.6	XP_046758943.1 protein kinase C-binding protein 1 isoform X2 [Gallus gallus]
XP_046758955.1	58.824	17	1.6	31.6	XP_046758955.1 protein kinase C-binding protein 1 isoform X10 [Gallus gallus]
XP_040506859.1	58.824	17	1.6	31.6	XP_040506859.1 protein kinase C-binding protein 1 isoform X10 [Gallus gallus]
XP_040506848.1	58.824	17	1.6	31.6	XP_040506848.1 protein kinase C-binding protein 1 isoform X6 [Gallus gallus]
XP_046758948.1	58.824	17	1.6	31.6	XP_046758948.1 protein kinase C-binding protein 1 isoform X5 [Gallus gallus]
XP_021325853.1	29.231	65	1.7	31.6	XP_021325853.1 zinc finger MYND domain-containing protein 11 isoform X2 [Danio rerio]
XP_418557.1	28.814	59	1.7	31.6	XP_418557.1 zinc finger MYND domain-containing protein 11 isoform X2 [Gallus gallus]
XP_015137630.1	28.814	59	1.7	31.6	XP_015137630.1 zinc finger MYND domain-containing protein 11 isoform X2 [Gallus gallus]
XP_046793802.1	28.814	59	1.7	31.6	XP_046793802.1 zinc finger MYND domain-containing protein 11 isoform X5 [Gallus gallus]
XP_046793801.1	28.814	59	1.7	31.6	XP_046793801.1 zinc finger MYND domain-containing protein 11 isoform X5 [Gallus gallus]
XP_025004088.1	28.814	59	1.7	31.6	XP_025004088.1 zinc finger MYND domain-containing protein 11 isoform X5 [Gallus gallus]
NP_001357052.1	28.814	59	1.7	31.6	NP_001357052.1 zinc finger MYND domain-containing protein 11 isoform r precursor [Homo sapiens]
NP_006615.2	28.814	59	1.8	31.6	NP_006615.2 zinc finger MYND domain-containing protein 11 isoform a [Homo sapiens]
NP_001357031.1	28.814	59	1.8	31.6	NP_001357031.1 zinc finger MYND domain-containing protein 11 isoform a [Homo sapiens]
NP_001357030.1	28.814	59	1.8	31.6	NP_001357030.1 zinc finger MYND domain-containing protein 11 isoform a [Homo sapiens]
NP_001357029.1	28.814	59	1.8	31.6	NP_001357029.1 zinc finger MYND domain-containing protein 11 isoform a [Homo sapiens]
NP_001357028.1	28.814	59	1.8	31.6	NP_001357028.1 zinc finger MYND domain-containing protein 11 isoform a [Homo sapiens]
NP_001357027.1	28.814	59	1.8	31.6	NP_001357027.1 zinc finger MYND domain-containing protein 11 isoform a [Homo sapiens]
NP_001357026.1	28.814	59	1.8	31.6	NP_001357026.1 zinc finger MYND domain-containing protein 11 isoform a [Homo sapiens]
NP_001071051.2	29.231	65	1.8	31.6	NP_001071051.2 zinc finger MYND domain-containing protein 11 [Danio rerio]
NP_001357044.1	28.814	59	1.8	31.6	NP_001357044.1 zinc finger MYND domain-containing protein 11 isoform j [Homo sapiens]
NP_001357040.1	28.814	59	1.8	31.6	NP_001357040.1 zinc finger MYND domain-containing protein 11 isoform e [Homo sapiens]
NP_001189395.1	28.814	59	1.8	31.6	NP_001189395.1 zinc finger MYND domain-containing protein 11 isoform e [Homo sapiens]
NP_001357039.1	28.814	59	1.8	31.6	NP_001357039.1 zinc finger MYND domain-containing protein 11 isoform d [Homo sapiens]
NP_001189394.1	28.814	59	1.8	31.6	NP_001189394.1 zinc finger MYND domain-containing protein 11 isoform d [Homo sapiens]
NP_001357046.1	28.814	59	1.8	31.6	NP_001357046.1 zinc finger MYND domain-containing protein 11 isoform l [Homo sapiens]
NP_001357038.1	32.000	50	1.8	31.6	NP_001357038.1 zinc finger MYND domain-containing protein 11 isoform c [Homo sapiens]
NP_001357037.1	32.000	50	1.8	31.6	NP_001357037.1 zinc finger MYND domain-containing protein 11 isoform c [Homo sapiens]
NP_001357036.1	32.000	50	1.8	31.6	NP_001357036.1 zinc finger MYND domain-containing protein 11 isoform c [Homo sapiens]
NP_001357035.1	32.000	50	1.8	31.6	NP_001357035.1 zinc finger MYND domain-containing protein 11 isoform c [Homo sapiens]
NP_001357034.1	32.000	50	1.8	31.6	NP_001357034.1 zinc finger MYND domain-containing protein 11 isoform c [Homo sapiens]
NP_001357033.1	32.000	50	1.8	31.6	NP_001357033.1 zinc finger MYND domain-containing protein 11 isoform c [Homo sapiens]
NP_001357032.1	32.000	50	1.8	31.6	NP_001357032.1 zinc finger MYND domain-containing protein 11 isoform c [Homo sapiens]
NP_001189393.1	32.000	50	1.8	31.6	NP_001189393.1 zinc finger MYND domain-containing protein 11 isoform c [Homo sapiens]
NP_001357043.1	28.814	59	1.8	31.6	NP_001357043.1 zinc finger MYND domain-containing protein 11 isoform i [Homo sapiens]
NP_001357042.1	28.814	59	1.8	31.6	NP_001357042.1 zinc finger MYND domain-containing protein 11 isoform i [Homo sapiens]
XP_040550815.1	28.814	59	1.8	31.6	XP_040550815.1 zinc finger MYND domain-containing protein 11 isoform X4 [Gallus gallus]
XP_040550805.1	28.814	59	1.8	31.6	XP_040550805.1 zinc finger MYND domain-containing protein 11 isoform X4 [Gallus gallus]
XP_040550799.1	28.814	59	1.8	31.6	XP_040550799.1 zinc finger MYND domain-containing protein 11 isoform X4 [Gallus gallus]
XP_004939221.1	28.814	59	1.8	31.6	XP_004939221.1 zinc finger MYND domain-containing protein 11 isoform X4 [Gallus gallus]
NP_001357047.1	28.814	59	1.9	31.6	NP_001357047.1 zinc finger MYND domain-containing protein 11 isoform m [Homo sapiens]
NP_001357045.1	28.814	59	1.9	31.6	NP_001357045.1 zinc finger MYND domain-containing protein 11 isoform k [Homo sapiens]
NP_001357051.1	28.814	59	2.0	31.2	NP_001357051.1 zinc finger MYND domain-containing protein 11 isoform q [Homo sapiens]
NP_001357041.1	28.814	59	2.1	31.2	NP_001357041.1 zinc finger MYND domain-containing protein 11 isoform h precursor [Homo sapiens]
NP_001316986.1	28.814	59	2.1	31.2	NP_001316986.1 zinc finger MYND domain-containing protein 11 isoform h precursor [Homo sapiens]
XP_011512792.1	47.826	23	2.4	31.2	XP_011512792.1 bromodomain and PHD finger-containing protein 3 isoform X1 [Homo sapiens]
XP_015154208.2	47.826	23	2.4	31.2	XP_015154208.2 LOW QUALITY PROTEIN: bromodomain and PHD finger-containing protein 3 [Gallus gallus]
XP_047274605.1	47.826	23	2.5	31.2	XP_047274605.1 bromodomain and PHD finger-containing protein 3 isoform X6 [Homo sapiens]
NP_056510.2	47.826	23	2.5	31.2	NP_056510.2 bromodomain and PHD finger-containing protein 3 [Homo sapiens]
XP_011530968.1	55.556	18	2.5	31.2	XP_011530968.1 DNA (cytosine-5)-methyltransferase 3A isoform X6 [Homo sapiens]
XP_015620144.1	57.895	19	2.6	31.2	XP_015620144.1 uncharacterized protein LOC9266094 [Oryza sativa Japonica Group]
NP_001286806.1	29.851	67	2.7	31.2	NP_001286806.1 obscurin, isoform H [Drosophila melanogaster]
NP_715640.2	55.556	18	2.7	30.8	NP_715640.2 DNA (cytosine-5)-methyltransferase 3A isoform b [Homo sapiens]
XP_005163199.1	24.731	93	2.8	30.8	XP_005163199.1 bromodomain-containing protein 1b isoform X1 [Danio rerio]
NP_001286803.1	29.851	67	2.9	30.8	NP_001286803.1 obscurin, isoform E [Drosophila melanogaster]
NP_001014545.3	29.851	67	2.9	30.8	NP_001014545.3 obscurin, isoform D [Drosophila melanogaster]
NP_001097440.1	29.851	67	3.0	30.8	NP_001097440.1 obscurin, isoform C [Drosophila melanogaster]
XP_047299550.1	55.556	18	3.0	30.8	XP_047299550.1 DNA (cytosine-5)-methyltransferase 3A isoform X7 [Homo sapiens]
XP_021330956.1	23.729	118	3.1	30.8	XP_021330956.1 bromodomain-containing protein 1 isoform X2 [Danio rerio]
XP_009298729.1	23.729	118	3.1	30.8	XP_009298729.1 bromodomain-containing protein 1 isoform X2 [Danio rerio]
XP_698063.5	23.729	118	3.1	30.8	XP_698063.5 bromodomain-containing protein 1 isoform X1 [Danio rerio]
XP_021330955.1	23.729	118	3.1	30.8	XP_021330955.1 bromodomain-containing protein 1 isoform X1 [Danio rerio]
XP_021330954.1	23.729	118	3.1	30.8	XP_021330954.1 bromodomain-containing protein 1 isoform X1 [Danio rerio]
XP_021327219.1	23.729	118	3.1	30.8	XP_021327219.1 bromodomain-containing protein 1 isoform X1 [Danio rerio]
XP_047299554.1	55.556	18	3.1	30.8	XP_047299554.1 DNA (cytosine-5)-methyltransferase 3A isoform X8 [Homo sapiens]
XP_047299553.1	55.556	18	3.1	30.8	XP_047299553.1 DNA (cytosine-5)-methyltransferase 3A isoform X8 [Homo sapiens]
XP_047299552.1	55.556	18	3.1	30.8	XP_047299552.1 DNA (cytosine-5)-methyltransferase 3A isoform X8 [Homo sapiens]
XP_016859016.1	55.556	18	3.1	30.8	XP_016859016.1 DNA (cytosine-5)-methyltransferase 3A isoform X8 [Homo sapiens]
XP_011530969.1	55.556	18	3.1	30.8	XP_011530969.1 DNA (cytosine-5)-methyltransferase 3A isoform X8 [Homo sapiens]
NP_001362748.1	55.556	18	3.1	30.8	NP_001362748.1 DNA (cytosine-5)-methyltransferase 3A isoform e [Homo sapiens]
XP_003386062.1	52.632	19	3.1	30.8	XP_003386062.1 DNA (cytosine-5)-methyltransferase 3A-like isoform X1 [Amphimedon queenslandica]
XP_019851113.1	52.632	19	3.1	30.8	XP_019851113.1 DNA (cytosine-5)-methyltransferase 3A-like isoform X2 [Amphimedon queenslandica]
NP_001307822.1	55.556	18	3.2	30.8	NP_001307822.1 DNA (cytosine-5)-methyltransferase 3A isoform d [Homo sapiens]
NP_001268700.1	58.824	17	3.3	30.8	NP_001268700.1 MYND-type zinc finger-containing chromatin reader ZMYND8 isoform e [Homo sapiens]
XP_046758954.1	58.824	17	3.3	30.8	XP_046758954.1 protein kinase C-binding protein 1 isoform X8 [Gallus gallus]
XP_046758953.1	58.824	17	3.3	30.8	XP_046758953.1 protein kinase C-binding protein 1 isoform X8 [Gallus gallus]
XP_046758952.1	58.824	17	3.3	30.8	XP_046758952.1 protein kinase C-binding protein 1 isoform X8 [Gallus gallus]
XP_046758951.1	58.824	17	3.3	30.8	XP_046758951.1 protein kinase C-binding protein 1 isoform X8 [Gallus gallus]
XP_046758950.1	58.824	17	3.3	30.8	XP_046758950.1 protein kinase C-binding protein 1 isoform X8 [Gallus gallus]
XP_046758949.1	58.824	17	3.3	30.8	XP_046758949.1 protein kinase C-binding protein 1 isoform X8 [Gallus gallus]
XP_047299555.1	55.556	18	3.3	30.8	XP_047299555.1 DNA (cytosine-5)-methyltransferase 3A isoform X9 [Homo sapiens]
NP_001268710.1	58.824	17	3.3	30.8	NP_001268710.1 MYND-type zinc finger-containing chromatin reader ZMYND8 isoform o [Homo sapiens]
NP_001268705.1	58.824	17	3.3	30.8	NP_001268705.1 MYND-type zinc finger-containing chromatin reader ZMYND8 isoform j [Homo sapiens]
XP_047299548.1	55.556	18	3.3	30.8	XP_047299548.1 DNA (cytosine-5)-methyltransferase 3A isoform X3 [Homo sapiens]
NP_001268701.1	58.824	17	3.4	30.8	NP_001268701.1 MYND-type zinc finger-containing chromatin reader ZMYND8 isoform f [Homo sapiens]
XP_011530964.1	55.556	18	3.5	30.8	XP_011530964.1 DNA (cytosine-5)-methyltransferase 3A isoform X2 [Homo sapiens]
NP_001268711.1	58.824	17	3.5	30.8	NP_001268711.1 MYND-type zinc finger-containing chromatin reader ZMYND8 isoform p [Homo sapiens]
NP_001268706.1	58.824	17	3.5	30.8	NP_001268706.1 MYND-type zinc finger-containing chromatin reader ZMYND8 isoform k [Homo sapiens]
NP_001350643.1	58.824	17	3.5	30.8	NP_001350643.1 MYND-type zinc finger-containing chromatin reader ZMYND8 isoform s [Homo sapiens]
NP_001268713.1	58.824	17	3.5	30.8	NP_001268713.1 MYND-type zinc finger-containing chromatin reader ZMYND8 isoform r [Homo sapiens]
NP_036540.3	58.824	17	3.5	30.8	NP_036540.3 MYND-type zinc finger-containing chromatin reader ZMYND8 isoform b [Homo sapiens]
NP_001350670.1	58.824	17	3.5	30.8	NP_001350670.1 MYND-type zinc finger-containing chromatin reader ZMYND8 isoform t [Homo sapiens]
NP_898868.1	58.824	17	3.5	30.8	NP_898868.1 MYND-type zinc finger-containing chromatin reader ZMYND8 isoform a [Homo sapiens]
NP_898869.1	58.824	17	3.6	30.8	NP_898869.1 MYND-type zinc finger-containing chromatin reader ZMYND8 isoform c [Homo sapiens]
NP_001268707.1	58.824	17	3.6	30.8	NP_001268707.1 MYND-type zinc finger-containing chromatin reader ZMYND8 isoform l [Homo sapiens]
NP_001268702.1	58.824	17	3.6	30.8	NP_001268702.1 MYND-type zinc finger-containing chromatin reader ZMYND8 isoform g [Homo sapiens]
XP_016859015.1	55.556	18	3.6	30.8	XP_016859015.1 DNA (cytosine-5)-methyltransferase 3A isoform X1 [Homo sapiens]
XP_005264232.1	55.556	18	3.6	30.8	XP_005264232.1 DNA (cytosine-5)-methyltransferase 3A isoform X1 [Homo sapiens]
NP_783328.1	55.556	18	3.6	30.8	NP_783328.1 DNA (cytosine-5)-methyltransferase 3A isoform a [Homo sapiens]
NP_072046.2	55.556	18	3.6	30.8	NP_072046.2 DNA (cytosine-5)-methyltransferase 3A isoform a [Homo sapiens]
NP_001268712.1	58.824	17	3.6	30.8	NP_001268712.1 MYND-type zinc finger-containing chromatin reader ZMYND8 isoform q [Homo sapiens]
NP_001268704.1	58.824	17	3.6	30.8	NP_001268704.1 MYND-type zinc finger-containing chromatin reader ZMYND8 isoform i [Homo sapiens]
NP_191733.3	28.846	104	3.6	30.8	NP_191733.3 SET domain protein 14 [Arabidopsis thaliana]
NP_001020003.2	55.556	18	3.6	30.8	NP_001020003.2 DNA (cytosine-5)-methyltransferase 3A [Gallus gallus]
NP_001268703.1	58.824	17	3.6	30.8	NP_001268703.1 MYND-type zinc finger-containing chromatin reader ZMYND8 isoform h [Homo sapiens]
NP_001268709.1	58.824	17	3.7	30.8	NP_001268709.1 MYND-type zinc finger-containing chromatin reader ZMYND8 isoform n [Homo sapiens]
NP_001268708.1	58.824	17	3.7	30.8	NP_001268708.1 MYND-type zinc finger-containing chromatin reader ZMYND8 isoform m [Homo sapiens]
XP_046794911.1	55.556	18	3.8	30.4	XP_046794911.1 DNA (cytosine-5)-methyltransferase 3A isoform X4 [Gallus gallus]
XP_025004556.1	55.556	18	3.8	30.4	XP_025004556.1 DNA (cytosine-5)-methyltransferase 3A isoform X4 [Gallus gallus]
XP_040553157.1	55.556	18	3.9	30.4	XP_040553157.1 DNA (cytosine-5)-methyltransferase 3A isoform X1 [Gallus gallus]
XP_040553159.1	55.556	18	3.9	30.4	XP_040553159.1 DNA (cytosine-5)-methyltransferase 3A isoform X5 [Gallus gallus]
XP_025004555.1	55.556	18	3.9	30.4	XP_025004555.1 DNA (cytosine-5)-methyltransferase 3A isoform X3 [Gallus gallus]
XP_011530966.1	55.556	18	4.0	30.4	XP_011530966.1 DNA (cytosine-5)-methyltransferase 3A isoform X5 [Homo sapiens]
XP_040553158.1	55.556	18	4.0	30.4	XP_040553158.1 DNA (cytosine-5)-methyltransferase 3A isoform X2 [Gallus gallus]
XP_047299549.1	55.556	18	4.2	30.4	XP_047299549.1 DNA (cytosine-5)-methyltransferase 3A isoform X4 [Homo sapiens]
NP_001078326.1	28.846	104	4.4	30.4	NP_001078326.1 SET domain protein 14 [Arabidopsis thaliana]
XP_009291474.1	55.556	18	4.4	30.4	XP_009291474.1 DNA (cytosine-5)-methyltransferase 3A isoform X3 [Danio rerio]
XP_068070510.1	55.556	18	4.4	30.4	XP_068070510.1 DNA (cytosine-5)-methyltransferase 3A isoform X2 [Danio rerio]
NP_651881.2	56.250	16	4.4	30.4	NP_651881.2 zinc finger MYND-type containing 8, isoform C [Drosophila melanogaster]
XP_068070509.1	55.556	18	4.5	30.4	XP_068070509.1 DNA (cytosine-5)-methyltransferase 3A isoform X1 [Danio rerio]
NP_001315096.1	55.556	18	4.5	30.4	NP_001315096.1 DNA (cytosine-5)-methyltransferase 3A isoform 1 [Danio rerio]
NP_191866.3	38.298	47	4.6	30.4	NP_191866.3 Tudor/PWWP/MBT domain-containing protein [Arabidopsis thaliana]
NP_013758.1	36.585	41	4.9	30.0	NP_013758.1 Ioc4p [Saccharomyces cerevisiae S288C]
XP_011511862.1	22.772	101	4.9	30.4	XP_011511862.1 histone-lysine N-methyltransferase NSD2 isoform X5 [Homo sapiens]
XP_002293022.1	33.333	36	4.9	30.4	XP_002293022.1 predicted protein [Thalassiosira pseudonana CCMP1335]
XP_005162003.1	62.500	16	4.9	30.4	XP_005162003.1 protein kinase C binding protein 1, like isoform X3 [Danio rerio]
NP_955935.2	62.500	16	4.9	30.4	NP_955935.2 protein kinase C binding protein 1, like [Danio rerio]
XP_009294937.1	62.500	16	5.0	30.4	XP_009294937.1 protein kinase C binding protein 1, like isoform X1 [Danio rerio]
XP_009294939.1	62.500	16	5.0	30.4	XP_009294939.1 protein kinase C binding protein 1, like isoform X4 [Danio rerio]
XP_068072781.1	62.500	16	5.1	30.0	XP_068072781.1 protein kinase C binding protein 1, like isoform X2 [Danio rerio]
XP_005162002.1	62.500	16	5.1	30.0	XP_005162002.1 protein kinase C binding protein 1, like isoform X2 [Danio rerio]
XP_005162001.1	62.500	16	5.1	30.0	XP_005162001.1 protein kinase C binding protein 1, like isoform X2 [Danio rerio]
NP_850485.2	61.111	18	5.2	30.0	NP_850485.2 Tudor/PWWP/MBT domain-containing protein [Arabidopsis thaliana]
NP_001324922.1	61.111	18	5.2	30.0	NP_001324922.1 Tudor/PWWP/MBT domain-containing protein [Arabidopsis thaliana]
NP_001330849.1	55.556	18	5.6	30.0	NP_001330849.1 Tudor/PWWP/MBT domain-containing protein [Arabidopsis thaliana]
NP_733442.1	56.250	16	5.6	30.0	NP_733442.1 zinc finger MYND-type containing 8, isoform B [Drosophila melanogaster]
NP_001269168.1	55.000	20	5.6	30.0	NP_001269168.1 PWWP domain-containing DNA repair factor 3A [Gallus gallus]
XP_068070511.1	55.556	18	5.8	30.0	XP_068070511.1 DNA (cytosine-5)-methyltransferase 3A isoform X4 [Danio rerio]
XP_009291475.1	55.556	18	5.8	30.0	XP_009291475.1 DNA (cytosine-5)-methyltransferase 3A isoform X4 [Danio rerio]
NP_001018150.1	55.556	18	5.8	30.0	NP_001018150.1 DNA (cytosine-5)-methyltransferase 3A isoform 2 [Danio rerio]
NP_197706.1	55.556	18	6.1	30.0	NP_197706.1 Tudor/PWWP/MBT domain-containing protein [Arabidopsis thaliana]
NP_001330848.1	55.556	18	6.1	30.0	NP_001330848.1 Tudor/PWWP/MBT domain-containing protein [Arabidopsis thaliana]
XP_011404721.2	30.435	46	6.7	30.0	XP_011404721.2 flocculation protein FLO11-like [Amphimedon queenslandica]
XP_068071542.1	60.000	15	6.8	30.0	XP_068071542.1 DNA (cytosine-5-)-methyltransferase 3 alpha a isoform X2 [Danio rerio]
XP_005160915.1	60.000	15	6.9	30.0	XP_005160915.1 DNA (cytosine-5-)-methyltransferase 3 alpha a isoform X1 [Danio rerio]
NP_610795.1	29.825	57	7.0	29.6	NP_610795.1 uncharacterized protein Dmel_CG8569 [Drosophila melanogaster]
NP_196440.1	55.556	18	7.7	29.6	NP_196440.1 tudor/PWWP/MBT domain protein [Arabidopsis thaliana]
NP_001018144.1	60.000	15	8.0	29.6	NP_001018144.1 DNA (cytosine-5-)-methyltransferase 3 alpha a [Danio rerio]
XP_032218144.1	25.397	63	8.2	29.6	XP_032218144.1 PWWP domain-containing DNA repair factor 3A isoform X1 [Nematostella vectensis]
XP_001637771.2	25.397	63	8.3	29.6	XP_001637771.2 uncharacterized protein LOC5517775 isoform X2 [Nematostella vectensis]
XP_011512793.1	52.381	21	8.9	29.6	XP_011512793.1 bromodomain and PHD finger-containing protein 3 isoform X2 [Homo sapiens]
XP_965457.1	36.364	22	9.2	29.3	XP_965457.1 PWWP domain-containing protein [Neurospora crassa OR74A]
NP_001336871.1	43.478	23	9.2	29.3	NP_001336871.1 bromodomain-containing protein 1 isoform 5 [Homo sapiens]
XP_641286.1	45.000	20	9.5	29.3	XP_641286.1 hypothetical protein DDB_G0280177 [Dictyostelium discoideum AX4]
NP_001381479.1	43.478	23	9.6	29.3	NP_001381479.1 bromodomain-containing protein 1 isoform 8 [Homo sapiens]
XP_068080447.1	43.478	23	9.6	29.3	XP_068080447.1 bromodomain and PHD finger-containing protein 3 isoform X1 [Danio rerio]
XP_068074759.1	43.478	23	9.6	29.3	XP_068074759.1 bromodomain and PHD finger-containing protein 3 isoform X1 [Danio rerio]
XP_021335519.1	43.478	23	9.6	29.3	XP_021335519.1 bromodomain and PHD finger-containing protein 3 isoform X1 [Danio rerio]
XP_005169382.1	43.478	23	9.6	29.3	XP_005169382.1 bromodomain and PHD finger-containing protein 3 isoform X1 [Danio rerio]
