tree_tip	trait
Abortiporus_biennis	none
Abrus_precatorius	Tudor_single_exon
Abscondita_terminalis	none
Acanthamoeba_castellanii_str._Neff	none
Acanthaster_planci	PWWP_2_exon
Acanthopagrus_latus	PWWP_2_exon
Acanthoscelides_obtectus	none
Acarospora_aff._strigata	none
Acaulospora_colombiana	none
Accipiter_gentilis	PWWP_2_exon
Acephala_macrosclerotiorum	none
Acidomyces_richmondensis_BFW	none
Acinonyx_jubatus	PWWP_2_exon
Acomys_russatus	PWWP_2_exon
Acrocephalus_arundinaceus	PWWP_2_exon
Acropora_digitifera	PWWP_2_exon
Acropora_millepora	PWWP_2_exon
Adelges_cooleyi	none
Adiantum_nelumboides	none
Aedes_aegypti	none
Aegilops_tauschii_subsp._tauschii	Tudor_single_exon
Agaricus_bisporus_var._burnettii	none
Agrilus_planipennis	none
Ailuropoda_melanoleuca	PWWP_2_exon
Akanthomyces_lecanii_RCEF_1005	none
Alca_torda	PWWP_2_exon
Aleadryas_rufinucha	PWWP_2_exon
Alectoria_sarmentosa	none
Alectura_lathami	PWWP_2_exon
Alligator_mississippiensis	PWWP_2_exon
Alligator_sinensis	none
Alosa_sapidissima	PWWP_2_exon
Amanita_muscaria_Koide_BX008	none
Amazona_aestiva	PWWP_3plus_exon
Ambispora_leptoticha	none
Amblyraja_radiata	PWWP_2_exon
Amborella_trichopoda	Tudor_single_exon
Ambrosiozyma_monospora	none
Ameiurus_melas	PWWP_2_exon
Amia_calva	none
Amorphotheca_resinae_ATCC_22711	none
Amphibalanus_amphitrite	none
Amphimedon_queenslandica	none
Amyelois_transitella	none
Amylostereum_chailletii	none
Anabas_testudineus	PWWP_2_exon
Anaeromyces_robustus	none
Ananas_comosus	Tudor_single_exon
Anarrhichthys_ocellatus	PWWP_2_exon
Andrographis_paniculata	Tudor_single_exon
Anguilla_anguilla	PWWP_2_exon
Anhinga_anhinga	PWWP_2_exon
Anisodus_acutangulus	Tudor_single_exon
Anneissia_japonica	PWWP_2_exon
Annulohypoxylon_stygium	none
Anolis_carolinensis	PWWP_2_exon
Anopheles_darlingi	none
Anopheles_moucheti	none
Anopheles_nili	none
Anoplophora_glabripennis	none
Anoplopoma_fimbria	PWWP_2_exon
Anseranas_semipalmata	PWWP_2_exon
Antechinus_flavipes	PWWP_2_exon
Antrostomus_carolinensis	PWWP_3plus_exon
Aphelocoma_coerulescens	PWWP_2_exon
Aphis_craccivora	none
Aphis_glycines	none
Aphis_gossypii	none
Apis_cerana_cerana	none
Apis_florea	none
Apis_mellifera	none
Aplosporella_prunicola_CBS_121167	none
Aplysia_californica	PWWP_2_exon
Apostasia_shenzhenica	Tudor_single_exon
Apostichopus_japonicus	none
Aptenodytes_forsteri	none
Aptenodytes_patagonicus	PWWP_2_exon
Apteryx_rowi	PWWP_2_exon
Aquilegia_coerulea	Tudor_2_exon
Arabidopsis_lyrata_subsp._lyrata	Tudor_single_exon
Arabidopsis_thaliana	Tudor_single_exon
Arabis_alpina	Tudor_3plus_exon
Arachis_hypogaea	Tudor_2_exon
Archocentrus_centrarchus	PWWP_2_exon
Arctia_plantaginis	none
Arenaria_interpres	PWWP_3plus_exon
Argiope_bruennichi	none
Armadillidium_nasatum	PWWP_2_exon
Armillaria_borealis	none
Armillaria_fumosa	none
Armillaria_gallica	none
Armillaria_luteobubalina	none
Armillaria_nabsnona	none
Armillaria_novae-zelandiae	none
Armillaria_ostoyae	none
Armillaria_solidipes	none
Artemisia_annua	Tudor_single_exon
Arthroderma_uncinatum	none
Artibeus_jamaicensis	PWWP_2_exon
Artomyces_pyxidatus	none
Arvicanthis_niloticus	PWWP_2_exon
Arvicola_amphibius	PWWP_2_exon
Ascoidea_rubescens_DSM_1968	none
Ascosphaera_apis_ARSEF_7405	none
Asparagus_officinalis	Tudor_single_exon
Aspergillus_aculeatinus_CBS_121060	none
Aspergillus_aculeatus_ATCC_16872	none
Aspergillus_arachidicola	none
Aspergillus_bombycis	none
Aspergillus_brasiliensis_CBS_101740	none
Aspergillus_brunneoviolaceus_CBS_621.78	none
Aspergillus_caelatus	none
Aspergillus_calidoustus	none
Aspergillus_campestris_IBT_28561	none
Aspergillus_candidus	none
Aspergillus_carbonarius_ITEM_5010	none
Aspergillus_chevalieri	none
Aspergillus_clavatus_NRRL_1	none
Aspergillus_costaricaensis_CBS_115574	none
Aspergillus_cristatus	none
Aspergillus_ellipticus_CBS_707.79	none
Aspergillus_eucalypticola_CBS_122712	none
Aspergillus_fijiensis_CBS_313.89	none
Aspergillus_fischeri_NRRL_181	none
Aspergillus_flavus_AF70	none
Aspergillus_fumigatus_var._RP-2014	none
Aspergillus_hancockii	none
Aspergillus_heteromorphus_CBS_117.55	none
Aspergillus_homomorphus_CBS_101889	none
Aspergillus_ibericus_CBS_121593	none
Aspergillus_indologenus_CBS_114.80	none
Aspergillus_japonicus_CBS_114.51	none
Aspergillus_lentulus	none
Aspergillus_luchuensis_CBS_106.47	none
Aspergillus_mulundensis	none
Aspergillus_neoniger_CBS_115656	none
Aspergillus_nidulans_FGSC_A4	none
Aspergillus_niger_CBS_513.88	none
Aspergillus_nomiae_NRRL_13137	none
Aspergillus_novofumigatus_IBT_16806	none
Aspergillus_ochraceoroseus_IBT_24754	none
Aspergillus_oryzae_var._brunneus	none
Aspergillus_parasiticus_SU-1	none
Aspergillus_piperis_CBS_112811	none
Aspergillus_rambellii	none
Aspergillus_ruber_CBS_135680	none
Aspergillus_saccharolyticus_JOP_1030-1	none
Aspergillus_sclerotiicarbonarius_CBS_121057	none
Aspergillus_sclerotioniger_CBS_115572	none
Aspergillus_steynii_IBT_23096	none
Aspergillus_sydowii_CBS_593.65	none
Aspergillus_taichungensis	none
Aspergillus_tanneri	none
Aspergillus_terreus_NIH2624	none
Aspergillus_tubingensis_CBS_134.48	none
Aspergillus_turcosus	none
Aspergillus_udagawae	none
Aspergillus_uvarum_CBS_121591	none
Aspergillus_vadensis_CBS_113365	none
Aspergillus_versicolor_CBS_583.65	none
Aspergillus_welwitschiae	none
Aspergillus_wentii_DTO_134E9	none
Astraeus_odoratus	none
Astyanax_mexicanus	PWWP_2_exon
Athalia_rosae	none
Athene_cunicularia	PWWP_2_exon
Atlantisia_rogersi	none
Atrichornis_clamosus	PWWP_2_exon
Atta_cephalotes	none
Aureobasidium_melanogenum_CBS_110374	none
Aureobasidium_namibiae_CBS_147.97	none
Aureobasidium_pullulans_EXF-150	none
Aureobasidium_subglaciale_EXF-2481	none
Aureococcus_anophagefferens	Tudor_single_exon
Auriculariopsis_ampla	none
Auriscalpium_vulgare	none
Austropuccinia_psidii_MF-1	none
Babesia_bovis_T2Bo	none
Babesia_caballi	none
Babesia_microti_strain_RI	none
Babesia_ovata	none
Babesia_ovis	none
Babjeviella_inositovora_NRRL_Y-12698	none
Bactrocera_neohumeralis	none
Bactrocera_tryoni	none
Bagarius_yarrelli	PWWP_single_exon
Balaeniceps_rex	PWWP_2_exon
Balaenoptera_physalus	PWWP_2_exon
Balearica_regulorum_gibbericeps	PWWP_2_exon
Bambusicola_thoracicus	PWWP_2_exon
Batrachochytrium_dendrobatidis_JAM81	none
Baudoinia_panamericana_UAMH_10762	none
Beauveria_bassiana_ARSEF_2860	none
Beauveria_brongniartii_RCEF_3172	none
Belonocnema_kinseyi	none
Beta_vulgaris_subsp._vulgaris	Tudor_single_exon
Betta_splendens	PWWP_2_exon
Bicyclus_anynana	none
Biomphalaria_glabrata	PWWP_2_exon
Bison_bison_bison	PWWP_2_exon
Blastomyces_dermatitidis_ATCC_18188	none
Blastomyces_gilchristii_SLH14081	none
Blastomyces_parvus	none
Blastomyces_percursus	none
Blumeria_graminis_f._sp._triticale	none
Bodo_saltans	none
Boeremia_exigua	none
Boleophthalmus_pectinirostris	PWWP_2_exon
Boletus_edulis_BED1	none
Boletus_reticuloceps	none
Bombina_bombina	PWWP_2_exon
Bombus_bifarius	none
Bombus_terrestris	none
Bombyx_mandarina	none
Bondarzewia_mesenterica	none
Bos_indicus	PWWP_2_exon
Botryosphaeria_dothidea	none
Botryotinia_convoluta	none
Botryotinia_narcissicola	none
Botrytis_byssoidea	none
Botrytis_cinerea_B05.10	none
Botrytis_elliptica	none
Botrytis_galanthina	none
Botrytis_hyacinthi	none
Botrytis_paeoniae	none
Botrytis_porri	none
Botrytis_sinoallii	none
Botrytis_tulipae	none
Brachionus_plicatilis	none
Brachypteracias_leptosomus	PWWP_2_exon
Branchiostoma_belcheri	PWWP_2_exon
Brassica_napus	Tudor_single_exon
Brenthis_ino	none
Brettanomyces_bruxellensis_AWRI1499	none
Brienomyrus_brachyistius	PWWP_2_exon
Bubalus_bubalis	PWWP_2_exon
Bubalus_carabanensis	PWWP_2_exon
Buceros_rhinoceros_silvestris	PWWP_2_exon
Bucorvus_abyssinicus	PWWP_2_exon
Burhinus_bistriatus	PWWP_2_exon
Byssothecium_circinans	none
Cadophora_malorum	none
Cadophora_sp._DSE1049	none
Caenorhabditis_brenneri	none
Caenorhabditis_briggsae	none
Caenorhabditis_elegans	none
Calcarius_ornatus	PWWP_2_exon
Calidris_pugnax	PWWP_2_exon
Callaeas_wilsoni	PWWP_2_exon
Callipepla_squamata	PWWP_2_exon
Callorhinchus_milii	PWWP_2_exon
Callorhinus_ursinus	PWWP_2_exon
Callosobruchus_maculatus	none
Caloenas_nicobarica	PWWP_2_exon
Caloplaca_aegaea	none
Calypte_anna	PWWP_2_exon
Calyptomena_viridis	PWWP_2_exon
Camelina_sativa	Tudor_single_exon
Camellia_sinensis_var._sinensis	Tudor_single_exon
Camelus_dromedarius	PWWP_2_exon
Camelus_ferus	PWWP_2_exon
Camponotus_floridanus	none
Campylorhamphus_procurvoides	PWWP_3plus_exon
Candida_albicans_WO-1	none
Candida_dubliniensis_CD36	none
Candida_orthopsilosis_Co_90-125	none
Candida_parapsilosis	none
Candida_tropicalis_MYA-3404	none
Cannabis_sativa	Tudor_single_exon
Capitella_teleta	PWWP_2_exon
Capra_hircus	PWWP_2_exon
Capronia_coronata_CBS_617.96	none
Capronia_epimyces_CBS_606.96	none
Capsaspora_owczarzaki_ATCC_30864	none
Carassius_gibelio	PWWP_2_exon
Carcharodon_carcharias	PWWP_2_exon
Cardinalis_cardinalis	PWWP_2_exon
Caretta_caretta	PWWP_2_exon
Carex_littledalei	Tudor_single_exon
Cariama_cristata	PWWP_2_exon
Carica_papaya	Tudor_single_exon
Carlito_syrichta	PWWP_2_exon
Carpediemonas_membranifera	none
Carpinus_fangiana	Tudor_single_exon
Carya_illinoinensis	Tudor_single_exon
Castanea_mollissima	none
Castor_canadensis	PWWP_2_exon
Casuarius_casuarius	PWWP_2_exon
Cataglyphis_hispanica	none
Cathartes_aura	PWWP_2_exon
Catharus_fuscescens	PWWP_3plus_exon
Catharus_ustulatus	PWWP_2_exon
Cenococcum_geophilum_1.58	none
Centruroides_sculpturatus	PWWP_2_exon
Cephalopterus_ornatus	PWWP_3plus_exon
Cephalotus_follicularis	Tudor_single_exon
Ceratina_calcarata	none
Ceratitis_capitata	none
Ceratocystis_fimbriata_CBS_114723	none
Ceratocystis_platani	none
Ceratotherium_simum_simum	PWWP_2_exon
Cercotrichas_coryphoeus	PWWP_2_exon
Cerioporus_squamosus	none
Certhia_brachydactyla	PWWP_2_exon
Certhia_familiaris	PWWP_2_exon
Cervus_canadensis	PWWP_2_exon
Cetraspora_pellucida	none
Cettia_cetti	PWWP_2_exon
Ceutorhynchus_assimilis	none
Ceyx_cyanopectus	PWWP_2_exon
Chaetoceros_tenuissimus	Tudor_single_exon
Chaetomium_globosum_CBS_148.51	none
Chaetorhynchus_papuensis	PWWP_2_exon
Chaetura_pelagica	PWWP_2_exon
Channa_argus	PWWP_3plus_exon
Chanos_chanos	PWWP_2_exon
Chara_braunii	Tudor_2_exon
Charadrius_vociferus	PWWP_2_exon
Chauna_torquata	PWWP_3plus_exon
Chelmon_rostratus	PWWP_2_exon
Chiloscyllium_punctatum	none
Chionis_minor	PWWP_2_exon
Chionoecetes_opilio	none
Chionomys_nivalis	PWWP_2_exon
Chlamydotis_macqueenii	PWWP_3plus_exon
Chloebia_gouldiae	PWWP_2_exon
Chlorella_vulgaris	Tudor_2_exon
Chlorocebus_sabaeus	PWWP_2_exon
Chloroceryle_aenea	PWWP_2_exon
Chlorociboria_aeruginascens	none
Chloropsis_hardwickii	PWWP_2_exon
Chondrus_crispus	none
Chroicocephalus_maculipennis	none
Chrysochloris_asiatica	PWWP_2_exon
Chunga_burmeisteri	PWWP_2_exon
Chytriomyces_hyalinus	none
Cichorium_endivia	none
Cimex_lectularius	none
Cinara_cedri	none
Cinclus_mexicanus	PWWP_2_exon
Citrus_clementina	Tudor_single_exon
Citrus_sinensis	Tudor_single_exon
Cladophialophora_bantiana_CBS_173.52	none
Cladophialophora_carrionii_CBS_160.54	none
Cladophialophora_immunda	none
Cladophialophora_psammophila_CBS_110553	none
Cladophialophora_yegresii_CBS_114405	none
Clarias_gariepinus	PWWP_2_exon
Claviceps_purpurea_20.1	none
Clavispora_lusitaniae_ATCC_42720	none
Cloeon_dipterum	none
Clohesyomyces_aquaticus	none
Closterium_sp._NIES-67	Tudor_single_exon
Clunio_marinus	none
Clupea_harengus	PWWP_2_exon
Coccidioides_immitis_RS	none
Coccidioides_posadasii_RMSCC_3488	none
Coccomyxa_subellipsoidea_C-169	Tudor_single_exon
Cochlearius_cochlearius	PWWP_2_exon
Cocos_nucifera	none
Coffea_arabica	Tudor_single_exon
Coffea_eugenioides	Tudor_single_exon
Coleophoma_crateriformis	none
Coleophoma_cylindrospora	none
Colias_croceus	none
Colinus_virginianus	PWWP_2_exon
Colletes_gigas	none
Colletotrichum_asianum	none
Colletotrichum_chlorophyti	none
Colletotrichum_fioriniae_PJ7	none
Colletotrichum_fructicola_Nara_gc5	none
Colletotrichum_gloeosporioides_Cg-14	none
Colletotrichum_graminicola_M1.001	none
Colletotrichum_higginsianum_IMI_349063	none
Colletotrichum_incanum	none
Colletotrichum_nymphaeae_SA-01	none
Colletotrichum_orbiculare_MAFF_240422	none
Colletotrichum_orchidophilum	none
Colletotrichum_salicis	none
Colletotrichum_siamense	none
Colletotrichum_simmondsii	none
Colletotrichum_sublineola	none
Colletotrichum_tofieldiae	none
Colletotrichum_truncatum	none
Colobus_angolensis_palliatus	none
Colocasia_esculenta	Tudor_single_exon
Colossoma_macropomum	PWWP_2_exon
Columba_livia	PWWP_2_exon
Columbina_picui	PWWP_2_exon
Condylura_cristata	PWWP_2_exon
Conger_conger	PWWP_2_exon
Coniella_lustricola	none
Coniochaeta_hoffmannii	none
Coniophora_puteana_RWD-64-598_SS2	none
Coniosporium_apollinis_CBS_100218	none
Contarinia_nasturtii	none
Coprinopsis_cinerea_AmutBmut_pab1-1	none
Coprinopsis_marcescibilis	none
Coptotermes_formosanus	PWWP_3plus_exon
Corchorus_capsularis	Tudor_single_exon
Corchorus_olitorius	Tudor_single_exon
Cordyceps_fumosorosea_ARSEF_2679	none
Cordyceps_militaris_CM01	none
Cordyceps_sp._RAO-2017	none
Coregonus_clupeaformis	PWWP_2_exon
Corvus_brachyrhynchos	PWWP_3plus_exon
Corvus_hawaiiensis	PWWP_2_exon
Corvus_kubaryi	PWWP_2_exon
Corvus_moneduloides	PWWP_2_exon
Corynespora_cassiicola_Philippines	none
Coryphaenoides_rupestris	PWWP_3plus_exon
Corythaeola_cristata	PWWP_2_exon
Corythoichthys_intestinalis	PWWP_2_exon
Cottoperca_gobio	PWWP_2_exon
Crassostrea_angulata	PWWP_2_exon
Crepidotus_variabilis	none
Cricetulus_griseus	PWWP_2_exon
Crocodylus_porosus	PWWP_2_exon
Cronartium_quercuum_f._sp._fusiforme_G11	none
Crotalus_tigris	PWWP_2_exon
Crucibulum_laeve	none
Cryptococcus_gattii_CA1280	none
Cryptococcus_neoformans	none
Cryptotermes_secundus	PWWP_2_exon
Ctenocephalides_felis	none
Cuculus_canorus	PWWP_2_exon
Cucumis_melo	Tudor_single_exon
Cucurbita_maxima	Tudor_single_exon
Cucurbita_moschata	Tudor_single_exon
Cucurbita_pepo_subsp._pepo	Tudor_single_exon
Culex_pipiens_pallens	none
Culex_quinquefasciatus	none
Cuscuta_australis	Tudor_3plus_exon
Cyanidioschyzon_merolae_strain_10D	none
Cyanistes_caeruleus	PWWP_2_exon
Cyberlindnera_fabianii	none
Cygnus_olor	PWWP_2_exon
Cynoglossus_semilaevis	PWWP_2_exon
Cyphellophora_europaea_CBS_101466	none
Cyphomyrmex_costatus	none
Cyprideis_torosa	none
Cyprinodon_tularosa	PWWP_2_exon
Cyprinodon_variegatus	PWWP_2_exon
Dacryopinax_primogenitus	none
Dactylonectria_macrodidyma	none
Daedaleopsis_nitida	none
Daktulosphaira_vitifoliae	none
Daldinia_eschscholtzii	none
Daldinia_sp._EC12	none
Danio_aesculapii	PWWP_2_exon
Danio_rerio	PWWP_2_exon
Danionella_translucida	PWWP_3plus_exon
Daphnia_pulex	PWWP_single_exon
Daphoenositta_chrysoptera	PWWP_2_exon
Darwinula_stevensoni	PWWP_3plus_exon
Dasypus_novemcinctus	PWWP_2_exon
Daucus_carota_subsp._sativus	Tudor_single_exon
Debaryomyces_fabryi	none
Dendrobium_catenatum	none
Dendroctonus_ponderosae	none
Dendronephthya_gigantea	none
Denticeps_clupeoides	PWWP_2_exon
Dentipellis_fragilis	none
Diacronema_lutheri	none
Diaporthe_ampelina	none
Diaporthe_eres	none
Diaporthe_helianthi	none
Dicaeum_eximium	PWWP_2_exon
Dicentrarchus_labrax	PWWP_2_exon
Dichanthelium_oligosanthes	Tudor_2_exon
Dichomitus_squalens_LYAD-421_SS1	none
Dicrurus_megarhynchus	PWWP_2_exon
Digitaria_exilis	Tudor_single_exon
Dinoponera_quadriceps	none
Dioscorea_cayenensis_subsp._rotundata	Tudor_single_exon
Diospyros_lotus	Tudor_single_exon
Diphasiastrum_complanatum	Tudor_3plus_exon
Diplocarpon_rosae	none
Diplodia_corticola	none
Diplodia_seriata	none
Diplonema_papillatum	none
Diploschistes_diacapsis	none
Dipodomys_spectabilis	PWWP_2_exon
Diprion_similis	none
Dissostichus_eleginoides	PWWP_2_exon
Diuraphis_noxia	none
Diversispora_eburnea	none
Donacobius_atricapilla	PWWP_2_exon
Dothistroma_septosporum_NZE10	none
Drechmeria_coniospora	none
Drechslerella_brochopaga	none
Dreissena_polymorpha	PWWP_2_exon
Dromas_ardeola	PWWP_2_exon
Dromiciops_gliroides	PWWP_2_exon
Drosophila_albomicans	none
Drosophila_ananassae	none
Drosophila_arizonae	none
Drosophila_biarmipes	none
Drosophila_bipectinata	none
Drosophila_birchii	none
Drosophila_busckii	none
Drosophila_elegans	none
Drosophila_erecta	none
Drosophila_eugracilis	none
Drosophila_ficusphila	none
Drosophila_grimshawi	none
Drosophila_guanche	none
Drosophila_gunungcola	none
Drosophila_hydei	none
Drosophila_immigrans	none
Drosophila_innubila	none
Drosophila_kikkawai	none
Drosophila_melanogaster	none
Drosophila_mojavensis	none
Drosophila_navojoa	none
Drosophila_novamexicana	none
Drosophila_obscura	none
Drosophila_persimilis	none
Drosophila_pseudoobscura	none
Drosophila_rhopaloa	none
Drosophila_rubida	none
Drosophila_sechellia	none
Drosophila_serrata	none
Drosophila_simulans	none
Drosophila_subobscura	none
Drosophila_takahashii	none
Drosophila_teissieri	none
Drosophila_virilis	none
Drosophila_willistoni	none
Drosophila_yakuba	none
Drymodes_brunneopygia	PWWP_2_exon
Dryobates_pubescens	PWWP_2_exon
Dryoscopus_gambensis	PWWP_2_exon
Dufourea_novaeangliae	none
Dunaliella_salina	Tudor_2_exon
Dunckerocampus_dactyliophorus	PWWP_2_exon
Durio_zibethinus	Tudor_single_exon
Earliella_scabrosa	none
Echeneis_naucrates	PWWP_2_exon
Echinococcus_granulosus	none
Echinococcus_multilocularis	none
Echinops_telfairi	PWWP_2_exon
Eciton_burchellii	none
Edaphochlamys_debaryana	none
Egretta_garzetta	PWWP_2_exon
Eimeria_tenella	none
Electrophorus_electricus	PWWP_2_exon
Elephantulus_edwardii	PWWP_2_exon
Eleutherodactylus_coqui	PWWP_2_exon
Elsinoe_australis	none
Emberiza_fucata	PWWP_2_exon
Emergomyces_pasteurianus_Ep9510	none
Emmonsia_crescens_UAMH_3008	none
Endocarpon_pusillum	none
Entamoeba_histolytica_KU27	none
Entomophthora_muscae	none
Eolophus_roseicapilla	PWWP_3plus_exon
Epicoccum_nigrum	none
Epinephelus_fuscoguttatus	PWWP_2_exon
Epithele_typhae	none
Equus_asinus	PWWP_2_exon
Equus_quagga	PWWP_2_exon
Eragrostis_curvula	Tudor_single_exon
Eremothecium_cymbalariae_DBVPG#7215	none
Eremothecium_gossypii_FDAG1	none
Eremothecium_sinecaudum	none
Eretmocerus_hayati	none
Erithacus_rubecula	PWWP_2_exon
Erpetoichthys_calabaricus	PWWP_2_exon
Erpornis_zantholeuca	PWWP_3plus_exon
Erysiphe_pulchra	none
Erythranthe_guttata	Tudor_3plus_exon
Eschrichtius_robustus	PWWP_2_exon
Escovopsis_weberi	none
Etheostoma_cragini	PWWP_2_exon
Eublepharis_macularius	PWWP_2_exon
Eucalyptus_grandis	Tudor_single_exon
Eudromia_elegans	PWWP_2_exon
Eudyptes_chrysolophus	PWWP_2_exon
Eudyptes_filholi	PWWP_2_exon
Eudyptes_robustus	PWWP_2_exon
Eudyptes_schlegeli	PWWP_2_exon
Eudyptes_sclateri	PWWP_2_exon
Eudyptula_albosignata	PWWP_2_exon
Eudyptula_minor	PWWP_2_exon
Eufriesea_mexicana	none
Eulacestoma_nigropectus	PWWP_2_exon
Eumetopias_jubatus	PWWP_2_exon
Euphydryas_editha	none
Eurypyga_helias	PWWP_2_exon
Eurystomus_gularis	PWWP_3plus_exon
Eurytemora_affinis	PWWP_2_exon
Eutrema_salsugineum	Tudor_single_exon
Exophiala_aquamarina_CBS_119918	none
Exophiala_dermatitidis_NIH/UT8656	none
Exophiala_mesophila	none
Exophiala_oligosperma	none
Exophiala_sideris	none
Exophiala_xenobiotica	none
Falco_biarmicus	PWWP_2_exon
Falco_cherrug	PWWP_2_exon
Falco_peregrinus	PWWP_2_exon
Falco_rusticolus	PWWP_2_exon
Fasciola_gigantica	none
Fasciola_hepatica	none
Folsomia_candida	none
Fomes_fomentarius	none
Fomitiporia_mediterranea_MF3/22	none
Fomitopsis_betulina	none
Fonsecaea_erecta	none
Fonsecaea_multimorphosa_CBS_102226	none
Fonsecaea_nubica	none
Fonsecaea_pedrosoi_CBS_271.37	none
Formica_exsecta	none
Formicarius_rufipectus	PWWP_2_exon
Fragilariopsis_cylindrus_CCMP1102	none
Frankliniella_occidentalis	PWWP_2_exon
Fregata_magnificens	PWWP_2_exon
Frieseomelitta_varia	none
Fukomys_damarensis	PWWP_2_exon
Fulmarus_glacialis	PWWP_3plus_exon
Fulvia_fulva	none
Fundulus_heteroclitus	PWWP_2_exon
Funneliformis_caledonium	none
Funneliformis_geosporum	none
Funneliformis_mosseae	none
Furnarius_figulus	PWWP_3plus_exon
Fusarium_albosuccineum	none
Fusarium_ambrosium	none
Fusarium_avenaceum	none
Fusarium_beomiforme	none
Fusarium_coffeatum	none
Fusarium_decemcellulare	none
Fusarium_euwallaceae	none
Fusarium_falciforme	none
Fusarium_flagelliforme	none
Fusarium_floridanum	none
Fusarium_fujikuroi_IMI_58289	none
Fusarium_gaditjirri	none
Fusarium_graminearum_PH-1	none
Fusarium_heterosporum	none
Fusarium_langsethiae	none
Fusarium_longipes	none
Fusarium_oligoseptatum	none
Fusarium_oxysporum_f._sp._rapae	none
Fusarium_proliferatum_ET1	none
Fusarium_pseudograminearum_CS3096	none
Fusarium_sp._AF-6	none
Fusarium_sporotrichioides	none
Fusarium_torreyae	none
Fusarium_tricinctum	none
Gadus_chalcogrammus	PWWP_2_exon
Gadus_morhua	PWWP_2_exon
Gaeumannomyces_tritici_R3-111a-1	none
Galdieria_sulphuraria	none
Galeopterus_variegatus	PWWP_2_exon
Galerina_marginata_CBS_339.88	none
Gallus_gallus	PWWP_2_exon
Gambusia_affinis	PWWP_2_exon
Ganoderma_sinense_ZZ0214-1	none
Gavia_stellata	PWWP_2_exon
Gavialis_gangeticus	none
Gelatoporia_subvermispora_B	none
Geodia_barretti	none
Geosmithia_morbida	none
Geospiza_fortis	PWWP_2_exon
Geotrichum_candidum	none
Geotrypetes_seraphini	PWWP_2_exon
Giardia_intestinalis_assemblage_B	none
Gigantopelta_aegis	PWWP_2_exon
Gigaspora_margarita	none
Gigaspora_rosea	none
Girardinichthys_multiradiatus	PWWP_2_exon
Glarea_lozoyensis_74030	none
Glareola_pratincola	PWWP_2_exon
Globicephala_melas	PWWP_2_exon
Gloeophyllum_trabeum_ATCC_11539	none
Glossina_fuscipes	none
Glycine_max	Tudor_single_exon
Glycine_soja	Tudor_single_exon
Golovinomyces_cichoracearum	none
Gonioctena_quinquepunctata	none
Gonium_pectorale	none
Gopherus_flavomarginatus	PWWP_2_exon
Gorilla_gorilla_gorilla	PWWP_2_exon
Gossypium_arboreum	Tudor_single_exon
Gossypium_barbadense	none
Gossypium_darwinii	Tudor_2_exon
Gossypium_hirsutum	Tudor_single_exon
Gossypium_raimondii	Tudor_single_exon
Gouania_willdenowi	PWWP_2_exon
Gracilaria_domingensis	none
Gracilariopsis_chorda	none
Gracilinanus_agilis	PWWP_2_exon
Grammomys_surdaster	PWWP_2_exon
Grosmannia_clavigera_kw1407	none
Grus_americana	PWWP_2_exon
Gryllus_bimaculatus	PWWP_3plus_exon
Gulo_gulo_luscus	PWWP_2_exon
Guyanagaster_necrorhizus_MCA_3950	none
Gymnodraco_acuticeps	PWWP_2_exon
Gymnorhina_tibicen	PWWP_3plus_exon
Habropoda_laboriosa	none
Halcyon_senegalensis	PWWP_2_exon
Haliotis_rufescens	PWWP_2_exon
Halotydeus_destructor	none
Halyomorpha_halys	none
Handroanthus_impetiginosus	none
Hanseniaspora_opuntiae	none
Hanseniaspora_osmophila	none
Hanseniaspora_uvarum_DSM_2768	none
Hanseniaspora_valbyensis_NRRL_Y-1626	none
Haplochromis_burtoni	PWWP_2_exon
Harpegnathos_saltator	none
Helianthus_annuus	Tudor_single_exon
Helicocarpus_griseus_UAMH5409	none
Heliocybe_sulcata	none
Heliornis_fulica	PWWP_3plus_exon
Heliosperma_pusillum	Tudor_3plus_exon
Hemibagrus_wyckioides	PWWP_2_exon
Hemiprocne_comata	PWWP_2_exon
Hericium_alpestre	none
Hermanssonia_centrifuga	none
Hermetia_illucens	none
Herrania_umbratica	Tudor_single_exon
Heterobasidion_irregulare_TC_32-1	none
Heterocephalus_glaber	PWWP_2_exon
Heterodermia_speciosa	none
Hibiscus_syriacus	Tudor_single_exon
Hibiscus_trionum	Tudor_single_exon
Himantopus_himantopus	PWWP_2_exon
Hippocampus_comes	PWWP_2_exon
Hippocampus_zosterae	PWWP_2_exon
Hippoglossus_hippoglossus	PWWP_2_exon
Hippoglossus_stenolepis	PWWP_2_exon
Hippolais_icterina	PWWP_3plus_exon
Hippopotamus_amphibius_kiboko	PWWP_2_exon
Hirschfeldia_incana	Tudor_single_exon
Hirsutella_minnesotensis_3608	none
Hirundo_rustica_rustica	PWWP_2_exon
Histoplasma_capsulatum_H88	none
Homarus_americanus	PWWP_2_exon
Homo_sapiens	PWWP_2_exon
Hyaena_hyaena	PWWP_2_exon
Hyalella_azteca	PWWP_2_exon
Hyaloraphidium_curvatum	none
Hyaloscypha_bicolor_E	none
Hyaloscypha_hepaticicola	none
Hydatigera_taeniaeformis	none
Hydractinia_symbiolongicarpus	PWWP_2_exon
Hygrophoropsis_aurantiaca	none
Hyla_sarda	PWWP_2_exon
Hylaeus_anthracinus	none
Hylobates_moloch	PWWP_2_exon
Hymenopellis_radicata	none
Hyphopichia_burtonii_NRRL_Y-1933	none
Hypocryptadius_cinnamomeus	PWWP_2_exon
Hypomesus_transpacificus	PWWP_2_exon
Hypoxylon_sp._CI-4A	none
Hypoxylon_sp._CO27-5	none
Hypoxylon_sp._EC38	none
Hypsibius_exemplaris	none
Hypsizygus_marmoreus	none
Ibidorhyncha_struthersii	PWWP_2_exon
Ichthyophthirius_multifiliis	none
Icmadophila_ericetorum	none
Ictalurus_furcatus	PWWP_2_exon
Ictalurus_punctatus	PWWP_2_exon
Ictidomys_tridecemlineatus	PWWP_2_exon
Ifrita_kowaldi	PWWP_3plus_exon
Illadopsis_cleaveri	PWWP_2_exon
Imleria_badia	none
Impatiens_glandulifera	Tudor_single_exon
Indicator_indicator	PWWP_2_exon
Infundibulicybe_gibba	none
Iphiclides_podalirius	none
Ipomoea_nil	Tudor_single_exon
Irpex_lacteus	none
Irpex_rosettiformis	none
Jacana_jacana	PWWP_3plus_exon
Jatropha_curcas	Tudor_single_exon
Juglans_regia	Tudor_single_exon
Kazachstania_africana_CBS_2517	none
Kazachstania_naganishii_CBS_8797	none
Kazachstania_unispora	none
Klebsormidium_nitens	Tudor_single_exon
Kluyveromyces_dobzhanskii_CBS_2104	none
Kluyveromyces_lactis	none
Kluyveromyces_marxianus_DMKU3-1042	none
Komagataella_pastoris	none
Kuraishia_capsulata_CBS_1993	none
Labeo_rohita	PWWP_2_exon
Laccaria_bicolor_S238N-H82	none
Lacerta_agilis	PWWP_2_exon
Lachancea_fermentati	none
Lachancea_lanzarotensis	none
Lachancea_mirantina	none
Lachancea_quebecensis	none
Lachancea_thermotolerans_CBS_6340	none
Lactarius_deliciosus	none
Lactuca_virosa	Tudor_3plus_exon
Ladona_fulva	none
Laetiporus_sulphureus_93-53	none
Lagopus_leucura	PWWP_2_exon
Lagopus_muta	PWWP_2_exon
Lamellibrachia_satsuma	PWWP_2_exon
Lamprigera_yunnana	none
Lampris_incognitus	PWWP_2_exon
Lanius_ludovicianus	PWWP_2_exon
Laodelphax_striatellus	none
Larimichthys_crocea	PWWP_2_exon
Larus_smithsonianus	none
Lasallia_pustulata	none
Lasiodiplodia_theobromae	none
Lasius_niger	none
Latimeria_chalumnae	PWWP_2_exon
Lecanicillium_fungicola	none
Leguminivora_glycinivorella	none
Leiothrix_lutea	PWWP_2_exon
Leishmania_braziliensis_MHOM/BR/75/M2904	none
Leishmania_donovani	none
Leishmania_enriettii	none
Leishmania_infantum_JPCM5	none
Leishmania_major_strain_Friedlin	none
Leishmania_mexicana_MHOM/GT/2001/U1103	none
Leishmania_panamensis	none
Lemur_catta	PWWP_2_exon
Lentinula_aff._detonsa	none
Lentinula_aff._lateritia	none
Lentinula_edodes	none
Lentinula_lateritia	none
Lentinula_novae-zelandiae	none
Lentinula_raphanica	none
Lentinus_tigrinus_ALCF2SS1-7	none
Leopardus_geoffroyi	PWWP_2_exon
Lepeophtheirus_salmonis	none
Lepidopterella_palustris_CBS_459.81	none
Lepidothrix_coronata	PWWP_2_exon
Leptopilina_boulardi	none
Leptosomus_discolor	PWWP_2_exon
Letharia_columbiana	none
Leucogyrophana_mollusca	none
Leucopsar_rothschildi	PWWP_2_exon
Limosa_lapponica_baueri	none
Limulus_polyphemus	PWWP_2_exon
Lipomyces_starkeyi_NRRL_Y-11557	none
Lipotes_vexillifer	PWWP_2_exon
Lithospermum_erythrorhizon	Tudor_single_exon
Lobaria_immixta	none
Locustella_ochotensis	PWWP_3plus_exon
Lontra_canadensis	PWWP_2_exon
Lottia_gigantea	PWWP_3plus_exon
Loxia_leucoptera	PWWP_2_exon
Lucilia_cuprina	none
Lucilia_sericata	none
Lupinus_angustifolius	Tudor_single_exon
Lutra_lutra	PWWP_2_exon
Lynx_canadensis	PWWP_2_exon
Lynx_pardinus	PWWP_2_exon
Lynx_rufus	PWWP_2_exon
Lytechinus_variegatus	PWWP_2_exon
Macaca_mulatta	PWWP_2_exon
Macaca_nemestrina	PWWP_2_exon
Macadamia_integrifolia	Tudor_single_exon
Machaerirhynchus_nigripectus	PWWP_3plus_exon
Macleaya_cordata	Tudor_single_exon
Macrophomina_phaseolina_MS6	none
Macrosteles_quadrilineatus	none
Macrostomum_lignano	PWWP_2_exon
Madurella_mycetomatis	none
Magnaporthiopsis_poae_ATCC_64411	none
Magnolia_sinica	Tudor_single_exon
Malaclemys_terrapin_pileata	PWWP_2_exon
Malania_oleifera	Tudor_single_exon
Malassezia_globosa_CBS_7966	none
Malaya_genurostris	none
Malurus_melanocephalus	PWWP_2_exon
Malus_baccata	Tudor_single_exon
Malus_sylvestris	Tudor_single_exon
Manacus_candei	PWWP_2_exon
Manacus_vitellinus	PWWP_2_exon
Manduca_sexta	none
Maniola_hyperantus	none
Marasmius_oreades	none
Marchantia_paleacea	Tudor_single_exon
Marmota_flaviventris	PWWP_2_exon
Marmota_marmota_marmota	PWWP_2_exon
Marmota_monax	PWWP_2_exon
Marssonina_coronariae	none
Mastomys_coucha	PWWP_2_exon
Mauremys_mutica	PWWP_2_exon
Megadyptes_antipodes_antipodes	PWWP_2_exon
Megalobrama_amblycephala	PWWP_2_exon
Megalops_atlanticus	PWWP_2_exon
Megalops_cyprinoides	PWWP_2_exon
Melampsora_americana	none
Melanotaenia_boesemani	PWWP_2_exon
Melastoma_candidum	Tudor_single_exon
Meleagris_gallopavo	PWWP_2_exon
Meles_meles	PWWP_2_exon
Melipona_bicolor	none
Melipona_quadrifasciata	none
Melitaea_cinxia	none
Meloidogyne_enterolobii	none
Melopsittacus_undulatus	PWWP_2_exon
Melospiza_melodia_maxima	PWWP_3plus_exon
Melozone_crissalis	PWWP_2_exon
Menura_novaehollandiae	PWWP_2_exon
Mercenaria_mercenaria	PWWP_2_exon
Mercurialis_annua	Tudor_single_exon
Meriones_unguiculatus	PWWP_2_exon
Merluccius_polli	PWWP_unknown
Merops_nubicus	PWWP_2_exon
Mesitornis_unicolor	PWWP_2_exon
Mesocricetus_auratus	PWWP_2_exon
Metarhizium_acridum_CQMa_102	none
Metarhizium_album_ARSEF_1941	none
Metarhizium_anisopliae_BRIP_53293	none
Metarhizium_brunneum_ARSEF_3297	none
Metarhizium_robertsii_ARSEF_23	none
Metschnikowia_bicuspidata	none
Metschnikowia_pulcherrima	none
Microcaecilia_unicolor	PWWP_2_exon
Microdochium_trichocladiopsis	none
Micromonas_pusilla_CCMP1545	Tudor_single_exon
Micropterus_salmoides	PWWP_2_exon
Microsporum_canis_CBS_113480	none
Microthyrium_microscopicum	none
Microtus_fortis	PWWP_2_exon
Microtus_ochrogaster	PWWP_2_exon
Microtus_oregoni	PWWP_2_exon
Miniopterus_natalensis	PWWP_2_exon
Mionectes_macconnelli	PWWP_2_exon
Mirounga_angustirostris	PWWP_2_exon
Mischocyttarus_mexicanus	none
Mizuhopecten_yessoensis	PWWP_2_exon
Moesziomyces_aphidis	none
Mollisia_scopiformis	none
Molossus_molossus	PWWP_2_exon
Molothrus_ater	PWWP_2_exon
Momordica_charantia	none
Monilinia_fructicola	none
Monilinia_fructigena	none
Monilinia_laxa	none
Monodelphis_domestica	PWWP_2_exon
Monodon_monoceros	PWWP_2_exon
Monosiga_brevicollis_MX1	none
Morchella_conica_CCBAS932	none
Morus_notabilis	Tudor_single_exon
Moschus_berezovskii	PWWP_2_exon
Motacilla_alba_alba	PWWP_3plus_exon
Mucuna_pruriens	Tudor_2_exon
Mugil_cephalus	PWWP_2_exon
Muntiacus_muntjak	PWWP_2_exon
Mus_caroli	PWWP_2_exon
Mus_musculus	PWWP_2_exon
Mus_pahari	PWWP_2_exon
Mustela_erminea	PWWP_2_exon
Mustela_putorius_furo	PWWP_2_exon
Mya_arenaria	PWWP_2_exon
Mycena_belliae	none
Mycena_crocata	none
Mycena_epipterygia	none
Mycena_haematopus	none
Mycena_maculata	none
Mycena_metata	none
Mycoblastus_sanguinarius	none
Myiozetetes_cayanensis	PWWP_2_exon
Myodes_glareolus	PWWP_2_exon
Myotis_brandtii	PWWP_2_exon
Myotis_davidii	PWWP_2_exon
Myotis_lucifugus	PWWP_2_exon
Myotis_myotis	PWWP_2_exon
Myripristis_murdjan	PWWP_2_exon
Mystacornis_crossleyi	PWWP_3plus_exon
Mytilus_edulis	none
Mytilus_galloprovincialis	none
Myxocyprinus_asiaticus	PWWP_2_exon
Naegleria_gruberi	none
Naja_naja	PWWP_3plus_exon
Nasonia_vitripennis	none
Naumovozyma_castellii_CBS_4309	none
Naumovozyma_dairenensis_CBS_421	none
Nemania_diffusa	none
Nematolebias_whitei	PWWP_2_exon
Neoantrodia_serialis	none
Neodrepanis_coruscans	PWWP_2_exon
Neofusicoccum_parvum_UCRNP2	none
Neogale_vison	PWWP_2_exon
Neolamprologus_brichardi	PWWP_2_exon
Neomonachus_schauinslandi	PWWP_2_exon
Neonectria_ditissima	none
Neopipo_cinnamomea	PWWP_2_exon
Neotoma_lepida	none
Nephila_pilipes	none
Nesidiocoris_tenuis	none
Nestor_notabilis	PWWP_2_exon
Neurospora_crassa_OR74A	none
Neurospora_tetrasperma_FGSC_2509	none
Nicator_chloris	PWWP_2_exon
Nicotiana_tomentosiformis	Tudor_single_exon
Nicrophorus_vespilloides	none
Niorma_chrysophthalma	none
Nipponia_nippon	PWWP_2_exon
Nomascus_leucogenys	PWWP_2_exon
Notechis_scutatus	PWWP_2_exon
Notiomystis_cincta	PWWP_2_exon
Numida_meleagris	PWWP_2_exon
Nyctereutes_procyonoides	PWWP_2_exon
Nyctibius_grandis	PWWP_2_exon
Nycticebus_coucang	PWWP_2_exon
Nycticryphes_semicollaris	PWWP_3plus_exon
Nylanderia_fulva	none
Nymphaea_colorata	Tudor_single_exon
Nyssa_sinensis	Tudor_single_exon
Oceanites_oceanicus	PWWP_2_exon
Ochotona_curzoniae	PWWP_2_exon
Octopus_vulgaris	PWWP_2_exon
Oenanthe_oenanthe	PWWP_2_exon
Ogataea_parapolymorpha_DL-1	none
Ogataea_philodendri	none
Ogataea_polymorpha	none
Oldenlandia_corymbosa_var._corymbosa	Tudor_2_exon
Oncorhynchus_gorbuscha	PWWP_2_exon
Oncorhynchus_kisutch	PWWP_2_exon
Oncorhynchus_tshawytscha	PWWP_2_exon
Onychomys_torridus	PWWP_2_exon
Onychostruthus_taczanowskii	PWWP_2_exon
Ooceraea_biroi	none
Ophidiomyces_ophidiicola	none
Ophiocordyceps_australis	none
Ophiocordyceps_camponoti-rufipedis	none
Ophiocordyceps_polyrhachis-furcata_BCC_54312	none
Ophiocordyceps_sinensis_CO18	none
Ophiocordyceps_unilateralis	none
Ophiophagus_hannah	PWWP_3plus_exon
Orbicella_faveolata	PWWP_2_exon
Orbilia_oligospora_ATCC_24927	none
Orchesella_cincta	PWWP_single_exon
Orcinus_orca	PWWP_2_exon
Oreocharis_arfaki	PWWP_3plus_exon
Oreochromis_aureus	PWWP_2_exon
Oreotrochilus_melanogaster	PWWP_2_exon
Oriolus_oriolus	PWWP_3plus_exon
Ornithorhynchus_anatinus	PWWP_2_exon
Orussus_abietinus	none
Oryctes_borbonicus	none
Oryctolagus_cuniculus	PWWP_2_exon
Oryza_glaberrima	Tudor_single_exon
Oryza_meyeriana_var._granulata	Tudor_single_exon
Oryzias_latipes	PWWP_2_exon
Ostreobium_quekettii	Tudor_2_exon
Ostreococcus_lucimarinus_CCE9901	none
Ostreococcus_tauri	none
Ostrinia_furnacalis	none
Otolemur_garnettii	PWWP_2_exon
Ovis_ammon_polii	PWWP_2_exon
Ovis_aries	PWWP_2_exon
Oxyruncus_cristatus	PWWP_3plus_exon
Pachycephala_philippinensis	PWWP_2_exon
Pachyramphus_minor	PWWP_2_exon
Pachysolen_tannophilus_NRRL_Y-2460	none
Paecilomyces_variotii_No._5	none
Pan_paniscus	PWWP_2_exon
Pan_troglodytes	PWWP_2_exon
Pandion_haliaetus	PWWP_2_exon
Pangasianodon_hypophthalmus	PWWP_2_exon
Panicum_hallii_var._hallii	Tudor_single_exon
Panicum_miliaceum	Tudor_single_exon
Panicum_virgatum	Tudor_single_exon
Panonychus_citri	none
Panthera_leo	PWWP_2_exon
Panthera_pardus	PWWP_2_exon
Panthera_tigris	PWWP_2_exon
Panthera_uncia	PWWP_2_exon
Panurus_biarmicus	PWWP_2_exon
Papaver_armeniacum	Tudor_2_exon
Papaver_atlanticum	Tudor_single_exon
Papaver_bracteatum	Tudor_single_exon
Papaver_somniferum	Tudor_single_exon
Papilio_polytes	none
Papilio_xuthus	none
Papio_anubis	PWWP_2_exon
Paracoccidioides_brasiliensis_Pb18	none
Paracoccidioides_lutzii_Pb01	none
Paraglomus_brasilianum	none
Paraglomus_occultum	none
Paramacrobiotus_metropolitanus	none
Parambassis_ranga	PWWP_2_exon
Paramecium_tetraurelia_strain_d4-2	none
Paramuricea_clavata	none
Pararge_aegeria_aegeria	none
Parastagonospora_nodorum_SN15	none
Pardalotus_punctatus	PWWP_2_exon
Paspalum_vaginatum	Tudor_single_exon
Passer_montanus	PWWP_2_exon
Patagioenas_fasciata_monilis	PWWP_unknown
Patella_vulgata	PWWP_3plus_exon
Paxillus_ammoniavirescens	none
Pediculus_humanus_corporis	PWWP_2_exon
Pedionomus_torquatus	PWWP_3plus_exon
Pelecanoides_urinatrix	PWWP_2_exon
Pelecanus_crispus	PWWP_3plus_exon
Pelobates_cultripes	PWWP_2_exon
Peltula_sp._TS41687	none
Penaeus_chinensis	PWWP_2_exon
Penaeus_monodon	PWWP_2_exon
Penicilliopsis_zonata_CBS_506.65	none
Penicillium_antarcticum	none
Penicillium_arizonense	none
Penicillium_brasilianum	none
Penicillium_camemberti_FM_013	none
Penicillium_citrinum	none
Penicillium_coprophilum	none
Penicillium_digitatum_Pd1	none
Penicillium_expansum	none
Penicillium_flavigenum	none
Penicillium_griseofulvum	none
Penicillium_italicum	none
Penicillium_malachiteum	none
Penicillium_nordicum	none
Penicillium_oxalicum_114-2	none
Penicillium_polonicum	none
Penicillium_roqueforti_FM164	none
Penicillium_rubens_Wisconsin_54-1255	none
Penicillium_steckii	none
Penicillium_subrubescens	none
Penicillium_verrucosum	none
Penicillium_vulpinum	none
Peniophora_sp._CBMAI_1063	none
Perca_fluviatilis	PWWP_2_exon
Perilla_frutescens_var._hirtella	Tudor_single_exon
Perkinsus_marinus_ATCC_50983	none
Perognathus_longimembris_pacificus	PWWP_2_exon
Peromyscus_californicus_insignis	PWWP_2_exon
Pestalotiopsis_fici_W106-1	none
Pezoporus_wallicus	PWWP_2_exon
Phacochoerus_africanus	PWWP_2_exon
Phaethon_lepturus	PWWP_2_exon
Phaetusa_simplex	PWWP_2_exon
Phainopepla_nitens	PWWP_2_exon
Phalaenopsis_equestris	Tudor_single_exon
Phanerochaete_carnosa_HHB-10118-sp	none
Phascolarctos_cinereus	PWWP_2_exon
Pheucticus_melanocephalus	PWWP_2_exon
Phialocephala_subalpina	none
Phlebia_brevispora	none
Phlebotomus_papatasi	none
Phlegmacium_glaucopus	none
Phoca_vitulina	PWWP_2_exon
Phodopus_roborovskii	PWWP_2_exon
Phoenix_dactylifera	none
Phrynocephalus_forsythii	PWWP_2_exon
Phrynosoma_platyrhinos	PWWP_2_exon
Phylliscum_demangeonii	none
Phyllostomus_discolor	PWWP_2_exon
Phyllotreta_striolata	none
Physeter_catodon	PWWP_2_exon
Physisporinus_lineatus	none
Phytophthora_capsici	none
Phytophthora_cinnamomi	none
Phytophthora_infestans_T30-4	none
Phytophthora_parasitica_CJ01A1	none
Phytophthora_ramorum	none
Phytophthora_sojae	none
Picathartes_gymnocephalus	PWWP_2_exon
Pichia_kudriavzevii	none
Pichia_membranifaciens_NRRL_Y-2026	none
Pieris_brassicae	none
Pieris_napi	none
Pieris_rapae	none
Piliocolobus_tephrosceles	PWWP_2_exon
Piloderma_croceum_F_1598	none
Pimephales_promelas	PWWP_2_exon
Pipistrellus_kuhlii	PWWP_2_exon
Pipra_filicauda	PWWP_2_exon
Piprites_chloris	PWWP_2_exon
Pisolithus_tinctorius_Marx_270	none
Pistacia_atlantica	Tudor_unknown
Pistacia_integerrima	Tudor_single_exon
Pistacia_vera	Tudor_single_exon
Pitangus_sulphuratus	none
Pitta_sordida	PWWP_2_exon
Plakobranchus_ocellatus	PWWP_2_exon
Plasmodiophora_brassicae	none
Plasmodium_brasilianum	none
Plasmodium_coatneyi	none
Plasmodium_cynomolgi_strain_B	none
Plasmodium_falciparum_HB3	none
Plasmodium_fragile	none
Plasmodium_gaboni	none
Plasmodium_gallinaceum	none
Plasmodium_gonderi	none
Plasmodium_inui_San_Antonio_1	none
Plasmodium_knowlesi_strain_H	none
Plasmodium_malariae	none
Plasmodium_ovale	none
Plasmodium_reichenowi	none
Plasmodium_sp._DRC-Itaito	none
Plasmodium_vinckei	none
Plasmodium_vivax_India_VII	none
Plasmodium_yoelii	none
Platysternon_megacephalum	PWWP_2_exon
Pleopsidium_flavum	none
Pleuronectes_platessa	PWWP_2_exon
Pleurotus_eryngii	none
Pleurotus_ostreatus_PC15	none
Pleurotus_pulmonarius	none
Pluteus_cervinus	none
Pluvianellus_socialis	PWWP_2_exon
Pneumocystis_carinii_B80	none
Pneumocystis_jirovecii_RU7	none
Pneumocystis_murina_B123	none
Pochonia_chlamydosporia_170	none
Pocillopora_damicornis	PWWP_2_exon
Podargus_strigoides	PWWP_2_exon
Podilymbus_podiceps	PWWP_2_exon
Podosphaera_aphanis	none
Podospora_comata	none
Poecilia_formosa	PWWP_2_exon
Poecilia_latipinna	PWWP_2_exon
Poecilia_mexicana	PWWP_2_exon
Poeciliopsis_prolifica	PWWP_2_exon
Pogonophryne_albipinna	PWWP_2_exon
Polyodon_spathula	PWWP_2_exon
Polyporus_brumalis	none
Polypterus_senegalus	PWWP_2_exon
Polytolypa_hystricis_UAMH7299	none
Pomacea_canaliculata	PWWP_2_exon
Populus_alba	Tudor_single_exon
Populus_euphratica	Tudor_single_exon
Populus_trichocarpa	Tudor_single_exon
Porites_lobata	PWWP_2_exon
Porphyra_umbilicalis	none
Porphyridium_purpureum	none
Portunus_trituberculatus	PWWP_2_exon
Postia_placenta_MAD-698-R-SB12	none
Potentilla_anserina	Tudor_single_exon
Priapulus_caudatus	PWWP_2_exon
Prionailurus_bengalensis	PWWP_2_exon
Probosciger_aterrimus	PWWP_2_exon
Prochilodus_magdalenae	PWWP_2_exon
Promerops_cafer	PWWP_2_exon
Protea_cynaroides	Tudor_single_exon
Protomyces_lactucae-debilis	none
Prunella_fulvescens	PWWP_2_exon
Prunus_avium	Tudor_single_exon
Prunus_dulcis	Tudor_single_exon
Prunus_mume	Tudor_single_exon
Prunus_yedoensis_var._nudiflora	Tudor_single_exon
Psammomys_obesus	PWWP_2_exon
Pseudo-nitzschia_multistriata	Tudor_unknown
Pseudocercospora_eumusae	none
Pseudocercospora_fijiensis_CIRAD86	none
Pseudocercospora_musae	none
Pseudocohnilembus_persalinus	none
Pseudocyphellaria_aurata	none
Pseudogymnoascus_destructans_20631-21	none
Pseudogymnoascus_sp._03VT05	none
Pseudogymnoascus_sp._05NY08	none
Pseudogymnoascus_sp._23342-1-I1	none
Pseudogymnoascus_sp._24MN13	none
Pseudogymnoascus_sp._VKM_F-103	none
Pseudogymnoascus_sp._VKM_F-3557	none
Pseudogymnoascus_sp._VKM_F-3808	none
Pseudogymnoascus_sp._VKM_F-4246	none
Pseudogymnoascus_sp._WSF_3629	none
Pseudomassariella_vexata	none
Pseudomyrmex_gracilis	none
Pseudonaja_textilis	PWWP_2_exon
Pseudozyma_flocculosa_PF-1	none
Psidium_guajava	Tudor_single_exon
Psilopogon_haemacephalus	PWWP_2_exon
Psophia_crepitans	PWWP_2_exon
Pteronotus_parnellii_mesoamericanus	PWWP_2_exon
Pteropus_alecto	PWWP_2_exon
Pteropus_giganteus	PWWP_2_exon
Pteropus_vampyrus	PWWP_2_exon
Pteruthius_melanotis	PWWP_2_exon
Ptilonorhynchus_violaceus	PWWP_3plus_exon
Puma_concolor	PWWP_2_exon
Puma_yagouaroundi	PWWP_2_exon
Punctularia_strigosozonata_HHB-11173_SS5	none
Punica_granatum	Tudor_single_exon
Puntigrus_tetrazona	PWWP_2_exon
Pycnonotus_jocosus	PWWP_2_exon
Pygoscelis_adeliae	PWWP_3plus_exon
Pygoscelis_antarcticus	PWWP_2_exon
Pyrenochaeta_sp._DS3sAY3a	none
Pyrgilauda_ruficollis	PWWP_2_exon
Pyricularia_grisea	none
Pyricularia_oryzae_70-15	none
Pyricularia_pennisetigena	none
Pyrus_x_bretschneideri	Tudor_single_exon
Python_bivittatus	none
Quercus_lobata	Tudor_single_exon
Quercus_robur	Tudor_single_exon
Quercus_suber	Tudor_3plus_exon
Quiscalus_mexicanus	PWWP_3plus_exon
Ramalina_farinacea	none
Ramaria_rubella	none
Ramphastos_sulfuratus	PWWP_2_exon
Ranitomeya_imitator	PWWP_2_exon
Rasamsonia_emersonii_CBS_393.64	none
Rattus_norvegicus	PWWP_2_exon
Regulus_satrapa	PWWP_2_exon
Reticulomyxa_filosa	none
Rhabdornis_inornatus	PWWP_2_exon
Rhadina_sibilatrix	PWWP_2_exon
Rhagoletis_pomonella	none
Rhinatrema_bivittatum	PWWP_2_exon
Rhinocladiella_mackenziei_CBS_650.93	none
Rhinolophus_ferrumequinum	PWWP_2_exon
Rhinopithecus_bieti	PWWP_2_exon
Rhipicephalus_sanguineus	PWWP_2_exon
Rhipidura_dahli	PWWP_2_exon
Rhizophagus_clarus	none
Rhizophagus_sp._MUCL_43196	none
Rhizophlyctis_rosea	none
Rhizopus_stolonifer	none
Rhodocollybia_butyracea	none
Rhododendron_vialii	Tudor_single_exon
Rhododendron_williamsianum	Tudor_single_exon
Rhodofomes_roseus	none
Rhopalosiphum_maidis	none
Rhynchophorus_ferrugineus	none
Rhynchosporium_agropyri	none
Rhynchosporium_commune	none
Ricinus_communis	Tudor_single_exon
Rissa_tridactyla	PWWP_2_exon
Rosa_chinensis	Tudor_single_exon
Rosellinia_necatrix	none
Rostratula_benghalensis	PWWP_2_exon
Rousettus_aegyptiacus	PWWP_2_exon
Rozella_allomycis_CSF55	none
Russula_aff._rugulosa_BPL654	none
Rutstroemia_sp._NJR-2017a_BBW	none
Rutstroemia_sp._NJR-2017a_BVV2	none
Rutstroemia_sp._NJR-2017a_WRK4	none
Sabethes_cyaneus	none
Saccharomyces_cerevisiae_YJM1342	none
Saccharomyces_kudriavzevii_IFO_1802	none
Saccharomyces_mikatae_IFO_1815	none
Saccharomyces_paradoxus	none
Saccharomyces_uvarum	none
Sagittarius_serpentarius	PWWP_3plus_exon
Saitoella_complicata_NRRL_Y-17804	none
Sakesphorus_luctuosus	PWWP_3plus_exon
Salarias_fasciatus	PWWP_2_exon
Salix_dunnii	Tudor_single_exon
Salix_udensis	Tudor_single_exon
Salpingoeca_rosetta	none
Salvelinus_namaycush	PWWP_2_exon
Salvia_miltiorrhiza	Tudor_single_exon
Salvia_splendens	Tudor_single_exon
Sander_lucioperca	PWWP_2_exon
Sapajus_apella	PWWP_2_exon
Sapayoa_aenigma	PWWP_3plus_exon
Saprolegnia_parasitica_CBS_223.65	none
Sarcophilus_harrisii	PWWP_2_exon
Scaptodrosophila_lebanonensis	none
Scatophagus_argus	PWWP_2_exon
Scedosporium_apiospermum	none
Sceloporus_undulatus	PWWP_2_exon
Scheffersomyces_stipitis_CBS_6054	none
Schistosoma_japonicum	none
Schizophyllum_commune_H4-8	none
Schizosaccharomyces_cryophilus_OY26	none
Schizosaccharomyces_japonicus_yFS275	none
Schizosaccharomyces_octosporus_yFS286	none
Schizosaccharomyces_pombe	none
Sciurus_carolinensis	PWWP_2_exon
Scleroderma_citrinum_Foug_A	none
Sclerophora_amabilis	none
Sclerotinia_borealis_F-4128	none
Sclerotinia_sclerotiorum_1980_UF-70	none
Sclerurus_mexicanus	PWWP_3plus_exon
Scomber_japonicus	PWWP_2_exon
Scopus_umbretta	PWWP_2_exon
Scytalidium_lignicola	none
Scytalopus_superciliaris	PWWP_2_exon
Sebastes_umbrosus	PWWP_2_exon
Seirophora_lacunosa	none
Selaginella_moellendorffii	none
Semnornis_frantzii	PWWP_single_exon
Serendipita_indica_DSM_11827	none
Serendipita_vermifera_MAFF_305830	none
Serilophus_lunatus	PWWP_3plus_exon
Serinus_canaria	PWWP_2_exon
Seriola_lalandi_dorsalis	PWWP_2_exon
Serpula_lacrymans_var._lacrymans_S7.3	none
Sesamum_indicum	Tudor_single_exon
Setaria_viridis	Tudor_single_exon
Setophaga_kirtlandii	PWWP_2_exon
Shorea_leprosula	Tudor_2_exon
Silurus_asotus	PWWP_3plus_exon
Simochromis_diagramma	PWWP_2_exon
Sinapis_alba	Tudor_3plus_exon
Siniperca_chuatsi	PWWP_2_exon
Sinocyclocheilus_anshuiensis	PWWP_2_exon
Sinocyclocheilus_rhinocerous	PWWP_2_exon
Sinosuthora_webbiana	PWWP_3plus_exon
Sipha_flava	none
Siphonaria_sp._JEL0065	none
Sitophilus_oryzae	none
Sitta_europaea	PWWP_2_exon
Sodiomyces_alkalinus_F11	none
Solanum_chilense	Tudor_single_exon
Solanum_commersonii	Tudor_single_exon
Solanum_dulcamara	Tudor_single_exon
Solanum_lycopersicum	Tudor_single_exon
Solanum_pennellii	Tudor_single_exon
Solanum_tuberosum	Tudor_single_exon
Solanum_verrucosum	Tudor_single_exon
Solea_senegalensis	PWWP_2_exon
Solea_solea	PWWP_2_exon
Solenopsis_invicta	none
Sordaria_macrospora	none
Sorex_araneus	PWWP_2_exon
Sorex_cinereus	PWWP_2_exon
Sousa_chinensis	PWWP_single_exon
Sparassis_crispa	none
Spathaspora_passalidarum_NRRL_Y-27907	none
Spatholobus_suberectus	Tudor_single_exon
Sphaceloma_murrayae	none
Sphaeramia_orbicularis	PWWP_2_exon
Sphaerodactylus_townsendi	PWWP_2_exon
Sphaerulina_musiva_SO2202	none
Spheniscus_demersus	PWWP_2_exon
Spheniscus_humboldti	PWWP_2_exon
Spheniscus_mendiculus	PWWP_2_exon
Spinacia_oleracea	Tudor_single_exon
Spirodela_intermedia	Tudor_3plus_exon
Spiromyces_aspiralis	none
Spodoptera_litura	none
Sporisorium_scitamineum	none
Sporothrix_brasiliensis_5110	none
Sporothrix_schenckii_ATCC_58251	none
Stachybotrys_chartarum_IBT_40293	none
Stagonospora_sp._SRC1lsM3a	none
Steatornis_caripensis	PWWP_single_exon
Stegastes_partitus	PWWP_2_exon
Stegodyphus_dumicola	none
Stercorarius_parasiticus	PWWP_2_exon
Stereum_hirsutum_FP-91666_SS1	none
Sticta_canariensis	none
Stictis_urceolata	none
Streblomastix_strix	none
Striga_asiatica	Tudor_2_exon
Strigops_habroptila	PWWP_2_exon
Stromatinia_cepivora	none
Strongylocentrotus_purpuratus	PWWP_2_exon
Struthidea_cinerea	PWWP_3plus_exon
Sturnira_hondurensis	PWWP_2_exon
Sturnus_vulgaris	PWWP_2_exon
Stylonychia_lemnae	none
Stylophora_pistillata	PWWP_2_exon
Sugiyamaella_lignohabitans	none
Suhomyces_tanzawaensis_NRRL_Y-17324	none
Suillus_spraguei	none
Suncus_etruscus	PWWP_2_exon
Suricata_suricatta	PWWP_2_exon
Sus_scrofa	PWWP_2_exon
Sylvia_borin	PWWP_2_exon
Symbiodinium_microadriaticum	none
Synaphobranchus_kaupii	PWWP_2_exon
Synchiropus_splendidus	PWWP_2_exon
Syngnathus_scovelli	PWWP_2_exon
Syzygium_grande	Tudor_single_exon
Syzygium_oleosum	Tudor_single_exon
Tachysurus_fulvidraco	PWWP_2_exon
Taenia_asiatica	none
Takifugu_flavidus	PWWP_2_exon
Takifugu_rubripes	PWWP_2_exon
Talaromyces_amestolkiae	none
Talaromyces_atroroseus	none
Talaromyces_islandicus	none
Talaromyces_marneffei_ATCC_18224	none
Talaromyces_pinophilus	none
Talaromyces_stipitatus_ATCC_10500	none
Talaromyces_verruculosus	none
Talpa_occidentalis	PWWP_2_exon
Tanacetum_coccineum	Tudor_single_exon
Tarenaya_hassleriana	Tudor_single_exon
Tauraco_erythrolophus	PWWP_2_exon
Teleopsis_dalmanni	none
Telopea_speciosissima	Tudor_single_exon
Temnothorax_curvispinosus	none
Temnothorax_longispinosus	none
Termitomyces_sp._J132	none
Terrapene_carolina_triunguis	PWWP_2_exon
Tetrahymena_thermophila_SB210	none
Tetranychus_urticae	none
Tetrapisispora_blattae_CBS_6284	none
Tetrapisispora_phaffii_CBS_4417	none
Thalassarche_chlororhynchos	PWWP_3plus_exon
Thalassiosira_oceanica	Tudor_2_exon
Thalassiosira_pseudonana_CCMP1335	none
Thalassophryne_amazonica	PWWP_2_exon
Thalictrum_thalictroides	Tudor_2_exon
Thelephora_ganbajun	none
Thelotrema_lepadinum	none
Theobroma_cacao	Tudor_single_exon
Thermochaetoides_thermophila_DSM_1495	none
Thermothelomyces_thermophilus_ATCC_42464	none
Thermothielavioides_terrestris_NRRL_8126	none
Thielaviopsis_punctulata	none
Thinocorus_orbignyianus	PWWP_2_exon
Thraustotheca_clavata	none
Thrips_palmi	PWWP_2_exon
Thryothorus_ludovicianus	PWWP_3plus_exon
Thunnus_albacares	PWWP_2_exon
Thunnus_maccoyii	PWWP_2_exon
Tichodroma_muraria	PWWP_2_exon
Timema_podura	none
Tinamus_guttatus	PWWP_unknown
Toensbergia_leucococca	none
Tolypocladium_capitatum	none
Tolypocladium_ophioglossoides_CBS_100239	none
Tolypocladium_paradoxum	none
Tortispora_caseinolytica_NRRL_Y-17796	none
Torulaspora_delbrueckii	none
Toxocara_canis	none
Toxoplasma_gondii_ARI	none
Toxostoma_redivivum	PWWP_2_exon
Toxotes_jaculatrix	PWWP_2_exon
Trachemys_scripta_elegans	PWWP_2_exon
Trachymyrmex_cornetzi	none
Trachymyrmex_septentrionalis	none
Trachymyrmex_zeteki	none
Trachypithecus_francoisi	PWWP_2_exon
Trametes_cingulata	none
Trametes_cinnabarina	none
Trametes_coccinea_BRFM310	none
Trametes_cubensis	none
Trametes_gibbosa	none
Trametes_meyenii	none
Trametes_pubescens	none
Trametes_versicolor_FP-101664_SS1	none
Trapelia_coarctata	none
Trema_orientale	Tudor_single_exon
Trematomus_bernacchii	PWWP_2_exon
Tremella_mesenterica_DSM_1558	none
Tribonema_minus	Tudor_single_exon
Trichechus_manatus_latirostris	PWWP_2_exon
Trichoderma_arundinaceum	none
Trichoderma_asperellum_CBS_433.97	none
Trichoderma_atroviride_IMI_206040	none
Trichoderma_citrinoviride	none
Trichoderma_gamsii	none
Trichoderma_guizhouense	none
Trichoderma_harzianum_CBS_226.95	none
Trichoderma_longibrachiatum_ATCC_18648	none
Trichoderma_parareesei	none
Trichoderma_reesei_QM6a	none
Trichoderma_virens_FT-333	none
Trichogramma_pretiosum	none
Tricholaema_leucomelas	PWWP_2_exon
Tricholoma_matsutake_945	none
Trichomonas_vaginalis_G3	none
Trichonephila_clavata	none
Trichonephila_clavipes	none
Trichonephila_inaurata_madagascariensis	none
Trichophyton_benhamiae_CBS_112371	none
Trichophyton_interdigitale_MR816	none
Trichophyton_mentagrophytes	none
Trichophyton_rubrum_MR1448	none
Trichophyton_soudanense_CBS_452.61	none
Trichophyton_verrucosum_HKI_0517	none
Trichophyton_violaceum	none
Trichoplusia_ni	none
Trichuris_trichiura	none
Trifolium_pratense	Tudor_single_exon
Trifolium_subterraneum	Tudor_2_exon
Trinorchestia_longiramus	PWWP_2_exon
Triplophysa_rosa	PWWP_2_exon
Tripterygium_wilfordii	Tudor_single_exon
Trogon_melanurus	none
Trypanosoma_brucei_equiperdum	none
Trypanosoma_cruzi_cruzi	none
Tuber_borchii	none
Tuber_indicum	none
Tuber_magnatum	none
Tuber_melanosporum	none
Tupaia_chinensis	PWWP_2_exon
Turnix_velox	PWWP_2_exon
Tursiops_truncatus	PWWP_2_exon
Tympanuchus_pallidicinctus	PWWP_2_exon
Tyrophagus_putrescentiae	none
Tyto_alba	PWWP_2_exon
Uloborus_diversus	none
Umbilicaria_vellea	none
Uncinocarpus_reesii_1704	none
Upupa_epops	PWWP_3plus_exon
Urocitellus_parryii	PWWP_2_exon
Urocolius_indicus	PWWP_2_exon
Ursus_arctos_horribilis	PWWP_2_exon
Ursus_maritimus	PWWP_2_exon
Usnochroma_carphineum	none
Ustilaginoidea_virens	none
Ustulina_deusta	none
Valsa_mali	none
Valsa_malicola	none
Valsa_sordida	none
Vanderwaltozyma_polyspora_DSM_70294	none
Vanrija_humicola	none
Varanus_komodoensis	PWWP_2_exon
Varroa_destructor	none
Venturia_inaequalis	none
Venustampulla_echinocandica	none
Verruconis_gallopava	none
Verticillium_alfalfae_VaMs.102	none
Verticillium_dahliae_VdLs.17	none
Verticillium_nonalfalfae	none
Vidua_chalybeata	PWWP_2_exon
Vidua_macroura	PWWP_2_exon
Vigna_angularis	Tudor_single_exon
Vigna_radiata_var._radiata	Tudor_single_exon
Vigna_umbellata	none
Vigna_unguiculata	Tudor_single_exon
Vireo_altiloquus	PWWP_2_exon
Vitis_vinifera	Tudor_single_exon
Vollenhovia_emeryi	none
Volvariella_volvacea_WC_439	none
Volvox_africanus	none
Volvox_carteri_f._nagariensis	none
Vombatus_ursinus	PWWP_2_exon
Wasmannia_auropunctata	none
Wickerhamomyces_anomalus_NRRL_Y-366-8	none
Willisornis_vidua	PWWP_2_exon
Wolfiporia_cocos_MD-104_SS10	none
Wyeomyia_smithii	none
Xanthoria_aureola	none
Xenopus_laevis	PWWP_2_exon
Xiphophorus_hellerii	PWWP_2_exon
Xiphophorus_maculatus	PWWP_2_exon
Xylaria_acuta	none
Xylaria_hypoxylon	none
Xylaria_longipes	none
Xylaria_polymorpha	none
Xyrauchen_texanus	PWWP_2_exon
Yamadazyma_tenuis_ATCC_10573	none
Yarrowia_lipolytica_CLIB122	none
Zalophus_californianus	PWWP_2_exon
Zaprionus_bogoriensis	none
Zasmidium_cellare_ATCC_36951	none
Zea_mays	Tudor_single_exon
Zerene_cesonia	none
Zeugodacus_cucurbitae	none
Zootermopsis_nevadensis	PWWP_2_exon
Zostera_marina	Tudor_single_exon
Zygosaccharomyces_bailii_ISA1307	none
Zygosaccharomyces_rouxii	none
Zygotorulaspora_mrakii	none
Zymoseptoria_brevis	none
Zymoseptoria_tritici_IPO323	none
